AssetID,GSP Grouping / Default Order,Map / License Area,Substation,Upstream GSP,Upstream BSP,Substation Type,Voltage (kV),Location Latitude,Location Longitude,Grid Reference,Substation Comment,LTDS CIM Nodes,Transformer Nameplate Ratings,Single Transformer Site,Maximum Observed Gross Demand (MVA),Minimum Observed Gross Demand (MVA),Contracted Demand Excl BESS (MVA),Contracted BESS Demand (MVA),Estimated Demand Headroom (MVA),Substation Demand RAG Status,Demand Constraint,TIA Threshold,Connected Generation (MW),Contracted Generation (MW),Technical Limits Agreed at GSP,Estimated Generation Headroom (MW),3-Phase Break Fault Rating (kA),3-Phase Break Fault Level (kA),Substation Generation RAG Status,Generation Constraint,Upstream Reinforcement Works,Upstream Reinforcement Completion Date,Substation Reinforcement Works,Substation Reinforcement Completion Date
E - AMEM - 01,E - AMEM - 01,England / SEPD,Amersham GSP,N/A,N/A,GSP,400 / 132,51.665161,-0.65571955,SU 93070 97120,"Any available capacity at Amersham GSP is shared with another DNO - UKPN
Maximum and minimum demand figures listed account only for SSEN's network","10410, 10411",2 X 240MVA (Shared with UKPN),No,52.49,14.20,15.51,0.00,N/A,Red,Substation Thermal Capacity,5MW,41.33,1.00,No,N/A,40.00,9.06,Red,Substation Thermal Capacity,"Transmission works:
Add a 3rd 240MVA transformer",Sep-26,,
E - AMEM - 02,E - AMEM - 02,England / SEPD,Loudwater BSP,Amersham GSP,N/A,BSP,132 / 33,51.612766,-0.69230578,SU 90644 91247,,"18530, 18529",2 x 45 / 90MVA,No,49.87,13.87,15.51,0.00,0.00,Red,Upstream Thermal Capacity,5MW,40.00,1.00,No,0.00,17.50,12.06,Red,Upstream Thermal Capacity,,,,
E - AMEM - 03,E - AMEM - 03,England / SEPD,Bowerdean Primary,Amersham GSP,Loudwater BSP,Primary,33 / 11,51.636897,-0.73389355,SU 87718 93880,,85857,2 x 20MVA,No,19.20,3.38,5.39,0.00,0.00,Red,Substation Thermal Capacity & Upstream Thermal Capacity,5MW,0.00,0.00,No,0.00,13.10,11.08,Red,Upstream Thermal Capacity,,,,
E - AMEM - 04,E - AMEM - 04,England / SEPD,Flackwell Heath Primary,Amersham GSP,Loudwater BSP,Primary,33 / 11,51.595422,-0.69247181,SU 90667 89318,,85874,2 x 15 / 30MVA,No,10.96,1.58,3.03,0.00,0.00,Red,Upstream Thermal Capacity,5MW,1.33,0.00,No,0.00,25.00,8.63,Red,Upstream Thermal Capacity,,,,
E - AMEM - 05,E - AMEM - 05,England / SEPD,Well End Primary,Amersham GSP,Loudwater BSP,Primary,33 / 11,51.583531,-0.7239315,SU 88511 87957,,85868,2 x 15 / 30MVA,No,14.90,3.62,2.65,0.00,0.00,Red,Upstream Thermal Capacity,5MW,0.00,1.00,No,0.00,13.10,9.04,Red,Upstream Thermal Capacity,,,,
E - AMEM - 06,E - AMEM - 06,England / SEPD,Wycombe Marsh Primary,Amersham GSP,Loudwater BSP,Primary,33 / 11,51.618469,-0.72192637,SU 88582 91845,,85864,2 x 12 / 24MVA,No,8.53,1.69,4.44,0.00,0.00,Red,Upstream Thermal Capacity,5MW,0.00,0.00,No,0.00,25.00,8.62,Red,Upstream Thermal Capacity,,,,
E - AXMI - 01,E - AXMI - 01,England / SEPD,Axminster GSP,N/A,N/A,GSP,400 / 132,50.786835,-2.9216119,SY 35130 98990,"Any available capacity at Axminster GSP is shared with another DNO - NGED
Maximum and minimum demand figures listed account only for SSEN's network","15433, 15434, 15435",2 x 240MVA (Shared with NGED),No,97.47,20.20,64.51,143.61,N/A,Green,,5MW,127.38,310.78,Yes,N/A,31.50,9.95,Red,Substation Thermal Capacity,,,,
E - AXMI - 02,E - AXMI - 02,England / SEPD,Yeovil BSP,Axminster GSP,N/A,BSP,132 / 33,50.94991,-2.605157,ST 57586 16894,,"13116, 13117, 13118, 13119, 15134, 26430",2 x 30 / 60MVA + 1 x 45 / 90MVA,No,97.47,20.20,64.51,12.00,16.94,Green,,5MW,92.38,85.98,Yes,0.00,25.00,16.39,Red,Substation Thermal Capacity & Upstream Thermal Capacity,"Reinforce oil filled cable sections of the Axminster GSP to Yeovil BSP 132kV circuits (Dec-28)

Install a 3rd 132kV circuit between Axminster GSP and Yeovil BSP",May-31,Replace both transformers with 90MVA units,May-31
E - AXMI - 03,E - AXMI - 03,England / SEPD,Castle Cary Primary,Axminster GSP,Yeovil BSP,Primary,33 / 11,51.07757,-2.5076407,ST 64534 31039,,89938,2 x 7.5 / 15MVA,No,5.87,1.24,2.49,0.00,6.81,Green,,5MW,1.25,0.00,Yes,0.00,25.00,4.94,Red,Upstream Thermal Capacity,,,,
E - AXMI - 04,E - AXMI - 04,England / SEPD,Chilton Cantello Primary,Axminster GSP,Yeovil BSP,Primary,33 / 11,50.992393,-2.601093,ST 57910 21616,,89931,2 x 7.5 / 15MVA,No,8.78,1.39,4.61,0.00,7.15,Green,,5MW,0.00,0.00,Yes,0.00,20.00,8.30,Red,Upstream Thermal Capacity,,,,
E - AXMI - 05,E - AXMI - 05,England / SEPD,Henstridge Primary,Axminster GSP,Yeovil BSP,Primary,33 / 11,50.972128,-2.3905287,ST 72676 19263,,89519,2 x 12 / 24MVA,No,8.84,1.27,5.79,0.00,13.55,Green,,5MW,5.94,0.00,Yes,0.00,25.00,4.91,Red,Upstream Thermal Capacity,,,,
E - AXMI - 06,E - AXMI - 06,England / SEPD,Larkhill Primary,Axminster GSP,Yeovil BSP,Primary,33 / 11,50.949788,-2.6608023,ST 53677 16914,,89929,2 x 15 / 30MVA,No,9.63,2.23,8.87,0.00,12.27,Green,,5MW,0.00,0.00,Yes,0.00,25.00,10.31,Red,Upstream Thermal Capacity,,,,
E - AXMI - 07,E - AXMI - 07,England / SEPD,Milborne Port Primary,Axminster GSP,Yeovil BSP,Primary,33 / 11,50.97618,-2.4581769,ST 67929 19741,,89927,1 x 5MVA,Yes,3.91,0.56,0.35,0.00,2.14,Green,,5MW,4.00,0.00,Yes,0.00,25.00,2.49,Red,Upstream Thermal Capacity,,,,
E - AXMI - 08,E - AXMI - 08,England / SEPD,Pulham Primary,Axminster GSP,Yeovil BSP,Primary,33 / 11,50.883844,-2.405384,ST 71579 09451,,89924,2 x 8MVA,No,4.03,0.58,0.47,0.00,6.11,Green,,5MW,0.19,0.00,Yes,0.00,13.10,4.50,Red,Upstream Thermal Capacity,,,,
E - AXMI - 09,E - AXMI - 09,England / SEPD,Sherborne Primary,Axminster GSP,Yeovil BSP,Primary,33 / 11,50.961757,-2.5142939,ST 63978 18163,,89926,2 x 7.5 / 15MVA,No,8.01,1.76,1.36,0.00,5.36,Green,,5MW,0.19,0.00,Yes,0.00,25.00,7.30,Red,Upstream Thermal Capacity,,,,
E - AXMI - 10,E - AXMI - 10,England / SEPD,Sparkford Primary,Axminster GSP,Yeovil BSP,Primary,33 / 11,51.027483,-2.560808,ST 60767 25496,,15106,2 x 5MVA,No,3.88,0.82,0.76,0.00,2.18,Green,,5MW,0.00,0.00,Yes,0.00,13.10,6.86,Red,Upstream Thermal Capacity,,,,
E - AXMI - 11,E - AXMI - 11,England / SEPD,West Hendford Primary,Axminster GSP,Yeovil BSP,Primary,33 / 11,50.936657,-2.6417877,ST 55000 15442,,89939,3 x 15 / 30MVA,No,17.76,3.07,12.90,0.00,16.94,Green,,5MW,0.00,0.00,Yes,0.00,13.10,13.88,Red,Upstream Thermal Capacity & Substation Fault Level,,,,
E - AXMI - 12,E - AXMI - 12,England / SEPD,Yeovil Primary,Axminster GSP,Yeovil BSP,Primary,33 / 11,50.949369,-2.6036695,ST 57690 16833,,15102,2 x 15 / 30MVA,No,25.46,3.67,7.19,0.00,5.88,Green,,5MW,15.21,0.00,Yes,0.00,13.10,14.55,Red,Upstream Thermal Capacity & Substation Fault Level,,,Replace the 11kV board with 25kA break / 62.5kA make switchgear,Dec-26
E - AXMI - 13,E - AXMI - 13,England / SEPD,Yetminster Primary,Axminster GSP,Yeovil BSP,Primary,33 / 11,50.889965,-2.5658791,ST 60294 10206,,89925,2 x 7.5 / 12MVA,No,6.67,1.22,0.72,0.00,8.23,Green,,5MW,0.82,0.20,Yes,0.00,25.00,7.78,Red,Upstream Thermal Capacity,,,,
E - BOTW - 01,E - BOTW - 01,England / SEPD,Botley Wood GSP,N/A,N/A,GSP,400 / 132,50.884718,-1.2327295,SU 54070 09750,,"12210, 12211",2 x 240MVA,No,142.14,21.76,37.07,265.83,N/A,Green,,5MW,104.36,439.09,Yes,N/A,40.00,10.07,Red,Substation Thermal Capacity,,,,
E - BOTW - 02,E - BOTW - 02,England / SEPD,Botley Wood BSP,Botley Wood GSP,N/A,BSP,132 / 33,50.884798,-1.2326856,SU 54073 09759,,"12230, 13425",2 x 45 / 90MVA,No,33.09,5.90,20.31,67.53,71.60,Green,,5MW,68.90,77.99,Yes,0.00,25.00,13.42,Red,Substation Thermal Capacity & Upstream Thermal Capacity,,,,
E - BOTW - 03,E - BOTW - 03,England / SEPD,Netley Common BSP,Botley Wood GSP,N/A,BSP,132 / 33,50.905547,-1.3249877,SU 47559 12003,,"13522, 13523, 13524",1 x 60 / 90MVA + 1 x 65 / 90MVA,No,99.07,22.94,16.77,12.50,7.46,Amber,Substation Thermal Capacity,5MW,33.74,38.42,Yes,0.00,25.00,12.56,Red,Upstream Thermal Capacity,,,"Add a 3rd 90MVA transformer (Aug-26)

Replace the 33kV board with 31.5kA break / 78.8kA make switchgear",Dec-28
E - BOTW - 04,E - BOTW - 04,England / SEPD,Park Gate Primary,Botley Wood GSP,Botley Wood BSP,Primary,33 / 11,50.871557,-1.2713317,SU 51369 08259,,87618,2 x 15 / 30MVA,No,11.12,2.41,3.29,0.00,17.04,Green,,5MW,0.00,0.00,Yes,0.00,13.10,8.64,Red,Upstream Thermal Capacity,,,,
E - BOTW - 05,E - BOTW - 05,England / SEPD,Whitely Primary,Botley Wood GSP,Botley Wood BSP,Primary,33 / 11,50.876226,-1.2489868,SU 52936 08794,,87612,2 x 15 / 30MVA,No,18.00,4.49,17.02,0.00,0.37,Red,Substation Thermal Capacity,5MW,0.00,1.00,Yes,0.00,25.00,10.36,Red,Upstream Thermal Capacity,,,Replace both transformers with 20 / 40MVA units,Sep-27
E - BOTW - 06,E - BOTW - 06,England / SEPD,Bishops Waltham Primary,Botley Wood GSP,Netley Common BSP,Primary,33 / 11,50.946805,-1.1943989,SU 56691 16683,,88189,2 x 12 / 24MVA,No,15.63,2.25,2.20,0.00,7.32,Green,,5MW,0.33,0.00,Yes,0.00,20.00,8.13,Red,Upstream Thermal Capacity,Reinforce the 33kV circuits between Netley Common BSP and Bishops Waltham Primary,Dec-28,Replace both transformers with 20 / 40MVA units,Dec-28
E - BOTW - 07,E - BOTW - 07,England / SEPD,Bitterne Primary,Botley Wood GSP,Netley Common BSP,Primary,33 / 11,50.915445,-1.3595965,SU 45116 13082,,88194,2 x 10MVA,No,9.33,1.88,0.50,0.00,3.40,Green,,5MW,0.00,0.00,Yes,0.00,25.00,8.85,Red,Upstream Thermal Capacity,Establish a new 33kV switchboard at Bitterne Primary,Jun-28,,
E - BOTW - 08,E - BOTW - 08,England / SEPD,Hamble Primary,Botley Wood GSP,Netley Common BSP,Primary,33 / 11,50.876708,-1.3280906,SU 47370 08794,,88255,2 x 15 / 30MVA,No,16.62,5.95,0.97,0.00,7.46,Green,,5MW,0.00,0.00,Yes,0.00,20.00,8.85,Red,Upstream Thermal Capacity,,,,
E - BOTW - 09,E - BOTW - 09,England / SEPD,Netley Common Primary,Botley Wood GSP,Netley Common BSP,Primary,33 / 11,50.905741,-1.3241885,SU 47615 12025,,88197,2 x 15 / 30MVA,No,26.03,6.65,7.12,0.00,0.00,Red,Substation Thermal Capacity,5MW,0.13,0.00,Yes,0.00,25.00,10.10,Red,Upstream Thermal Capacity,,,Replace both transformers with 20 / 40MVA units,Apr-27
E - BOTW - 10,E - BOTW - 10,England / SEPD,Townhill Park Primary,Botley Wood GSP,Netley Common BSP,Primary,33 / 11,50.930737,-1.3588175,SU 45156 14783,,88179,2 x 15 / 30MVA,No,16.89,2.71,1.01,0.00,7.46,Green,,5MW,0.83,0.50,Yes,0.00,13.10,9.43,Red,Upstream Thermal Capacity,Install an additional 33kV circuit between Netley Common BSP and a newly established 33kV switchboard at Townhill Park Primary,Jun-29,,
E - BOTW - 11,E - BOTW - 11,England / SEPD,Weston Primary,Botley Wood GSP,Netley Common BSP,Primary,33 / 11,50.886934,-1.3586937,SU 45207 09912,,88224,2 x 20MVA,No,10.19,2.00,1.40,0.00,7.46,Green,,5MW,0.00,0.08,Yes,0.00,13.10,10.76,Red,Upstream Thermal Capacity,Reinforce the 33kV circuits between Netley Common BSP and Weston Primary,Jun-28,,
E - BOTW - 12,E - BOTW - 12,England / SEPD,Woolston Primary,Botley Wood GSP,Netley Common BSP,Primary,33 / 11,50.898975,-1.3736301,SU 44145 11242,,88234,2 x 15 / 30MVA,No,8.04,2.90,3.57,0.00,7.46,Green,,5MW,0.00,0.00,Yes,0.00,20.00,8.14,Red,Upstream Thermal Capacity,Reinforce the 33kV circuit between Weston and Woolston Primaries,Jun-28,,
E - BRLE (AT) - 01,E - BRLE (AT) - 01,England / SEPD,Bramley (Ames-That) GSP,N/A,N/A,GSP,400 / 132,51.337428,-1.0764758,SU 64430 60220,,"12412, 12413",2 x 240MVA,No,183.03,61.20,66.79,28.62,N/A,Green,,5MW,56.20,163.70,Yes,N/A,40.00,9.13,Red,Substation Thermal Capacity,,,Establish a new 132kV switchboard at Bramley,Mar-30
E - BRLE (AT) - 02,E - BRLE (AT) - 02,England / SEPD,Amesbury BSP,Bramley (Ames-That) GSP,N/A,BSP,132 / 33,51.183529,-1.7747245,SU 15842 42724,,"10529, 10530",1 x 45 / 90MVA + 1 x 65 / 90MVA,No,48.52,12.83,4.05,0.00,63.67,Green,,5MW,0.76,0.22,Yes,0.00,25.00,7.46,Red,Upstream Thermal Capacity,,,,
E - BRLE (AT) - 03,E - BRLE (AT) - 03,England / SEPD,Thatcham BSP,Bramley (Ames-That) GSP,N/A,BSP,132 / 33,51.394501,-1.2421443,SU 52824 66435,,"24176, 24177",1 x 30 / 60MVA + 2 x 45 / 90MVA,No,132.95,37.63,54.97,0.00,30.28,Green,,5MW,28.40,23.00,Yes,0.00,25.00,21.18,Red,Upstream Thermal Capacity,"Install 2 new 132kV circuits between the Ashford Hill tee-off and Thatcham BSP (Sep-27)

Install 2 new 132kV circuits between the new Bramley 132kV switchboard and Thatcham BSP (Dec-31)",Sep-27,Add a 4th 90MVA transformer and place the existing 60MVA unit on hot-standby,Apr-27
E - BRLE (AT) - 04,E - BRLE (AT) - 04,England / SEPD,Boscombe Down Primary,Bramley (Ames-That) GSP,Amesbury BSP,Primary,33 / 11,51.168384,-1.7555755,SU 17186 41044,,89009,2 x 15 / 30MVA,No,17.12,3.05,1.53,0.00,10.37,Green,,5MW,0.17,0.00,Yes,0.00,25.00,9.50,Red,Upstream Thermal Capacity,,,,
E - BRLE (AT) - 05,E - BRLE (AT) - 05,England / SEPD,Enford Primary,Bramley (Ames-That) GSP,Amesbury BSP,Primary,33 / 11,51.264402,-1.8046286,SU 13728 51712,,88996,2 x 8MVA,No,3.47,0.57,0.27,0.00,6.78,Green,,5MW,0.00,0.00,Yes,0.00,25.00,4.29,Red,Upstream Thermal Capacity,,,,
E - BRLE (AT) - 06,E - BRLE (AT) - 06,England / SEPD,Park House Primary,Bramley (Ames-That) GSP,Amesbury BSP,Primary,33 / 11,51.192777,-1.6702724,SU 23138 43780,,89016,2 x 4MVA,No,1.66,0.24,0.04,0.00,3.52,Green,,5MW,0.00,0.00,Yes,0.00,25.00,4.26,Red,Upstream Thermal Capacity,,,,
E - BRLE (AT) - 07,E - BRLE (AT) - 07,England / SEPD,Pewsey Primary,Bramley (Ames-That) GSP,Amesbury BSP,Primary,33 / 11,51.332175,-1.7902459,SU 14710 59252,,"85781, 85777",2 x 10 / 14MVA,No,7.70,1.13,0.61,0.00,5.21,Green,,5MW,0.59,0.00,Yes,0.00,25.00,5.96,Red,Upstream Thermal Capacity,,,,
E - BRLE (AT) - 08,E - BRLE (AT) - 08,England / SEPD,Ratfyn Primary,Bramley (Ames-That) GSP,Amesbury BSP,Primary,33 / 11,51.181801,-1.7693965,SU 16215 42533,,89020,2 x 12 / 24MVA,No,10.87,2.07,1.61,0.00,10.85,Green,,5MW,0.00,0.00,Yes,0.00,25.00,12.46,Red,Upstream Thermal Capacity,,,,
E - BRLE (AT) - 09,E - BRLE (AT) - 09,England / SEPD,Ratfyn Primary,Bramley (Ames-That) GSP,Thatcham BSP,Primary,33 / 11,51.365765,-1.392107,SU 42417 63142,,89020,2 x 7.5 / 15MVA,No,6.21,1.19,1.61,0.00,9.11,Green,,5MW,0.00,0.00,Yes,0.00,13.10,12.46,Red,Upstream Thermal Capacity & Substation Fault Level,,,,
E - BRLE (AT) - 10,E - BRLE (AT) - 10,England / SEPD,Beenham Primary,Bramley (Ames-That) GSP,Thatcham BSP,Primary,33 / 11,51.417262,-1.1644013,SU 58204 69025,,86469,2 x 10MVA,No,6.67,0.96,0.73,0.00,5.89,Green,,5MW,1.44,0.00,Yes,0.00,13.10,6.48,Red,Upstream Thermal Capacity,Reinforce the 33kV circuit between Thatcham BSP and Beenham Primary,Jan-31,,
E - BRLE (AT) - 11,E - BRLE (AT) - 11,England / SEPD,Hungerford Primary,Bramley (Ames-That) GSP,Thatcham BSP,Primary,33 / 11,51.41861,-1.5114998,SU 34066 68957,,86776,2 x 10MVA,No,8.11,1.78,1.80,0.00,3.85,Green,,5MW,0.00,0.00,Yes,0.00,13.10,7.30,Red,Upstream Thermal Capacity,,,Replace both transformers with 7.5 / 15MVA units,Aug-26
E - BRLE (AT) - 12,E - BRLE (AT) - 12,England / SEPD,Kingsclere Primary,Bramley (Ames-That) GSP,Thatcham BSP,Primary,33 / 11,51.33095,-1.2552777,SU 51982 59358,,86780,2 x 7.5MVA,No,5.21,0.75,0.78,0.00,4.07,Green,,5MW,0.00,0.00,Yes,0.00,25.00,8.59,Red,Upstream Thermal Capacity,,,,
E - BRLE (AT) - 13,E - BRLE (AT) - 13,England / SEPD,Kintbury Primary,Bramley (Ames-That) GSP,Thatcham BSP,Primary,33 / 11,51.402073,-1.4600535,SU 37657 67143,,86882,2 x 7.5MVA,No,5.58,0.81,0.22,0.00,4.04,Green,,5MW,0.00,0.00,Yes,0.00,13.10,7.46,Red,Upstream Thermal Capacity,,,,
E - BRLE (AT) - 14,E - BRLE (AT) - 14,England / SEPD,Lambourn Primary,Bramley (Ames-That) GSP,Thatcham BSP,Primary,33 / 11,51.501915,-1.521934,SU 33280 78217,,86874,2 x 7.5MVA,No,7.06,1.39,1.38,0.00,1.89,Green,,5MW,0.00,0.00,Yes,0.00,25.00,6.97,Red,Upstream Thermal Capacity,,,Replace both transformers with 12 / 24MVA units,Feb-27
E - BRLE (AT) - 15,E - BRLE (AT) - 15,England / SEPD,Leckhampstead Primary,Bramley (Ames-That) GSP,Thatcham BSP,Primary,33 / 11,51.495955,-1.3681218,SU 43962 77635,,86888,2 x 6.3MVA,No,4.39,1.96,0.40,0.00,3.57,Green,,5MW,0.00,0.00,Yes,0.00,13.10,5.70,Red,Upstream Thermal Capacity,,,,
E - BRLE (AT) - 16,E - BRLE (AT) - 16,England / SEPD,Love Lane Primary,Bramley (Ames-That) GSP,Thatcham BSP,Primary,33 / 11,51.413506,-1.320772,SU 47334 68495,,86769,2 x 20 / 40MVA,No,18.63,6.21,12.57,0.00,10.28,Green,,5MW,0.00,0.00,Yes,0.00,25.00,12.31,Red,Upstream Thermal Capacity,,,,
E - BRLE (AT) - 17,E - BRLE (AT) - 17,England / SEPD,Riverside Primary,Bramley (Ames-That) GSP,Thatcham BSP,Primary,33 / 11,51.401703,-1.3135866,SU 47846 67187,,86850,2 x 15 / 19.5MVA,No,12.46,1.79,4.44,0.00,10.59,Green,,5MW,0.07,0.02,Yes,0.00,20.00,15.48,Red,Upstream Thermal Capacity,,,,
E - BRLE (AT) - 18,E - BRLE (AT) - 18,England / SEPD,St Johns Primary,Bramley (Ames-That) GSP,Thatcham BSP,Primary,33 / 11,51.394356,-1.324232,SU 47113 66363,,86893,1 x 20 / 28MVA + 1 x 20MVA,No,17.71,4.29,8.28,0.00,4.60,Green,,5MW,0.00,1.00,Yes,0.00,13.10,7.74,Red,Upstream Thermal Capacity,,,,
E - BRLE (AT) - 19,E - BRLE (AT) - 19,England / SEPD,Tadley Primary,Bramley (Ames-That) GSP,Thatcham BSP,Primary,33 / 11,51.360594,-1.1719102,SU 57753 62717,,86854,2 x 12 / 24MVA,No,7.14,1.51,2.20,0.00,17.23,Green,,5MW,0.00,0.00,Yes,0.00,25.00,11.50,Red,Upstream Thermal Capacity,,,,
E - BRLE (AT) - 20,E - BRLE (AT) - 20,England / SEPD,Thatcham Primary,Bramley (Ames-That) GSP,Thatcham BSP,Primary,33 / 11,51.394786,-1.2430882,SU 52758 66466,,86864,2 x 15 / 30MVA,No,21.50,6.18,6.19,0.00,2.15,Amber,Substation Thermal Capacity,5MW,0.12,0.10,Yes,0.00,25.00,13.45,Red,Upstream Thermal Capacity,,,,
E - BRLE (AT) - 21,E - BRLE (AT) - 21,England / SEPD,Yattendon Primary,Bramley (Ames-That) GSP,Thatcham BSP,Primary,33 / 11,51.465194,-1.2283782,SU 53699 74307,,86859,2 x 7.5 / 15MVA,No,9.11,1.78,1.47,0.00,6.28,Green,,5MW,0.00,0.00,Yes,0.00,12.00,6.63,Red,Upstream Thermal Capacity,,,,
E - BRLE (B) - 01,E - BRLE (B) - 01,England / SEPD,Bramley (Basi) GSP,N/A,N/A,GSP,400 / 132,51.337428,-1.0764758,SU 64430 60220,,"12414, 12415",2 x 240MVA,No,129.21,9.95,66.61,21.05,N/A,Green,,5MW,165.16,98.61,Yes,N/A,40.00,16.85,Red,Substation Thermal Capacity,,,"Establish a new 132kV switchboard at Bramley, split the existing Bramley-Fleet 132kV network with the new Bramley 132kV board serving Basingstoke, Burghfield and Reading BSP's",Jul-30
E - BRLE (B) - 02,E - BRLE (B) - 02,England / SEPD,Basingstoke (T1A & T2A) BSP,Bramley (Basi) GSP,N/A,BSP,132 / 32,51.269829,-1.0677684,SU 65132 52710,,"15894, 15895",1 x 60MVA + 1 x 90MVA,No,38.28,13.78,19.41,0.00,26.86,Green,,5MW,12.30,28.00,Yes,0.00,17.50,16.72,Red,Upstream Thermal Capacity & Substation Fault Level,,,"Replace the 60MVA transformer with a 90MVA unit (Mar-26)

Replace the 33kV board with 31.5kA break / 78.8kA make switchgear",Mar-30
E - BRLE (B) - 03,E - BRLE (B) - 03,England / SEPD,Basingstoke (T1B & T2B) BSP,Bramley (Basi) GSP,N/A,BSP,132 / 33,51.269838,-1.0677682,SU 65132 52711,,15882,2 x 90MVA,No,63.45,20.47,11.53,0.00,45.89,Green,,5MW,52.86,0.90,Yes,0.00,17.50,14.72,Red,Upstream Thermal Capacity,,,Replace the 33kV board with 31.5kA break / 78.8kA make switchgear,Mar-30
E - BRLE (B) - 04,E - BRLE (B) - 04,England / SEPD,Basingstoke (T3 & T4) BSP,Bramley (Basi) GSP,N/A,BSP,132 / 33,51.269847,-1.067768,SU 65132 52712,,"11233, 15760, 15761",2 x 90MVA,No,40.40,12.31,35.67,21.05,54.68,Green,,5MW,0.00,69.71,Yes,0.00,25.00,12.70,Red,Upstream Thermal Capacity,,,,
E - BRLE (B) - 05,E - BRLE (B) - 05,England / SEPD,Basingstoke Primary,Bramley (Basi) GSP,Basingstoke (T1A & T2A) BSP,Primary,33 / 11,51.269782,-1.0674396,SU 65155 52705,,87120,2 x 15 / 30MVA,No,9.95,1.43,2.04,0.00,16.24,Green,,5MW,0.07,0.00,Yes,0.00,13.10,12.27,Red,Upstream Thermal Capacity & Substation Fault Level & Upstream Fault Level Constraint,,,,
E - BRLE (B) - 06,E - BRLE (B) - 06,England / SEPD,Jays Close Primary,Bramley (Basi) GSP,Basingstoke (T1A & T2A) BSP,Primary,33 / 11,51.246642,-1.0979948,SU 63055 50105,,87140,2 x 12 / 24MVA,No,18.37,7.03,17.37,0.00,11.11,Green,,5MW,5.58,0.00,Yes,0.00,20.00,14.77,Red,Upstream Thermal Capacity & Upstream Fault Level Constraint,,,,
E - BRLE (B) - 07,E - BRLE (B) - 07,England / SEPD,Arborfield Primary,Bramley (Basi) GSP,Basingstoke (T1B & T2B) BSP,Primary,33 / 11,51.385867,-0.90996432,SU 75949 65766,,87118,2 x 12 / 24MVA,No,10.67,2.34,9.79,0.00,8.37,Green,,5MW,1.01,0.20,Yes,0.00,13.10,8.40,Red,Upstream Thermal Capacity,,,,
E - BRLE (B) - 08,E - BRLE (B) - 08,England / SEPD,Bramley Green Primary,Bramley (Basi) GSP,Basingstoke (T1B & T2B) BSP,Primary,33 / 11,51.321716,-1.033725,SU 67431 58511,,87121,2 x 15MVA,No,4.63,0.91,0.83,0.00,11.18,Green,,5MW,0.00,0.00,Yes,0.00,25.00,6.44,Red,Upstream Thermal Capacity,,,,
E - BRLE (B) - 09,E - BRLE (B) - 09,England / SEPD,Chineham Primary,Bramley (Basi) GSP,Basingstoke (T1B & T2B) BSP,Primary,33 / 11,51.297658,-1.0675922,SU 65105 55805,,87136,2 x 15 / 30MVA,No,12.03,2.99,6.98,0.00,15.99,Green,,5MW,12.70,0.70,Yes,0.00,25.00,9.95,Red,Upstream Thermal Capacity,,,,
E - BRLE (B) - 10,E - BRLE (B) - 10,England / SEPD,Down Grange Primary,Bramley (Basi) GSP,Basingstoke (T1B & T2B) BSP,Primary,33 / 11,51.247996,-1.1187578,SU 61604 50238,,87123,2 x 30MVA,No,18.66,3.27,0.99,0.00,11.27,Green,,5MW,0.00,0.00,Yes,0.00,13.10,12.20,Red,Upstream Thermal Capacity & Substation Fault Level,,,,
E - BRLE (B) - 11,E - BRLE (B) - 11,England / SEPD,Overton Primary,Bramley (Basi) GSP,Basingstoke (T1B & T2B) BSP,Primary,33 / 11,51.255014,-1.2553727,SU 52061 50913,,15508,2 x 15 / 30MVA,No,5.30,0.76,1.96,0.00,32.03,Green,,5MW,8.90,0.00,Yes,0.00,13.10,6.02,Red,Upstream Thermal Capacity,Reinforce the 33kV ,,,
E - BRLE (B) - 12,E - BRLE (B) - 12,England / SEPD,Brook Street Primary,Bramley (Basi) GSP,Basingstoke (T3 & T4) BSP,Primary,33 / 11,51.265682,-1.0915307,SU 63480 52228,,87122,2 x 15 / 30MVA,No,11.37,3.27,2.84,0.00,15.14,Green,,5MW,0.00,0.00,Yes,0.00,13.10,12.19,Red,Upstream Thermal Capacity & Substation Fault Level,,,,
E - BRLE (B) - 13,E - BRLE (B) - 13,England / SEPD,Houndmills Primary,Bramley (Basi) GSP,Basingstoke (T3 & T4) BSP,Primary,33 / 11,51.27174,-1.1099464,SU 62187 52886,,"87125, 87126",2 x 20 / 40MVA,No,16.42,6.05,27.77,0.00,0.00,Red,Substation Thermal Capacity,5MW,0.00,0.00,Yes,0.00,25.00,10.13,Red,Upstream Thermal Capacity,,,,
E - BRLE (B) - 14,E - BRLE (B) - 14,England / SEPD,Oarkridge Primary,Bramley (Basi) GSP,Basingstoke (T3 & T4) BSP,Primary,33 / 11,51.278591,-1.0910467,SU 63496 53664,,87127,2 x 15 / 30MVA,No,9.54,2.23,5.06,0.00,15.47,Green,,5MW,0.00,0.00,Yes,0.00,13.10,8.76,Red,Upstream Thermal Capacity,,,,
E - CHIC - 01,E - CHIC - 01,England / SEPD,Chickerell GSP,N/A,N/A,GSP,400 / 132,50.622997,-2.4887893,SY 65520 80480,,"16062, 16063, 16064, 16065",2 x 240MVA,No,87.67,11.68,20.32,110.69,N/A,Green,,5MW,69.11,125.13,Yes,N/A,25.00,8.63,Red,Substation Thermal Capacity,,,,
E - CHIC - 02,E - CHIC - 02,England / SEPD,Chickerell BSP,Chickerell GSP,N/A,BSP,132 / 33,50.623273,-2.4893718,SY 65479 80511,,"13855, 14163, 26630",2 x 45 / 90MVA,No,84.78,12.21,20.32,110.69,21.20,Green,,5MW,69.11,125.13,Yes,0.00,17.50,13.67,Red,Substation Thermal Capacity & Upstream Thermal Capacity,,,"Add a 3rd 90MVA transformer (May-27)

Replace the 33kV board with 31.5kA break / 78.8kA make switchgear",Feb-28
E - CHIC - 03,E - CHIC - 03,England / SEPD,Cerne Abbas Primary,Chickerell GSP,Chickerell BSP,Primary,33 / 11,50.807908,-2.4819181,ST 66140 01039,,90027,1 x 2MVA,Yes,1.37,0.20,0.02,0.00,2.00,Green,,5MW,0.00,0.00,Yes,0.00,13.10,1.77,Red,Upstream Thermal Capacity,,,"Relocate Cerne Abbas Primary to allow replacement of the entire substation, replace the existing transformer with a 4MVA unit and replace the 11kV board with 25kA break / 62.5kA make switchgear",Feb-28
E - CHIC - 04,E - CHIC - 04,England / SEPD,Charminster Primary,Chickerell GSP,Chickerell BSP,Primary,33 / 11,50.737358,-2.4646274,SY 67309 93186,,90031,2 x 7.5 / 15MVA,No,8.18,1.63,1.90,0.00,4.86,Green,,5MW,0.52,0.00,Yes,0.00,25.00,6.46,Red,Upstream Thermal Capacity,,,,
E - CHIC - 05,E - CHIC - 05,England / SEPD,Chickerell Primary,Chickerell GSP,Chickerell BSP,Primary,33 / 11,50.623273,-2.4893718,SY 65479 80511,,90036,2 x 10 / 14.8MVA,No,8.23,1.41,1.55,0.00,21.20,Green,,5MW,4.96,0.00,Yes,0.00,25.00,9.78,Red,Upstream Thermal Capacity,,,,
E - CHIC - 06,E - CHIC - 06,England / SEPD,Dorchester Primary,Chickerell GSP,Chickerell BSP,Primary,33 / 11,50.712414,-2.4388297,SY 69113 90401,,15984,2 x 15 / 30MVA,No,16.93,3.55,3.21,0.00,19.32,Green,,5MW,1.56,0.00,Yes,0.00,25.00,8.58,Red,Upstream Thermal Capacity,,,,
E - CHIC - 07,E - CHIC - 07,England / SEPD,Maiden Newton Primary,Chickerell GSP,Chickerell BSP,Primary,33 / 11,50.777853,-2.5809203,SY 59138 97747,,15971,2 x 10MVA,No,6.74,0.97,0.85,0.00,5.82,Green,,5MW,0.15,0.00,Yes,0.00,25.00,6.84,Red,Upstream Thermal Capacity,,,,
E - CHIC - 08,E - CHIC - 08,England / SEPD,Piddletrenthide Primary,Chickerell GSP,Chickerell BSP,Primary,33 / 11,50.797069,-2.4246389,SY 70169 99809,,90028,2 x 5 / 6.5MVA,No,4.91,0.71,0.59,0.00,3.20,Green,,5MW,0.71,0.00,Yes,0.00,13.10,6.18,Red,Upstream Thermal Capacity,,,,
E - CHIC - 09,E - CHIC - 09,England / SEPD,Portland Primary,Chickerell GSP,Chickerell BSP,Primary,33 / 11,50.564353,-2.4488323,SY 68307 73941,,90032,2 x 12 / 24MVA,No,9.51,2.06,3.88,0.00,6.48,Green,,5MW,0.00,0.00,Yes,0.00,13.10,9.12,Red,Upstream Thermal Capacity,,,,
E - CHIC - 10,E - CHIC - 10,England / SEPD,Puddletown Primary,Chickerell GSP,Chickerell BSP,Primary,33 / 11,50.754371,-2.3667397,SY 74226 95039,,90029,2 x 6.3MVA,No,2.38,0.34,0.02,0.00,5.80,Green,,5MW,0.13,0.00,Yes,0.00,25.00,4.66,Red,Upstream Thermal Capacity,,,,
E - CHIC - 11,E - CHIC - 11,England / SEPD,Redlands Primary,Chickerell GSP,Chickerell BSP,Primary,33 / 11,50.639646,-2.46618,SY 67131 82321,,90034,2 x 15MVA,No,8.66,1.25,3.36,0.00,3.84,Green,,5MW,0.39,0.03,Yes,0.00,25.00,12.03,Red,Upstream Thermal Capacity,,,,
E - CHIC - 12,E - CHIC - 12,England / SEPD,Weymouth Primary,Chickerell GSP,Chickerell BSP,Primary,33 / 11,50.610662,-2.4614839,SY 67443 79096,,15977,3 x 7.5 / 15MVA,No,22.13,4.44,4.75,0.00,13.33,Green,,5MW,0.45,0.00,Yes,0.00,20.00,13.80,Red,Upstream Thermal Capacity,,,,
E - COWL - 01,E - COWL - 01,England / SEPD,Cowley GSP,N/A,N/A,GSP,400 / 132,51.710166,-1.1906262,SP 56020 01580,,"14014, 14015, 14016, 14017",5 x 240MVA,No,665.76,237.56,577.78,162.59,N/A,Green,,5MW,388.95,818.25,Yes,N/A,31.50,13.07,Red,Substation Thermal Capacity,,,,
E - COWL - 02,E - COWL - 02,England / SEPD,Cowley Local (Main) BSP,Cowley GSP,N/A,BSP,132 / 33,51.723588,-1.1890402,SP 56113 03074,,"13821, 13822, 13823, 13838, 13839",2 x 45 / 90MVA,No,64.10,11.86,70.43,0.00,11.21,Amber,Substation Thermal Capacity,5MW,2.21,42.00,Yes,0.00,25.00,12.65,Red,Upstream Thermal Capacity,Add a 3rd 132kV circuit between Cowley GSP and Cowley Local BSP,Jan-29,Add a 5th 90MVA transformer on the Cowley Local (Main) side of the BSP,Jan-29
E - COWL - 03,E - COWL - 03,England / SEPD,Cowley Local (Reserve) BSP,Cowley GSP,N/A,BSP,132 / 33,51.723588,-1.1890402,SP 56113 03074,,"13828, 13829, 13830, 13831, 13832",2 x 45 / 90MVA,No,27.04,3.90,32.93,50.00,53.81,Green,,5MW,22.36,64.87,Yes,0.00,25.00,12.06,Red,Substation Thermal Capacity & Upstream Thermal Capacity,,,Establish a new Primary substation Oxford Science Park fed from Cowley Local (Reserve) BSP via 2 x new 33kV circuits that includes 2 x 12 / 24MVA transformers,Oct-27
E - COWL - 04,E - COWL - 04,England / SEPD,Drayton BSP,Cowley GSP,N/A,BSP,132 / 33,51.631236,-1.3269175,SU 46684 92706,,"14829, 14830",3 x 45 / 90MVA,No,102.02,21.52,76.88,0.00,0.00,Red,Substation Thermal Capacity,5MW,103.43,84.06,Yes,0.00,25.00,17.97,Red,Substation Thermal Capacity & Upstream Thermal Capacity,Reinforce the 2 132kV circuits between Drayton BSP and the Drayton - Culham tee off,Dec-27,,
E - COWL - 05,E - COWL - 05,England / SEPD,Headington BSP,Cowley GSP,N/A,BSP,132 / 33,51.769341,-1.2122632,SP 54454 08145,,"17029, 17030, 17031",2 x 45 / 90MVA,No,56.51,8.14,78.64,0.00,6.67,Amber,Substation Thermal Capacity,5MW,44.43,18.95,Yes,0.00,17.50,15.03,Red,Upstream Thermal Capacity,Remove Headington BSP from the existing Headington - Witney - Yarnton 132kV network via 2 new 132kV circuits between Cowley GSP and Headington BSP,Nov-26,,
E - COWL - 06,E - COWL - 06,England / SEPD,High Wycombe BSP,Cowley GSP,N/A,BSP,132 / 33,51.622165,-0.7768458,SU 84773 92191,,"17228, 17229, 17230, 17231",2 x 45 / 90MVA,No,87.04,23.57,26.98,0.00,14.49,Green,,5MW,0.00,0.00,Yes,0.00,13.10,12.97,Red,Upstream Thermal Capacity & Substation Fault Level,,,,
E - COWL - 07,E - COWL - 07,England / SEPD,Oxford (Osney) BSP,Cowley GSP,N/A,BSP,132 / 33,51.750314,-1.2763322,SP 50054 05983,,"16469, 20919, 20920",2 x 45 / 90MVA,No,77.40,16.99,48.26,3.00,0.00,Red,Substation Thermal Capacity,5MW,0.00,62.90,Yes,0.00,25.00,12.28,Red,Upstream Thermal Capacity,Add a 3rd 132kV circuit between Cowley GSP and Oxford (Osney) BSP,Mar-31,Add a 3rd 90MVA transformer,Mar-31
E - COWL - 08,E - COWL - 08,England / SEPD,Witney BSP,Cowley GSP,N/A,BSP,132 / 33,51.7721,-1.4852,SP 35615 08285,,"15060, 25329, 25330",2 x 45 / 90MVA,No,74.82,24.09,34.34,39.53,23.10,Green,,5MW,54.05,91.00,Yes,0.00,25.00,12.22,Red,Substation Thermal Capacity & Upstream Thermal Capacity,"Remove Headington BSP from the existing Headington - Witney - Yarnton 132kV network via 2 new 132kV circuits between Cowley GSP and Headington BSP (Nov -26)

Reinforce the 132kV network between Witney BSP and Yarnton BSP",Jun-28,Install a 3rd 90MVA transformer,Jun-28
E - COWL - 09,E - COWL - 09,England / SEPD,Yarnton BSP,Cowley GSP,N/A,BSP,132 / 33,51.8052,-1.3007,SP 48310 12078,,"16573, 17001, 26328",2 x 45 / 90MVA,No,72.78,23.44,141.95,4.80,0.00,Red,Substation Thermal Capacity,5MW,46.25,117.49,Yes,0.00,25.00,12.36,Red,Substation Thermal Capacity & Upstream Thermal Capacity,"Remove Headington BSP from the existing Headington - Witney - Yarnton 132kV network via 2 new 132kV circuits between Cowley GSP and Headington BSP (Nov -26)

Reinforce the 132kV network between Witney BSP and Yarnton BSP (Jun-28)

Add a 3rd 132kV circuit between Cowley GSP and Yarnton BSP",Dec-29,Install a 3rd 120MVA transformer and replace the 132kV board with 40A break / 100A make switchgear,Mar-28
E - COWL - 10,E - COWL - 10,England / SEPD,Culham Primary,Cowley GSP,N/A,Primary,132 / 11,51.662225,-1.2350998,SU 53003 96215,,"14347, 14345",2 x 7.5 / 15 + 1 x 10/20MVA,No,6.35,0.91,19.20,0.00,15.49,Green,,5MW,0.00,0.00,Yes,0.00,25.00,14.12,Red,Upstream Thermal Capacity,,,Replace both transformers with 20 / 40MVA units,Jun-27
E - COWL - 11,E - COWL - 11,England / SEPD,Harwell Primary,Cowley GSP,N/A,Primary,132 / 11,51.579598,-1.3174195,SU 47395 86969,,16747,2 x 20 / 40MVA,No,6.75,1.90,6.68,5.26,39.07,Green,,5MW,0.00,0.20,Yes,0.00,25.00,23.69,Red,Upstream Thermal Capacity & Substation Fault Level,Reinforce the 2 132kV circuits between Drayton BSP and the Drayton - Culham tee off,Dec-27,,
E - COWL - 12,E - COWL - 12,England / SEPD,Cowley Local Primary,Cowley GSP,Cowley Local (Main) BSP,Primary,33 / 11,51.723588,-1.1890402,SP 56113 03074,,85826,3 x 7.5 / 15MVA,No,21.77,6.86,38.09,0.00,0.00,Red,Substation Thermal Capacity,5MW,0.79,0.00,Yes,0.00,25.00,23.56,Red,Upstream Thermal Capacity & Substation Fault Level,,,Replace both transformers with 20 / 40MVA units,Oct-26
E - COWL - 13,E - COWL - 13,England / SEPD,Rose Hill Primary,Cowley GSP,Cowley Local (Main) BSP,Primary,33 / 11,51.723407,-1.2248894,SP 53637 03027,,85832,2 x 20MVA,No,14.68,3.44,28.21,0.00,0.00,Red,Substation Thermal Capacity,5MW,1.43,0.00,Yes,0.00,13.10,11.11,Red,Upstream Thermal Capacity,Reinforce the 33kV circuits between Cowley Local (Main) BSP and Rose Hill Primary,Jul-31,Replace both transformers with 20 / 40MVA units and replace the 11kV board with 25kA break / 62.5kA make switchgear,Jul-31
E - COWL - 14,E - COWL - 14,England / SEPD,Union Street Primary,Cowley GSP,Cowley Local (Main) BSP,Primary,33 / 11,51.748851,-1.2356369,SP 52865 05849,,"85855, 85852",2 x 10 / 14MVA + 1 x 15MVA,No,17.70,2.70,4.14,0.00,5.93,Green,,5MW,0.00,0.00,Yes,0.00,25.00,10.55,Red,Upstream Thermal Capacity,,,,
E - COWL - 15,E - COWL - 15,England / SEPD,Berinsfield Primary,Cowley GSP,Cowley Local (Reserve) BSP,Primary,33 / 11,51.654969,-1.1574654,SU 58382 95467,,85788,2 x 12 / 24MVA,No,9.84,1.88,5.40,0.00,10.07,Green,,5MW,6.14,0.13,Yes,0.00,20.00,11.04,Red,Upstream Thermal Capacity,"Install a new 33kV circuit between Cowley Local (Reserve) BSP and Berinsfield Primary to feed Wallingford Primary, removing it from the existing Berinsfield - Wallingford 33kV network (Jun-26)

Reinforce the existing 33kV circuits between Cowley Local (Reserve) BSP and Berinsfield Primary",Sep-31,Replace both transformers with 20 / 40MVA units,Sep-31
E - COWL - 16,E - COWL - 16,England / SEPD,Kennington Primary,Cowley GSP,Cowley Local (Reserve) BSP,Primary,33 / 11,51.706101,-1.2361258,SP 52881 01094,,85815,1 x 7.5 / 12.2MVA,Yes,4.51,0.70,0.51,0.00,1.19,Green,,5MW,0.38,1.00,Yes,0.00,13.10,6.07,Red,Upstream Thermal Capacity,,,,
E - COWL - 17,E - COWL - 17,England / SEPD,Wallingford Primary,Cowley GSP,Cowley Local (Reserve) BSP,Primary,33 / 11,51.601044,-1.1373111,SU 59847 89486,,85842,2 x 15 / 21MVA,No,13.21,3.36,4.11,0.00,0.00,Red,Substation Thermal Capacity,5MW,4.44,0.07,Yes,0.00,25.00,8.51,Red,Upstream Thermal Capacity,"Install a new 33kV circuit between Cowley Local (Reserve) BSP and Berinsfield Primary to feed Wallingford Primary, removing it from the existing Berinsfield - Wallingford 33kV network",Jun-26,Replace both transformers with 15 / 30MVA units,Sep-31
E - COWL - 18,E - COWL - 18,England / SEPD,Cholsey Primary,Cowley GSP,Drayton BSP,Primary,33 / 11,51.558051,-1.1615505,SU 58223 84685,,85889,2 x 7.5 / 15MVA,No,5.78,1.12,0.65,0.00,0.00,Red,Upstream Thermal Capacity,5MW,0.44,0.00,Yes,0.00,13.10,7.24,Red,Upstream Thermal Capacity,Reinforce the 33kV circuit between Drayton BSP and Fulscot Primary,Mar-31,,
E - COWL - 19,E - COWL - 19,England / SEPD,Fulscot Primary,Cowley GSP,Drayton BSP,Primary,33 / 11,51.601819,-1.2157563,SU 54413 89511,,85934,2 x 15 / 30MVA,No,12.44,3.08,7.80,0.00,0.00,Red,Upstream Thermal Capacity,5MW,0.00,0.20,Yes,0.00,13.10,15.20,Red,Upstream Thermal Capacity & Substation Fault Level,Reinforce the 33kV circuit between Drayton BSP and Fulscot Primary,Mar-31,,
E - COWL - 20,E - COWL - 20,England / SEPD,Grove Primary,Cowley GSP,Drayton BSP,Primary,33 / 11,51.603958,-1.4308355,SU 39515 89611,,85905,2 x 7.5 / 15MVA,No,13.05,3.74,8.89,0.00,0.00,Red,Substation Thermal Capacity & Upstream Thermal Capacity,5MW,0.00,0.36,Yes,0.00,13.10,8.66,Red,Upstream Thermal Capacity,,,,
E - COWL - 21,E - COWL - 21,England / SEPD,Milton Primary,Cowley GSP,Drayton BSP,Primary,33 / 11,51.625145,-1.2792202,SU 49992 92060,,85945,3 x 15 / 30MVA,No,26.11,8.78,22.09,0.00,0.00,Red,Upstream Thermal Capacity,5MW,0.00,0.00,Yes,0.00,16.00,21.48,Red,Upstream Thermal Capacity & Substation Fault Level,,,,
E - COWL - 22,E - COWL - 22,England / SEPD,Wantage Primary,Cowley GSP,Drayton BSP,Primary,33 / 11,51.59208,-1.405361,SU 41290 88304,,85928,2 x 12 / 24MVA,No,10.67,2.18,3.66,0.00,0.00,Red,Upstream Thermal Capacity,5MW,0.00,0.10,Yes,0.00,25.00,12.51,Red,Upstream Thermal Capacity,,,,
E - COWL - 23,E - COWL - 23,England / SEPD,Winsmore Lane Primary,Cowley GSP,Drayton BSP,Primary,33 / 11,51.669439,-1.2854441,SU 49513 96982,,85922,2 x 20MVA,No,15.00,2.85,2.78,0.00,0.00,Red,Upstream Thermal Capacity,5MW,0.28,0.19,Yes,0.00,13.10,10.79,Red,Upstream Thermal Capacity,,,,
E - COWL - 24,E - COWL - 24,England / SEPD,Arncott Primary,Cowley GSP,Headington BSP,Primary,33 / 11,51.858146,-1.1195824,SP 60730 18095,,85994,2 x 7.5 / 15MVA,No,7.75,1.46,16.94,0.00,0.00,Red,Substation Thermal Capacity,5MW,0.38,0.45,Yes,0.00,13.10,8.74,Red,Upstream Thermal Capacity,,,Replace both transformers with 12 / 24MVA units,May-26
E - COWL - 25,E - COWL - 25,England / SEPD,Headington Primary,Cowley GSP,Headington BSP,Primary,33 / 11,51.768803,-1.2124754,SP 54440 08085,,86026,2 x 20 / 40MVA,No,16.39,3.17,8.08,0.00,6.67,Green,,5MW,0.00,0.00,Yes,0.00,25.00,18.55,Red,Upstream Thermal Capacity,,,,
E - COWL - 26,E - COWL - 26,England / SEPD,Old Road Primary,Cowley GSP,Headington BSP,Primary,33 / 11,51.753807,-1.200654,SP 55274 06426,,86019,2 x 15 / 30MVA,No,18.25,7.95,0.67,0.00,6.67,Green,,5MW,0.00,0.06,Yes,0.00,13.10,17.39,Red,Upstream Thermal Capacity & Substation Fault Level,,,,
E - COWL - 27,E - COWL - 27,England / SEPD,Wheatley Primary,Cowley GSP,Headington BSP,Primary,33 / 11,51.743825,-1.121125,SP 60777 05379,,85998,2 x 7.5 / 15MVA,No,9.24,1.33,19.59,0.00,0.00,Red,Substation Thermal Capacity,5MW,0.00,0.36,Yes,0.00,16.00,7.13,Red,Upstream Thermal Capacity,Reinforce the 33kV circuits feeding Wheatley Primary,Oct-26,Replace both transformers with 15 / 30MVA units,Oct-26
E - COWL - 28,E - COWL - 28,England / SEPD,Chisbridge Primary,Cowley GSP,High Wycombe BSP,Primary,33 / 11,51.595539,-0.84320641,SU 80226 89155,,86089,2 x 7.5MVA,No,6.42,1.66,0.86,0.00,2.85,Green,,5MW,0.00,0.00,Yes,0.00,13.10,6.41,Red,Upstream Thermal Capacity & Upstream Fault Level Constraint,Reinforce the Chisbridge - Nuffield - Stokenchurch - Watlington 33kV ring by adding a 2nd 33kV circuit between High Wycombe BSP and Stokenchurch Primary. Also reinforce the 33kV circuit between High Wycombe BSP and Chisbridge Primary,Feb-31,,
E - COWL - 29,E - COWL - 29,England / SEPD,Fryers Lane Primary,Cowley GSP,High Wycombe BSP,Primary,33 / 11,51.637261,-0.77409884,SU 84935 93873,,86134,2 x 20MVA,No,13.51,3.01,1.33,0.00,11.74,Green,,5MW,0.00,0.00,Yes,0.00,13.10,12.19,Red,Upstream Thermal Capacity & Substation Fault Level & Upstream Fault Level Constraint,,,,
E - COWL - 30,E - COWL - 30,England / SEPD,High Wycombe Primary,Cowley GSP,High Wycombe BSP,Primary,33 / 11,51.622252,-0.77742129,SU 84733 92200,,86120,2 x 15 / 30MVA,No,20.46,3.19,7.47,0.00,2.89,Green,,5MW,0.95,0.70,Yes,0.00,13.10,13.90,Red,Upstream Thermal Capacity & Substation Fault Level & Upstream Fault Level Constraint,,,,
E - COWL - 31,E - COWL - 31,England / SEPD,High Wycombe Town Primary,Cowley GSP,High Wycombe BSP,Primary,33 / 11,51.628953,-0.7545438,SU 86304 92972,,86143,3 x 15 / 30MVA,No,19.60,5.34,4.34,0.00,14.49,Green,,5MW,0.00,0.00,Yes,0.00,13.10,15.59,Red,Upstream Thermal Capacity & Substation Fault Level & Upstream Fault Level Constraint,,,,
E - COWL - 32,E - COWL - 32,England / SEPD,Little Marlow Primary,Cowley GSP,High Wycombe BSP,Primary,33 / 11,51.582448,-0.75966907,SU 86037 87794,,86126,2 x 15 / 30MVA,No,16.39,3.69,4.85,0.00,8.31,Green,,5MW,0.00,0.00,Yes,0.00,20.00,10.52,Red,Upstream Thermal Capacity & Upstream Fault Level Constraint,,,,
E - COWL - 33,E - COWL - 33,England / SEPD,Nuffield Primary,Cowley GSP,High Wycombe BSP,Primary,33 / 11,51.57579,-1.0153895,SU 68329 86784,,86093,1 x 7.5 / 15MVA,Yes,4.40,0.97,1.23,0.00,1.88,Green,,5MW,0.00,0.00,Yes,0.00,25.00,5.07,Red,Upstream Thermal Capacity & Upstream Fault Level Constraint,Reinforce the Chisbridge - Nuffield - Stokenchurch - Watlington 33kV ring by adding a 2nd 33kV circuit between High Wycombe BSP and Stokenchurch Primary. Also reinforce the 33kV circuit between High Wycombe BSP and Chisbridge Primary,Feb-31,,
E - COWL - 34,E - COWL - 34,England / SEPD,Stokenchurch Primary,Cowley GSP,High Wycombe BSP,Primary,33 / 11,51.642717,-0.88683647,SU 77124 94355,,86105,2 x 7.5MVA,No,7.95,1.19,5.15,0.00,0.00,Red,Substation Thermal Capacity,5MW,0.00,0.00,Yes,0.00,20.00,6.69,Red,Upstream Thermal Capacity & Upstream Fault Level Constraint,Reinforce the Chisbridge - Nuffield - Stokenchurch - Watlington 33kV ring by adding a 2nd 33kV circuit between High Wycombe BSP and Stokenchurch Primary. Also reinforce the 33kV circuit between High Wycombe BSP and Chisbridge Primary,Feb-31,,
E - COWL - 35,E - COWL - 35,England / SEPD,Watlington Primary,Cowley GSP,High Wycombe BSP,Primary,33 / 11,51.643147,-1.0027024,SU 69106 94287,,86096,2 x 7.5MVA,No,6.18,1.33,1.61,0.00,2.62,Green,,5MW,0.00,0.00,Yes,0.00,25.00,6.49,Red,Upstream Thermal Capacity & Upstream Fault Level Constraint,Reinforce the Chisbridge - Nuffield - Stokenchurch - Watlington 33kV ring by adding a 2nd 33kV circuit between High Wycombe BSP and Stokenchurch Primary. Also reinforce the 33kV circuit between High Wycombe BSP and Chisbridge Primary,Feb-31,Replace both transformers with 7.5 / 15MVA units,Feb-31
E - COWL - 36,E - COWL - 36,England / SEPD,Frenchay Road Primary,Cowley GSP,Oxford (Osney) BSP,Primary,33 / 11,51.770715,-1.2706149,SP 50426 08256,,86216,2 x 20MVA,No,9.02,1.65,6.11,0.00,0.00,Red,Upstream Thermal Capacity,5MW,0.00,0.00,Yes,0.00,13.10,10.71,Red,Upstream Thermal Capacity,,,,
E - COWL - 37,E - COWL - 37,England / SEPD,North Hinksey Primary,Cowley GSP,Oxford (Osney) BSP,Primary,33 / 11,51.736233,-1.2969614,SP 48645 04403,,86240,2 x 7.5MVA,No,6.49,1.15,2.84,0.00,0.00,Red,Upstream Thermal Capacity,5MW,0.10,0.00,Yes,0.00,25.00,7.21,Red,Upstream Thermal Capacity,,,,
E - COWL - 38,E - COWL - 38,England / SEPD,Oxford Primary,Cowley GSP,Oxford (Osney) BSP,Primary,33 / 11,51.749568,-1.2749825,SP 50148 05901,,86199,2 x 15 / 30MVA,No,18.13,4.71,19.76,0.00,0.00,Red,Substation Thermal Capacity & Upstream Thermal Capacity,5MW,0.17,0.00,Yes,0.00,25.00,15.61,Red,Upstream Thermal Capacity,,,,
E - COWL - 39,E - COWL - 39,England / SEPD,St Ebbes Primary,Cowley GSP,Oxford (Osney) BSP,Primary,33 / 11,51.748029,-1.2589141,SP 51259 05741,,86221,2 x 15 / 30MVA,No,18.55,4.26,4.73,0.00,0.00,Red,Upstream Thermal Capacity,5MW,0.00,0.00,Yes,0.00,25.00,14.25,Red,Upstream Thermal Capacity,,,,
E - COWL - 40,E - COWL - 40,England / SEPD,University Parks Primary,Cowley GSP,Oxford (Osney) BSP,Primary,33 / 11,51.759796,-1.2556354,SP 51472 07052,,86223,2 x 15 / 21MVA + 1 x 12 / 24MVA,No,20.83,6.23,0.98,0.00,0.00,Red,Upstream Thermal Capacity,5MW,0.00,0.00,Yes,0.00,13.10,17.65,Red,Upstream Thermal Capacity & Substation Fault Level,,,,
E - COWL - 41,E - COWL - 41,England / SEPD,Wootton Road Primary,Cowley GSP,Oxford (Osney) BSP,Primary,33 / 11,51.681033,-1.2891524,SU 49244 98269,,86191,2 x 10 / 14MVA,No,13.48,2.46,3.83,0.00,0.00,Red,Substation Thermal Capacity & Upstream Thermal Capacity,5MW,0.37,0.00,Yes,0.00,25.00,8.86,Red,Upstream Thermal Capacity,,,,
E - COWL - 42,E - COWL - 42,England / SEPD,Bledington Primary,Cowley GSP,Witney BSP,Primary,33 / 11,51.901178,-1.6287369,SP 25641 22580,,11751,1 x 7.5 / 15MVA,Yes,5.01,1.00,1.01,0.00,0.00,Red,Substation Thermal Capacity,5MW,0.77,0.00,Yes,0.00,25.00,4.35,Red,Upstream Thermal Capacity,,,,
E - COWL - 43,E - COWL - 43,England / SEPD,Burford Primary,Cowley GSP,Witney BSP,Primary,33 / 11,51.810811,-1.6290442,SP 25671 12529,,12548,1 x  6.3MVA + 1 x 7.5 / 15MVA,No,4.08,1.10,0.98,0.00,3.57,Green,,5MW,0.00,0.00,Yes,0.00,13.10,7.33,Red,Upstream Thermal Capacity,,,,
E - COWL - 44,E - COWL - 44,England / SEPD,Carterton Primary,Cowley GSP,Witney BSP,Primary,33 / 11,51.768376,-1.5918589,SP 28261 07823,,12948,2 x 15 / 30MVA,No,15.50,3.77,2.16,0.00,15.89,Green,,5MW,0.00,0.14,Yes,0.00,25.00,12.30,Red,Upstream Thermal Capacity,,,,
E - COWL - 45,E - COWL - 45,England / SEPD,Fyfield Primary,Cowley GSP,Witney BSP,Primary,33 / 11,51.693127,-1.3900627,SU 42256 99551,,16348,2 x 7.5 / 15MVA,No,9.04,2.53,7.49,0.00,0.00,Red,Substation Thermal Capacity,5MW,0.00,0.00,Yes,0.00,25.00,5.80,Red,Upstream Thermal Capacity,,,,
E - COWL - 46,E - COWL - 46,England / SEPD,Leafield Primary,Cowley GSP,Witney BSP,Primary,33 / 11,51.835224,-1.5619245,SP 30282 15270,,18348,2 x 5MVA,No,3.93,0.57,1.39,0.00,1.51,Green,,5MW,0.00,0.00,Yes,0.00,13.10,6.00,Red,Upstream Thermal Capacity,,,,
E - COWL - 47,E - COWL - 47,England / SEPD,Rissington Primary,Cowley GSP,Witney BSP,Primary,33 / 11,51.87431,-1.7221537,SP 19225 19563,,22248,2 x 12 / 24MVA,No,5.93,1.40,4.45,0.00,1.62,Green,,5MW,0.00,1.03,Yes,0.00,16.00,4.22,Red,Upstream Thermal Capacity,,,,
E - COWL - 48,E - COWL - 48,England / SEPD,Standlake Primary,Cowley GSP,Witney BSP,Primary,33 / 11,51.718523,-1.4379686,SP 38923 02349,,23853,2 x 5MVA,No,6.01,1.17,1.36,0.00,0.00,Red,Substation Thermal Capacity,5MW,1.90,0.00,Yes,0.00,13.10,3.26,Red,Upstream Thermal Capacity,,,,
E - COWL - 49,E - COWL - 49,England / SEPD,Windrush Park Primary,Cowley GSP,Witney BSP,Primary,33 / 11,51.785493,-1.5176973,SP 33366 09758,,25448,2 x 15 / 30MVA,No,10.10,1.45,11.94,0.00,13.15,Green,,5MW,0.00,0.00,Yes,0.00,16.00,12.72,Red,Upstream Thermal Capacity,,,,
E - COWL - 50,E - COWL - 50,England / SEPD,Witney Town Primary,Cowley GSP,Witney BSP,Primary,33 / 11,51.784144,-1.481789,SP 35844 09625,,25553,2 x 15 / 22.5MVA,No,19.48,5.11,3.56,0.00,0.00,Red,Substation Thermal Capacity,5MW,0.00,0.00,Yes,0.00,13.10,10.12,Red,Upstream Thermal Capacity,,,Replace both transformers with 20 / 40MVA units,Jun-26
E - COWL - 51,E - COWL - 51,England / SEPD,Charlbury Primary,Cowley GSP,Yarnton BSP,Primary,33 / 11,51.862809,-1.478127,SP 36034 18376,,13152,2 x 7.5 / 15MVA,No,6.02,1.28,0.44,0.00,0.00,Red,Upstream Thermal Capacity,5MW,0.00,0.00,Yes,0.00,25.00,7.51,Red,Upstream Thermal Capacity,,,,
E - COWL - 52,E - COWL - 52,England / SEPD,Chipping Norton Primary,Cowley GSP,Yarnton BSP,Primary,33 / 11,51.938753,-1.5449165,SP 31382 26792,,13348,2 x 7.5 / 15MVA,No,10.34,3.56,2.67,0.00,0.00,Red,Upstream Thermal Capacity,5MW,0.00,0.00,Yes,0.00,25.00,7.71,Red,Upstream Thermal Capacity,,,,
E - COWL - 53,E - COWL - 53,England / SEPD,Deddington Primary,Cowley GSP,Yarnton BSP,Primary,33 / 11,51.969442,-1.3212094,SP 46729 30325,,14548,2 x 5MVA,No,4.14,0.60,0.70,0.00,0.00,Red,Substation Thermal Capacity & Upstream Thermal Capacity,5MW,0.29,0.00,Yes,0.00,13.10,3.82,Red,Upstream Thermal Capacity,,,,
E - COWL - 54,E - COWL - 54,England / SEPD,Eynsham Primary,Cowley GSP,Yarnton BSP,Primary,33 / 11,51.789462,-1.3890547,SP 42236 10266,,15148,1 x 12 / 24MVA,Yes,10.23,3.80,9.18,0.00,0.00,Red,Upstream Thermal Capacity,5MW,0.95,0.20,Yes,0.00,25.00,9.48,Red,Upstream Thermal Capacity,Reinforce the 33kV circuit between Witney BSP and Eynsham Primary,Jun-28,,
E - COWL - 55,E - COWL - 55,England / SEPD,Kiddington Primary,Cowley GSP,Yarnton BSP,Primary,33 / 11,51.915557,-1.3709747,SP 43362 24301,,17848,2 x 12 / 24MVA,No,10.92,1.79,9.20,0.00,0.00,Red,Upstream Thermal Capacity,5MW,0.31,0.12,Yes,0.00,13.10,8.81,Red,Upstream Thermal Capacity,,,,
E - COWL - 56,E - COWL - 56,England / SEPD,Lovelace Road Primary,Cowley GSP,Yarnton BSP,Primary,33 / 11,51.789778,-1.270757,SP 50395 10376,,18752,1 x 15 / 30MVA,Yes,5.05,0.99,13.40,0.00,0.00,Red,Substation Thermal Capacity & Upstream Thermal Capacity,5MW,0.00,1.00,Yes,0.00,13.10,8.74,Red,Upstream Thermal Capacity,,,Install a 2nd 15 / 30MVA transformer ,Mar-28
E - COWL - 57,E - COWL - 57,England / SEPD,Woodstock Primary,Cowley GSP,Yarnton BSP,Primary,33 / 11,51.853959,-1.3510276,SP 44795 17462,,26548,2 x 7.5 / 15MVA,No,7.54,1.09,1.71,0.00,0.00,Red,Upstream Thermal Capacity,5MW,0.00,0.01,Yes,0.00,13.10,10.90,Red,Upstream Thermal Capacity,,,,
E - COWL - 58,E - COWL - 58,England / SEPD,Yarnton Primary,Cowley GSP,Yarnton BSP,Primary,33 / 11,51.805535,-1.3012215,SP 48277 12108,,26352,2 x 20 / 40MVA,No,22.96,3.72,43.37,0.00,0.00,Red,Substation Thermal Capacity & Upstream Thermal Capacity,5MW,0.00,0.00,Yes,0.00,25.00,17.59,Red,Upstream Thermal Capacity,,,,
E - EALI - 01,E - EALI - 01,England / SEPD,Ealing GSP,N/A,N/A,GSP,275 / 66,51.501781,-0.29601293,TQ 18370 79470,,"26758, 26759, 26760, 26761",4 x 180MVA,No,194.73,71.34,130.31,0.00,N/A,Green,,5MW,0.11,0.40,No,N/A,21.90,20.50,Amber,Substation Fault Level,,,,
E - EALI - 02,E - EALI - 02,England / SEPD,Ealing BSP,Ealing GSP,N/A,BSP,66 / 22,51.501825,-0.29599686,TQ 18371 79475,,"88865, 88866, 88885, 88886",3 x 20 / 40MVA,No,42.33,9.74,20.87,0.00,49.56,Green,,5MW,0.11,0.01,No,85.61,13.10,14.70,Red,Substation Fault Level & Upstream Fault Level Constraint,,,"Remove Harvard Lane Primary from Ealing BSP (Aug-28)

Replace the 22kV board with 31.5kA break / 78.8kA make switchgear",Jul-29
E - EALI - 03,E - EALI - 03,England / SEPD,Boston Manor Primary,Ealing GSP,N/A,Primary,66 / 11,51.489672,-0.31557893,TQ 17043 78092,,88896,2 x  20 / 40MVA,No,24.91,8.48,12.45,0.00,3.63,Amber,Substation Thermal Capacity,5MW,0.00,0.00,No,46.48,25.00,22.96,Amber,Substation Fault Level & Upstream Fault Level Constraint,,,Replace the existing transformers with 30 / 60MVA units,Jun-28
E - EALI - 04,E - EALI - 04,England / SEPD,Bridge Road Primary,Ealing GSP,N/A,Primary,66 / 11,51.469005,-0.34895102,TQ 14778 75741,,"88924, 88916",3 x 20 / 40MVA,No,32.97,8.94,27.37,0.00,23.50,Green,,5MW,0.00,0.39,No,80.38,26.20,23.91,Amber,Substation Fault Level & Upstream Fault Level Constraint,,,Replace the existing transformers with 80MVA units,Dec-29
E - EALI - 05,E - EALI - 05,England / SEPD,Copley Dene Primary,Ealing GSP,N/A,Primary,66 / 11,51.513909,-0.30889148,TQ 17445 80798,,88947,2 x  30 / 37.5MVA,No,28.32,7.22,13.89,0.00,0.00,Red,Substation Thermal Capacity,5MW,0.00,0.00,No,42.85,26.20,16.65,Amber,Upstream Fault Level Constraint,,,Replace the existing transformers with 80MVA units,Jul-29
E - EALI - 06,E - EALI - 06,England / SEPD,Ealing Primary,Ealing GSP,N/A,Primary,66 / 11,51.501825,-0.29599686,TQ 18371 79475,,"88892, 88887",3 x 20MVA,No,27.99,6.81,17.45,0.00,0.00,Red,Substation Thermal Capacity,5MW,0.00,0.00,No,44.81,25.00,17.50,Amber,Upstream Fault Level Constraint,,,Replace the existing transformers with 20 / 40MVA units,Jan-27
E - EALI - 07,E - EALI - 07,England / SEPD,Ironbridge Primary,Ealing GSP,N/A,Primary,66 / 11,51.508933,-0.35546261,TQ 14226 80171,,88974,1 x 20MVA + 1 x 20 / 40MVA,No,23.45,7.08,15.78,0.00,3.55,Amber,Substation Thermal Capacity,5MW,0.00,0.00,No,26.08,25.00,15.34,Amber,Upstream Fault Level Constraint,,,,
E - EALI - 08,E - EALI - 08,England / SEPD,Southfield Road Primary,Ealing GSP,N/A,Primary,66 / 11,51.503804,-0.26477119,TQ 20533 79746,,"88985, 88980",2 x 20 / 40MVA,No,27.25,4.88,22.50,0.00,0.00,Red,Substation Thermal Capacity,5MW,0.00,0.00,No,42.88,25.00,11.59,Amber,Upstream Fault Level Constraint,,,Replace the existing transformers with 30 / 60MVA units,Sep-27
E - EALI - 09,E - EALI - 09,England / SEPD,Brentford Primary,Ealing GSP,Ealing BSP,Primary,22 / 11,51.491207,-0.30664901,TQ 17659 78277,,"88959, 88954",4 x 10MVA,No,19.52,5.78,13.70,0.00,9.46,Green,,5MW,0.00,0.00,No,34.28,25.00,8.84,Amber,Upstream Fault Level Constraint,,,,
E - EALI - 10,E - EALI - 10,England / SEPD,Dean Gardens Primary,Ealing GSP,Ealing BSP,Primary,22 / 11,51.51023,-0.32198298,TQ 16546 80368,,88969,1 x 10 / 11.5MVA,Yes,3.93,0.75,3.78,0.00,6.32,Green,,5MW,0.11,0.01,No,11.54,13.10,4.67,Amber,Upstream Fault Level Constraint,,,,
E - EALI - 11,E - EALI - 11,England / SEPD,Harvard lane Primary,Ealing GSP,Ealing BSP,Primary,22 / 11,51.488491,-0.27272747,TQ 20021 78030,,88991,2 x 10 / 12.5MVA + 1 x 12 / 24MVA,No,20.34,6.71,3.38,0.00,2.67,Green,,5MW,0.00,0.00,No,29.15,25.00,13.26,Amber,Upstream Fault Level Constraint,Remove Harvard Lane Primary from Ealing BSP via 2 new 66kV circuits from Ealing GSP,Aug-28,Replace the existing transformers with 80MVA units,Aug-28
E - ECLA - 01,E - ECLA - 01,England / SEPD,East Claydon GSP,N/A,N/A,GSP,400 / 132,51.926741,-0.90925992,SP 75100 25920,"Any available capacity at East Claydon GSP is shared with another DNO - NGED
Maximum and minimum demand figures listed account only for SSEN's network","55508, 55510, 55511, 88829",4 x 240MVA (Shared with NGED),No,62.27,8.97,184.69,181.00,N/A,Green,,1MW,49.70,323.86,No,N/A,40.00,21.20,Red,Substation Thermal Capacity,"Transmission works:
Replace 2 x 240MVA transformers with 460MVA units",Mar-31,,
E - ECLA - 02,E - ECLA - 02,England / SEPD,Bicester North BSP,East Claydon GSP,N/A,BSP,132 / 33,51.908958,-1.1332718,SP 59720 23735 ,,"85976, 88841",2 x  45 / 90MVA,No,62.27,8.97,184.69,0.00,0.00,Red,Substation Thermal Capacity,1MW,49.70,59.36,No,0.00,31.00,14.52,Red,Substation Thermal Capacity & Upstream Thermal Capacity,Install a new 132kV circuit from East Claydon GSP to Bicester North BSP,Oct-37,"Replace the existing transformers with 120MVA units and add a 3rd 120MVA transformer, replace the 33kV board with 31.5kA break / 78.8kA make switchgear",Oct-37
E - ECLA - 03,E - ECLA - 03,England / SEPD,Bicester Primary,East Claydon GSP,Bicester North BSP,Primary,33 / 11,51.893394,-1.1530295,SP 58381 21988,,85987,3 X 15 / 30MVA,No,21.67,3.87,24.33,0.00,0.00,Red,Substation Thermal Capacity & Upstream Thermal Capacity,1MW,0.24,1.00,No,0.00,16.00,19.66,Red,Upstream Thermal Capacity & Substation Fault Level,Replace sections of existing dual rutter 33kV overhead lines with 33kV cables between Bicester Primary and Upper Heyford Primary,Jan-28,,
E - ECLA - 04,E - ECLA - 04,England / SEPD,Bicester North Primary,East Claydon GSP,Bicester North BSP,Primary,33 / 11,51.909208,-1.133865,SP 59679 23762,,88851,2 x 15 / 30MVA,No,16.76,4.67,35.92,0.00,0.00,Red,Substation Thermal Capacity & Upstream Thermal Capacity,1MW,0.00,0.00,No,0.00,25.00,18.70,Red,Upstream Thermal Capacity,,,Add a 3rd 15 / 30MVA transformer,Oct-37
E - ECLA - 05,E - ECLA - 05,England / SEPD,Cottisford Primary,East Claydon GSP,Bicester North BSP,Primary,33 / 11,51.975494,-1.1421653,SP 59021 31128,,86048,1 x 4MVA,Yes,3.18,0.46,0.61,0.00,0.00,Red,Substation Thermal Capacity & Upstream Thermal Capacity,1MW,0.58,0.12,No,0.00,5.11,2.63,Red,Upstream Thermal Capacity,,,,
E - ECLA - 06,E - ECLA - 06,England / SEPD,Upper Heyford Primary,East Claydon GSP,Bicester North BSP,Primary,33 / 11,51.927122,-1.2488285,SP 51750 25667,,85979,2 x 7.5 / 15MVA,No,7.52,1.08,5.45,0.00,0.00,Red,Upstream Thermal Capacity,1MW,3.09,0.74,No,0.00,13.10,10.41,Red,Upstream Thermal Capacity,Replace sections of existing dual rutter 33kV overhead lines with 33kV cables between Bicester Primary and Upper Heyford Primary,Jan-28,,
E - FAWL - 01,E - FAWL - 01,England / SEPD,Fawley GSP,N/A,N/A,GSP,400 / 132,50.820664,-1.3307404,SU 47240 02560,,"15014, 15018, 15410, 15413",3 x 240MVA,No,178.39,20.67,35.76,114.18,N/A,Green,,5MW,479.57,297.40,Yes,N/A,31.50,17.79,Red,Substation Thermal Capacity,,,,
E - FAWL - 02,E - FAWL - 02,England / SEPD,Cowes BSP,Fawley GSP,N/A,BSP,132 / 33,50.745665,-1.2853344,SZ 50519 94250,Cowes and Wooton Common BSP's are run in parallel so the estimated headroom includes both BSP's. Note that due to this network arrangement detailed studies are required regardless of any estimated headroom shown,13930,1 x 22.5 / 45MVA + 1 x 45MVA,No,38.23,6.50,5.18,0.00,0.00,Red,Substation Thermal Capacity,5MW,15.49,15.00,Yes,0.00,25.00,17.10,Red,Substation Thermal Capacity & Upstream Thermal Capacity,,,,
E - FAWL - 03,E - FAWL - 03,England / SEPD,Langley BSP,Fawley GSP,N/A,BSP,132 / 33,50.810181,-1.360057,SU 45185 01376,,18230,2 x 22.5 / 45MVA,No,20.59,5.36,10.17,0.00,16.52,Green,,5MW,7.60,0.00,Yes,0.00,25.00,12.76,Red,Upstream Thermal Capacity,,,,
E - FAWL - 04,E - FAWL - 04,England / SEPD,Wootton Common BSP,Fawley GSP,N/A,BSP,133 / 33,50.710007,-1.2537664,SZ 52786 90307,Cowes and Wooton Common BSP's are run in parallel so the estimated headroom includes both BSP's. Note that due to this network arrangement detailed studies are required regardless of any estimated headroom shown,"14967, 14966, 25830",2 x 45 / 90MVA,No,68.90,14.98,20.41,0.00,0.00,Red,Substation Thermal Capacity,5MW,77.32,48.34,Yes,0.00,25.00,15.69,Red,Substation Thermal Capacity & Upstream Thermal Capacity,,,,
E - FAWL - 05,E - FAWL - 05,England / SEPD,Cowes Primary,Fawley GSP,Cowes BSP,Primary,33 / 11,50.746401,-1.2850965,SZ 50535 94332,Cowes and Wooton Common BSP's are run in parallel so the estimated headroom includes both BSP's. Note that due to this network arrangement detailed studies are required regardless of any estimated headroom shown,88670,2 x 15 / 30MVA,No,19.53,5.24,4.22,0.00,0.00,Red,Upstream Thermal Capacity,5MW,3.33,0.00,Yes,0.00,13.10,10.53,Red,Upstream Thermal Capacity,,,,
E - FAWL - 06,E - FAWL - 06,England / SEPD,Freshwater Primary,Fawley GSP,Cowes BSP,Primary,33 / 11,50.681336,-1.5155246,SZ 34325 86965,Cowes and Wooton Common BSP's are run in parallel so the estimated headroom includes both BSP's. Note that due to this network arrangement detailed studies are required regardless of any estimated headroom shown,88683,2 x 7.5 / 15MVA,No,5.94,1.26,0.09,0.00,0.00,Red,Upstream Thermal Capacity,5MW,0.39,0.00,Yes,0.00,25.00,6.39,Red,Upstream Thermal Capacity,,,,
E - FAWL - 07,E - FAWL - 07,England / SEPD,Shanklin Primary,Fawley GSP,Cowes BSP,Primary,33 / 11,50.634046,-1.1839465,SZ 57809 81912,Cowes and Wooton Common BSP's are run in parallel so the estimated headroom includes both BSP's. Note that due to this network arrangement detailed studies are required regardless of any estimated headroom shown,88754,2 x 15 / 30MVA,No,10.46,2.55,3.73,0.00,0.00,Red,Upstream Thermal Capacity,5MW,2.66,0.00,Yes,0.00,13.10,7.51,Red,Upstream Thermal Capacity,,,,
E - FAWL - 08,E - FAWL - 08,England / SEPD,Binstead Primary,Fawley GSP,Wootton Common BSP,Primary,33 / 11,50.719488,-1.2022961,SZ 56409 91399,Cowes and Wooton Common BSP's are run in parallel so the estimated headroom includes both BSP's. Note that due to this network arrangement detailed studies are required regardless of any estimated headroom shown,88697,2 x 7.5 / 15MVA,No,5.08,0.85,0.14,0.00,0.00,Red,Upstream Thermal Capacity,5MW,0.00,0.00,Yes,0.00,13.10,7.50,Red,Upstream Thermal Capacity,,,,
E - FAWL - 09,E - FAWL - 09,England / SEPD,Newport Primary,Fawley GSP,Wootton Common BSP,Primary,33 / 11,50.703387,-1.2922503,SZ 50076 89544,Cowes and Wooton Common BSP's are run in parallel so the estimated headroom includes both BSP's. Note that due to this network arrangement detailed studies are required regardless of any estimated headroom shown,"88773, 88786",3 x 15 / 30MVA,No,24.39,5.07,7.35,0.00,0.00,Red,Upstream Thermal Capacity,5MW,0.62,0.00,Yes,0.00,13.10,12.12,Red,Upstream Thermal Capacity & Substation Fault Level,,,,
E - FAWL - 10,E - FAWL - 10,England / SEPD,Ryde Primary,Fawley GSP,Wootton Common BSP,Primary,33 / 11,50.724336,-1.1576577,SZ 59554 91973,Cowes and Wooton Common BSP's are run in parallel so the estimated headroom includes both BSP's. Note that due to this network arrangement detailed studies are required regardless of any estimated headroom shown,88748,2 x 15 / 30MVA,No,17.13,3.46,4.71,0.00,0.00,Red,Upstream Thermal Capacity,5MW,0.00,0.00,Yes,0.00,13.10,8.68,Red,Upstream Thermal Capacity,,,,
E - FAWL - 11,E - FAWL - 11,England / SEPD,Sandown Primary,Fawley GSP,Wootton Common BSP,Primary,33 / 11,50.662071,-1.1542019,SZ 59877 85052,Cowes and Wooton Common BSP's are run in parallel so the estimated headroom includes both BSP's. Note that due to this network arrangement detailed studies are required regardless of any estimated headroom shown,88733,2 x 7.5 / 15MVA,No,11.89,2.61,4.04,0.00,0.00,Red,Substation Thermal Capacity & Upstream Thermal Capacity,5MW,0.00,0.00,Yes,0.00,13.10,7.34,Red,Upstream Thermal Capacity,,,,
E - FAWL - 12,E - FAWL - 12,England / SEPD,Shalfleet Primary,Fawley GSP,Wootton Common BSP,Primary,33 / 11,50.696006,-1.4233004,SZ 40828 88643,Cowes and Wooton Common BSP's are run in parallel so the estimated headroom includes both BSP's. Note that due to this network arrangement detailed studies are required regardless of any estimated headroom shown,88676,2 x 7.5 / 15MVA,No,6.03,1.12,0.87,0.00,0.00,Red,Upstream Thermal Capacity,5MW,1.43,0.00,Yes,0.00,25.00,7.56,Red,Upstream Thermal Capacity,,,,
E - FAWL - 13,E - FAWL - 13,England / SEPD,Ventnor Primary,Fawley GSP,Wootton Common BSP,Primary,33 / 11,50.597745,-1.2080428,SZ 56148 77857,Cowes and Wooton Common BSP's are run in parallel so the estimated headroom includes both BSP's. Note that due to this network arrangement detailed studies are required regardless of any estimated headroom shown,88794,2 x 15 / 30MVA,No,8.80,1.27,0.44,0.00,0.00,Red,Upstream Thermal Capacity,5MW,0.00,0.00,Yes,0.00,16.00,9.59,Red,Upstream Thermal Capacity,,,,
E - FAWL - 14,E - FAWL - 14,England / SEPD,Butts Ash Primary,Fawley GSP,Langley BSP,Primary,33 / 11,50.849954,-1.4058504,SU 41923 05772,,88095,2 x 15 / 30MVA,No,13.23,2.71,1.37,0.00,8.86,Green,,5MW,0.00,0.00,Yes,0.00,25.00,9.90,Red,Upstream Thermal Capacity,,,,
E - FAWL - 15,E - FAWL - 15,England / SEPD,Langley Primary,Fawley GSP,Langley BSP,Primary,33 / 11,50.810561,-1.360435,SU 45158 01418,,88103,2 x 7.5 / 15MVA,No,9.90,1.43,7.74,0.00,0.00,Red,Substation Thermal Capacity,5MW,0.20,0.00,Yes,0.00,25.00,12.79,Red,Upstream Thermal Capacity,,,,
E - FLEE - 01,E - FLEE - 01,England / SEPD,Fleet-Bramley GSP,N/A,N/A,GSP,400 / 132,51.249944,-0.88150025,SU 78160 50680,,"11920, 11921, 11922, 11923, 12410, 12411",9 x 240MVA,No,1093.26,462.89,582.78,226.77,N/A,Green,,5MW,339.64,751.08,Yes,N/A,31.50,24.92,Red,Substation Thermal Capacity,,,"Split the Fleet-Bramley 132kV network and transfer Burghfield and Reading BSP's to the new Bramley 132kV board (Jul-30)

Replace the 132kV board with 40kA break / 100kA make switchgear at the Fleet GSP site",Aug-31
E - FLEE - 02,E - FLEE - 02,England / SEPD,Aldershot BSP,Fleet-Bramley GSP,N/A,BSP,132 / 33,51.231739,-0.77076743,SU 85922 48779,,"10130, 12914",3 x 45 / 90MVA,No,110.41,26.93,36.11,0.00,0.00,Red,Substation Thermal Capacity,5MW,3.65,0.40,Yes,0.00,31.50,4.40,Red,Upstream Thermal Capacity,,,,
E - FLEE - 03,E - FLEE - 03,England / SEPD,Alton BSP,Fleet-Bramley GSP,N/A,BSP,132 / 33,51.152594,-0.96149453,SU 72730 39772,,"10330, 12603",2 x 90MVA,No,66.63,15.81,47.69,0.00,22.91,Green,,5MW,48.90,85.09,Yes,0.00,25.00,18.67,Red,Substation Thermal Capacity & Upstream Thermal Capacity,"Establish a new 132kV switching station in the area of the Winchester tee point that connects Fleet GSP, Nusling GSP, Alton BSP and Fernhurst BSP ",Nov-29,Replace the 33kV board with 31.5kA break / 78.8kA make switchgear,Feb-29
E - FLEE - 04,E - FLEE - 04,England / SEPD,Bracknell BSP,Fleet-Bramley GSP,N/A,BSP,132 / 33,51.417297,-0.76430175,SU 86026 69422,,"13062, 13083, 13108",2 x 45 / 90MVA + 2 x 65 / 90MVA,No,119.63,34.62,75.82,0.00,63.67,Green,,5MW,41.13,1.16,Yes,0.00,31.50,22.01,Red,Upstream Thermal Capacity,,,,
E - FLEE - 05,E - FLEE - 05,England / SEPD,Burghfield (Main) BSP,Fleet-Bramley GSP,N/A,BSP,132 / 33,51.429451,-1.0028498,SU 69420 70521,,"12630, 13168",2 x 45 / 90MVA,No,55.54,10.39,44.59,0.00,34.82,Green,,5MW,51.68,3.00,Yes,0.00,31.50,15.22,Red,Upstream Thermal Capacity,,,,
E - FLEE - 06,E - FLEE - 06,England / SEPD,Burghfield (Reserve) BSP,Fleet-Bramley GSP,N/A,BSP,132 / 33,51.429473,-1.0026164,SU 69436 70524,,13167,2 x 45 / 90MVA,No,51.90,7.48,19.67,5.00,52.90,Green,,5MW,30.64,39.78,Yes,0.00,31.50,14.05,Red,Upstream Thermal Capacity,,,,
E - FLEE - 07,E - FLEE - 07,England / SEPD,Camberley (Main) BSP,Fleet-Bramley GSP,N/A,BSP,132 / 33,51.327873,-0.75947261,SU 86530 59483,,"13187, 13288",2 x 45 / 90MVA,No,73.85,27.60,18.19,0.00,31.73,Green,,5MW,0.53,0.23,Yes,0.00,25.00,13.58,Red,Upstream Thermal Capacity,,,,
E - FLEE - 08,E - FLEE - 08,England / SEPD,Camberley (Reserve) BSP,Fleet-Bramley GSP,N/A,BSP,132 / 33,51.327873,-0.75947261,SU 86530 59483,,13305,2 x 45 / 90MVA,No,54.78,15.82,32.70,0.00,42.73,Green,,5MW,0.41,0.25,Yes,0.00,25.00,13.40,Red,Upstream Thermal Capacity,,,,
E - FLEE - 09,E - FLEE - 09,England / SEPD,Coxmoor Wood BSP,Fleet-Bramley GSP,N/A,BSP,132 / 33,51.251153,-0.87912099,SU 78324 50817,,14130,2 x 45 / 90MVA,No,84.17,12.13,23.25,10.97,20.48,Green,,5MW,34.09,31.90,Yes,0.00,25.00,16.04,Red,Upstream Thermal Capacity,,,Add a 3rd 90MVA transformer,Dec-31
E - FLEE - 10,E - FLEE - 10,England / SEPD,Fernhurst BSP,Fleet-Bramley GSP,N/A,BSP,133 / 33,51.047896,-0.76706082,SU 86523 28339,,"12813, 15730",2 x 45 / 90MVA,No,75.66,18.68,41.36,0.00,18.23,Green,,5MW,31.29,48.26,Yes,0.00,17.50,15.73,Red,Upstream Thermal Capacity,"Establish a new 132kV switching station in the area of the Winchester tee point that connects Fleet GSP, Nusling GSP, Alton BSP and Fernhurst BSP ",Nov-29,,
E - FLEE - 11,E - FLEE - 11,England / SEPD,Maidenhead BSP,Fleet-Bramley GSP,N/A,BSP,132 / 33,51.511249,-0.75360552,SU 86592 79883,,"13008, 13009, 13010",1 x 45 / 90MVA + 1 x 65 / 90MVA,No,70.89,17.96,37.47,0.00,23.18,Green,,5MW,0.00,18.50,Yes,0.00,31.50,12.33,Red,Upstream Thermal Capacity,,,,
E - FLEE - 12,E - FLEE - 12,England / SEPD,Pyestock BSP,Fleet-Bramley GSP,N/A,BSP,132 / 33,51.284088,-0.81213017,SU 82940 54553,,"21632, 21634",1 x 45 / 90MVA,No,32.62,6.77,77.45,0.00,35.76,Green,,5MW,30.48,0.00,Yes,0.00,25.00,17.57,Red,Upstream Thermal Capacity,,,,
E - FLEE - 13,E - FLEE - 13,England / SEPD,Reading BSP,Fleet-Bramley GSP,N/A,BSP,132 / 33,51.45877,-0.92704155,SU 74642 73856,,"12501, 12533, 12534, 21930",2 x 45 / 90MVA + 1 x 55 / 90MVA,No,123.57,42.56,66.73,0.00,0.00,Red,Substation Thermal Capacity,5MW,15.69,51.80,Yes,0.00,25.00,25.17,Red,Upstream Thermal Capacity & Substation Fault Level,,,Add a 4th 90MVA transformer,Sep-26
E - FLEE - 14,E - FLEE - 14,England / SEPD,Reading Town BSP,Fleet-Bramley GSP,N/A,BSP,132 / 33,51.461457,-0.97105467,SU 71580 74111,,"12762, 22030",2 x 45 / 90MVA,No,52.70,15.49,19.65,0.00,52.74,Green,,5MW,0.57,0.00,Yes,0.00,17.50,15.07,Red,Upstream Thermal Capacity,,,,
E - FLEE - 15,E - FLEE - 15,England / SEPD,Wokingham BSP,Fleet-Bramley GSP,N/A,BSP,132 / 33,51.402441,-0.85724149,SU 79589 67665,,"12576, 25616",2 x 45 / 90MVA,No,25.30,6.89,12.12,0.00,83.66,Green,,5MW,0.00,0.13,Yes,0.00,31.50,13.37,Red,Upstream Thermal Capacity,,,,
E - FLEE - 16,E - FLEE - 16,England / SEPD,Aldershot Primary,Fleet-Bramley GSP,Aldershot BSP,Primary,33 / 11,51.232226,-0.76998103,SU 85976 48834,,12203,2 x 15 / 30MVA,No,10.93,2.44,2.96,0.00,0.00,Red,Upstream Thermal Capacity,5MW,2.28,0.12,Yes,0.00,25.00,8.35,Red,Upstream Thermal Capacity,,,,
E - FLEE - 17,E - FLEE - 17,England / SEPD,Farnham Primary,Fleet-Bramley GSP,Aldershot BSP,Primary,33 / 11,51.217907,-0.79125349,SU 84517 47217,,87017,1 x 20MVA + 1 x 15 / 30MVA,No,15.78,4.03,7.81,0.00,0.00,Red,Upstream Thermal Capacity,5MW,0.00,0.00,Yes,0.00,13.10,6.90,Red,Upstream Thermal Capacity,Replace existing rutter pole 33kV overhead line sections between Aldershot BSP and Farnham Primary with 33kV cable,Apr-26,,
E - FLEE - 18,E - FLEE - 18,England / SEPD,Godalming Primary,Fleet-Bramley GSP,Aldershot BSP,Primary,33 / 11,51.190421,-0.6170161,SU 96743 44375,,87020,2 x 15 / 30MVA,No,16.82,4.21,3.97,0.00,0.00,Red,Upstream Thermal Capacity,5MW,0.00,0.02,Yes,0.00,13.10,4.98,Red,Upstream Thermal Capacity,,,,
E - FLEE - 19,E - FLEE - 19,England / SEPD,Hindhead Primary,Fleet-Bramley GSP,Aldershot BSP,Primary,33 / 11,51.120751,-0.7350071,SU 88631 36479,,87018,3 x 15 / 30MVA,No,10.76,2.96,2.78,0.00,0.00,Red,Upstream Thermal Capacity,5MW,0.00,0.20,Yes,0.00,20.00,4.02,Red,Upstream Thermal Capacity,,,,
E - FLEE - 20,E - FLEE - 20,England / SEPD,Laburnum Road Primary,Fleet-Bramley GSP,Aldershot BSP,Primary,33 / 11,51.246972,-0.76900031,SU 86017 50475,,17950,3 x 12 / 24MVA,No,21.04,4.40,9.91,0.00,0.00,Red,Upstream Thermal Capacity,5MW,0.13,0.00,Yes,0.00,25.00,8.34,Red,Upstream Thermal Capacity,,,,
E - FLEE - 21,E - FLEE - 21,England / SEPD,Milford Primary,Fleet-Bramley GSP,Aldershot BSP,Primary,33 / 11,51.178561,-0.64632756,SU 94719 43018,,87019,2 x 12 / 24MVA,No,11.78,3.71,4.42,0.00,0.00,Red,Upstream Thermal Capacity,5MW,0.00,0.00,Yes,0.00,20.00,4.74,Red,Upstream Thermal Capacity,,,,
E - FLEE - 22,E - FLEE - 22,England / SEPD,Normandy Primary,Fleet-Bramley GSP,Aldershot BSP,Primary,33 / 11,51.267587,-0.66518648,SU 93221 52894,,87021,1 x 6.25MVA,Yes,2.14,0.31,1.43,0.00,0.00,Red,Upstream Thermal Capacity,5MW,0.00,0.00,Yes,0.00,16.00,2.28,Red,Upstream Thermal Capacity,,,,
E - FLEE - 23,E - FLEE - 23,England / SEPD,Tongham Primary,Fleet-Bramley GSP,Aldershot BSP,Primary,33 / 11,51.23774,-0.73639986,SU 88310 49487,,12442,2 x 15 / 30MVA,No,14.73,3.37,2.84,0.00,0.00,Red,Upstream Thermal Capacity,5MW,1.24,0.07,Yes,0.00,16.00,7.85,Red,Upstream Thermal Capacity,Reinforce the 33kV circuits between Aldershot BSP and Tongham Primary and remove Farnborough from the Aldershot - Tongham 33kV circuit ,Mar-28,,
E - FLEE - 24,E - FLEE - 24,England / SEPD,Alresford Primary,Fleet-Bramley GSP,Alton BSP,Primary,33 / 11,51.088816,-1.1491999,SU 59684 32511,,10050,2 x 10MVA,No,10.72,2.88,2.98,0.00,0.30,Red,Substation Thermal Capacity,5MW,0.00,4.77,Yes,0.00,13.10,7.75,Red,Upstream Thermal Capacity,Reinforce the 33kV circuit between Alton BSP and Alresord Primary,Mar-28,Replace both transformers with 15 / 30MVA units,Mar-28
E - FLEE - 25,E - FLEE - 25,England / SEPD,Alton Local Primary,Fleet-Bramley GSP,Alton BSP,Primary,33 / 11,51.151139,-0.96575932,SU 72434 39606,,"10250, 10251",2 x 12 / 24MVA,No,25.07,5.23,6.56,0.00,18.47,Green,,5MW,0.24,0.40,Yes,0.00,13.10,10.93,Red,Upstream Thermal Capacity,,,,
E - FLEE - 26,E - FLEE - 26,England / SEPD,Bordon Primary,Fleet-Bramley GSP,Alton BSP,Primary,33 / 11,51.110823,-0.82634825,SU 82256 35269,,12150,3 X 10MVA,No,18.55,3.07,7.35,0.00,1.14,Red,Substation Thermal Capacity,5MW,0.00,0.00,Yes,0.00,13.10,11.48,Red,Upstream Thermal Capacity,Establish a new Primary substation Bordon North including 2 x 7.5 / 15MVA transformers fed via 2 x new 33kV circuits from Alton BSP and 1 x 33kV circuit to the existing Bordon Primary ,Sep-26,,
E - FLEE - 27,E - FLEE - 27,England / SEPD,Herriard Primary,Fleet-Bramley GSP,Alton BSP,Primary,33 / 11,51.200071,-1.0457323,SU 66770 44972,,12393,1 x 7.5MVA + 1 x 10MVA,No,5.09,0.73,0.09,0.00,2.36,Green,,5MW,6.65,0.00,Yes,0.00,16.00,5.02,Red,Upstream Thermal Capacity,,,,
E - FLEE - 28,E - FLEE - 28,England / SEPD,Five Oaks Primary,Fleet-Bramley GSP,Fernhurst BSP,Primary,33 / 11,51.050213,-0.42282521,TQ 10647 29057,,12196,2 x 7.5 / 15MVA,No,9.30,1.34,3.82,0.00,2.64,Green,,5MW,0.95,0.00,Yes,0.00,13.10,7.00,Red,Upstream Thermal Capacity,,,,
E - FLEE - 29,E - FLEE - 29,England / SEPD,Haslemere Primary,Fleet-Bramley GSP,Fernhurst BSP,Primary,33 / 11,51.077775,-0.72662903,SU 89300 31710,,16850,1 x 20MVA + 1 x 15 / 30MVA,No,16.49,2.72,3.61,0.00,7.54,Green,,5MW,0.00,0.11,Yes,0.00,25.00,11.17,Red,Upstream Thermal Capacity,,,,
E - FLEE - 30,E - FLEE - 30,England / SEPD,Haslingborne Primary,Fleet-Bramley GSP,Fernhurst BSP,Primary,33 / 11,50.973539,-0.60288554,SU 98188 20276,,16450,2 x 10MVA,No,6.48,1.44,0.97,0.00,5.97,Green,,5MW,0.00,0.00,Yes,0.00,25.00,3.80,Red,Upstream Thermal Capacity,,,Replace both transformers with 12 / 24MVA units,Nov-26
E - FLEE - 31,E - FLEE - 31,England / SEPD,Langley Court Primary,Fleet-Bramley GSP,Fernhurst BSP,Primary,33 / 11,51.055166,-0.84785962,SU 80847 29056,,18150,2 x 12 / 24MVA,No,8.87,2.24,8.80,0.00,7.16,Green,,5MW,0.00,0.00,Yes,0.00,25.00,12.48,Red,Upstream Thermal Capacity,,,,
E - FLEE - 32,E - FLEE - 32,England / SEPD,Midhurst Primary,Fleet-Bramley GSP,Fernhurst BSP,Primary,33 / 11,50.968682,-0.74631968,SU 88127 19555,,19850,2 x 15 / 30MVA,No,11.48,3.14,2.69,0.00,15.30,Green,,5MW,0.95,2.00,Yes,0.00,13.10,10.59,Red,Upstream Thermal Capacity,,,,
E - FLEE - 33,E - FLEE - 33,England / SEPD,Petersfield Primary,Fleet-Bramley GSP,Fernhurst BSP,Primary,33 / 11,51.005395,-0.94421714,SU 74173 23420,,21050,2 x 15 / 30MVA,No,19.01,4.23,8.68,0.00,4.25,Green,,5MW,0.24,0.15,Yes,0.00,13.10,11.34,Red,Upstream Thermal Capacity,,,,
E - FLEE - 34,E - FLEE - 34,England / SEPD,Plaistow Primary,Fleet-Bramley GSP,Fernhurst BSP,Primary,33 / 11,51.056914,-0.54497086,TQ 02071 29626,,21150,2 x 7.5 / 15MVA,No,5.02,0.80,15.45,0.00,1.86,Amber,Substation Thermal Capacity,5MW,4.75,0.00,Yes,0.00,25.00,7.85,Red,Upstream Thermal Capacity,,,Replace both transformers with 15 / 30MVA units,Apr-28
E - FLEE - 35,E - FLEE - 35,England / SEPD,Preston Candover Primary,Fleet-Bramley GSP,Fernhurst BSP,Primary,33 / 11,51.166193,-1.1306863,SU 60879 41131,,21550,2 x 7.5 / 15MVA,No,5.57,0.93,9.14,0.00,3.82,Green,,5MW,0.00,0.00,Yes,0.00,25.00,7.37,Red,Upstream Thermal Capacity,,,,
E - FLEE - 36,E - FLEE - 36,England / SEPD,Ascot Primary,Fleet-Bramley GSP,Bracknell BSP,Primary,33 / 11,51.411326,-0.68409816,SU 91615 68855,,87217,2 x 15 / 30MVA,No,13.13,4.62,2.38,0.00,17.79,Green,,5MW,0.00,0.00,Yes,0.00,25.00,9.34,Red,Upstream Thermal Capacity,,,,
E - FLEE - 37,E - FLEE - 37,England / SEPD,Bagshot Primary,Fleet-Bramley GSP,Bracknell BSP,Primary,33 / 11,51.363474,-0.69255137,SU 91122 63523,,87218,2 x 12 / 24MVA,No,12.79,2.51,5.06,0.00,7.48,Green,,5MW,0.00,0.00,Yes,0.00,20.00,8.23,Red,Upstream Thermal Capacity,,,,
E - FLEE - 38,E - FLEE - 38,England / SEPD,Bracknell Primary,Fleet-Bramley GSP,Bracknell BSP,Primary,33 / 11,51.417065,-0.76360335,SU 86075 69397,,87219,3 x 20 / 40MVA,No,33.08,9.28,15.46,0.00,31.36,Green,,5MW,0.00,0.11,Yes,0.00,20.00,17.75,Red,Upstream Thermal Capacity,,,,
E - FLEE - 39,E - FLEE - 39,England / SEPD,Chobham Primary,Fleet-Bramley GSP,Bracknell BSP,Primary,33 / 11,51.359776,-0.60574616,SU 97173 63223,,87220,2 x 7.5 / 11MVA,No,10.43,2.94,4.91,0.00,0.11,Red,Substation Thermal Capacity,5MW,0.00,0.00,Yes,0.00,25.00,8.26,Red,Upstream Thermal Capacity,,,Replace both transformers with 12 / 24MVA units,Oct-26
E - FLEE - 40,E - FLEE - 40,England / SEPD,Easthampstead Primary,Fleet-Bramley GSP,Bracknell BSP,Primary,33 / 11,51.39725,-0.76308822,SU 86148 67194,,87221,2 x 15 / 30MVA,No,16.95,3.37,3.47,0.00,9.03,Green,,5MW,0.09,0.00,Yes,0.00,25.00,10.80,Red,Upstream Thermal Capacity,,,,
E - FLEE - 41,E - FLEE - 41,England / SEPD,MVEE Primary,Fleet-Bramley GSP,Bracknell BSP,Primary,33 / 11,51.384081,-0.59139871,SU 98120 65945,,87223,2 x 15 / 30MVA,No,5.59,1.01,4.02,0.00,18.01,Green,,5MW,3.04,0.00,Yes,0.00,13.10,8.07,Red,Upstream Thermal Capacity,,,,
E - FLEE - 42,E - FLEE - 42,England / SEPD,Sunninghill Primary,Fleet-Bramley GSP,Bracknell BSP,Primary,33 / 6.6,51.399749,-0.65363807,SU 93757 67606,,87224,2 x 12 / 24MVA,No,9.84,2.42,1.55,0.00,11.96,Green,,5MW,0.00,0.00,Yes,0.00,20.00,8.72,Red,Upstream Thermal Capacity,,,,
E - FLEE - 43,E - FLEE - 43,England / SEPD,Warfield Primary,Fleet-Bramley GSP,Bracknell BSP,Primary,33 / 11,51.434774,-0.75039344,SU 86960 71382,,87225,2 x 15 / 30MVA,No,20.25,4.81,3.96,0.00,5.75,Green,,5MW,0.00,1.00,Yes,0.00,13.10,10.40,Red,Upstream Thermal Capacity,,,,
E - FLEE - 44,E - FLEE - 44,England / SEPD,Courages Primary,Fleet-Bramley GSP,Burghfield (Main) BSP,Primary,33 / 11,51.420707,-0.98045501,SU 70990 69570,,86628,2 x 15 / 30MVA,No,13.27,5.39,12.55,0.00,6.39,Green,,5MW,4.28,2.00,Yes,0.00,13.10,10.58,Red,Upstream Thermal Capacity,,,,
E - FLEE - 45,E - FLEE - 45,England / SEPD,Green Park Primary,Fleet-Bramley GSP,Burghfield (Main) BSP,Primary,33 / 11,51.424681,-1.0006598,SU 69579 69993,,86644,2 x 20 / 40MVA,No,10.22,2.81,23.46,0.00,9.08,Green,,5MW,0.00,0.00,Yes,0.00,25.00,10.45,Red,Upstream Thermal Capacity,,,,
E - FLEE - 46,E - FLEE - 46,England / SEPD,Kentwood Hill Primary,Fleet-Bramley GSP,Burghfield (Main) BSP,Primary,33 / 11,51.461438,-1.0355136,SU 67102 74048,,86629,2 x 20 / 28MVA,No,18.04,3.77,0.91,0.00,7.90,Green,,5MW,0.00,0.00,Yes,0.00,16.00,11.47,Red,Upstream Thermal Capacity,,,,
E - FLEE - 47,E - FLEE - 47,England / SEPD,Whitley Wood Primary,Fleet-Bramley GSP,Burghfield (Main) BSP,Primary,33 / 11,51.421348,-0.95423686,SU 72812 69667,,86637,2 x 15 / 30MVA,No,13.73,3.73,4.88,0.00,20.57,Green,,5MW,0.00,1.00,Yes,0.00,25.00,9.26,Red,Upstream Thermal Capacity,,,,
E - FLEE - 48,E - FLEE - 48,England / SEPD,Wilson Road Primary,Fleet-Bramley GSP,Burghfield (Main) BSP,Primary,33 / 11,51.454493,-1.0049612,SU 69235 73304,,86638,2 x 15 / 30MVA,No,14.71,3.19,2.79,0.00,12.48,Green,,5MW,0.00,0.00,Yes,0.00,25.00,11.84,Red,Upstream Thermal Capacity,,,,
E - FLEE - 49,E - FLEE - 49,England / SEPD,Goring Primary,Fleet-Bramley GSP,Burghfield (Reserve) BSP,Primary,33 / 11,51.54174,-1.1318284,SU 60305 82895,,86676,2 x 7.5 / 15MVA,No,6.20,1.24,0.21,0.00,9.99,Green,,5MW,6.76,0.00,Yes,0.00,25.00,7.62,Red,Upstream Thermal Capacity,,,,
E - FLEE - 50,E - FLEE - 50,England / SEPD,Mortimer Primary,Fleet-Bramley GSP,Burghfield (Reserve) BSP,Primary,33 / 11,51.372583,-1.107289,SU 62236 64103,,86630,1 x 7.5 / 15MVA,Yes,8.01,1.27,2.65,0.00,4.73,Green,,5MW,0.00,0.00,Yes,0.00,13.10,6.49,Red,Upstream Thermal Capacity,,,,
E - FLEE - 51,E - FLEE - 51,England / SEPD,Padworth Primary,Fleet-Bramley GSP,Burghfield (Reserve) BSP,Primary,33 / 11,51.390105,-1.1068476,SU 62243 66052,,86631,1 x 7.5 / 10.5MVA,Yes,3.22,0.46,0.12,0.00,3.80,Green,,5MW,0.00,0.00,Yes,0.00,13.10,4.85,Red,Upstream Thermal Capacity,,,,
E - FLEE - 52,E - FLEE - 52,England / SEPD,Pangbourne Primary,Fleet-Bramley GSP,Burghfield (Reserve) BSP,Primary,33 / 11,51.480757,-1.0947532,SU 62960 76144,,86632,2 x 15 / 30MVA,No,9.54,2.04,1.28,0.00,18.16,Green,,5MW,0.00,0.00,Yes,0.00,25.00,9.16,Red,Upstream Thermal Capacity,,,,
E - FLEE - 53,E - FLEE - 53,England / SEPD,Trash Green Primary,Fleet-Bramley GSP,Burghfield (Reserve) BSP,Primary,33 / 11,51.413862,-1.0487087,SU 66254 68745,,86636,2 x 7.5 / 15MVA,No,10.07,2.07,3.33,0.00,1.85,Green,,5MW,1.79,0.00,Yes,0.00,16.00,8.53,Red,Upstream Thermal Capacity,,,,
E - FLEE - 54,E - FLEE - 54,England / SEPD,Woodcote Primary,Fleet-Bramley GSP,Burghfield (Reserve) BSP,Primary,33 / 11,51.529859,-1.0726605,SU 64425 81624,,86639,1 x 7.5MVA + 1 x 10MVA,No,4.04,0.89,1.33,0.00,4.72,Green,,5MW,0.00,0.78,Yes,0.00,16.00,3.99,Red,Upstream Thermal Capacity,,,,
E - FLEE - 55,E - FLEE - 55,England / SEPD,Southcote Primary,Fleet-Bramley GSP,Burghfield (Reserve) BSP,Primary,33 / 11,51.436827,-1.0202497,SU 68199 71325,,86634,2 x 15MVA,No,7.58,1.60,5.59,5.00,7.57,Green,,5MW,0.00,5.00,Yes,0.00,16.00,11.85,Red,Upstream Thermal Capacity,Replace sections of existing 33kV overhead line between Southcote Primary and Theale Primary with underground cable,Mar-29,,
E - FLEE - 56,E - FLEE - 56,England / SEPD,Theale Primary,Fleet-Bramley GSP,Burghfield (Reserve) BSP,Primary,33 / 11,51.434443,-1.0698459,SU 64755 71015,,86633,2 x 12 / 24MVA,No,8.08,1.86,5.16,0.00,12.30,Green,,5MW,0.24,2.00,Yes,0.00,20.00,8.07,Red,Upstream Thermal Capacity,Replace sections of existing 33kV overhead line between Southcote Primary and Theale Primary with underground cable,Mar-29,,
E - FLEE - 57,E - FLEE - 57,England / SEPD,Camberley Primary,Fleet-Bramley GSP,Camberley (Main) BSP,Primary,33 / 11,51.327586,-0.7587053,SU 86584 59452,,"87315, 87323",3 x 20 / 40MVA,No,20.48,8.93,11.48,0.00,31.73,Green,,5MW,0.00,0.00,Yes,0.00,25.00,14.87,Red,Upstream Thermal Capacity,,,,
E - FLEE - 58,E - FLEE - 58,England / SEPD,Crowthorne Primary,Fleet-Bramley GSP,Camberley (Main) BSP,Primary,33 / 11,51.371953,-0.78787716,SU 84470 64352,,87324,2 x 7.5 / 15MVA + 1 x 12 / 24MVA,No,20.83,3.00,2.35,0.00,6.17,Green,,5MW,0.00,0.23,Yes,0.00,25.00,13.51,Red,Upstream Thermal Capacity,,,,
E - FLEE - 59,E - FLEE - 59,England / SEPD,Kings Ride Primary,Fleet-Bramley GSP,Camberley (Main) BSP,Primary,33 / 11,51.346119,-0.74431997,SU 87551 61530,,87320,2 x 15 / 24.5MVA,No,11.87,2.88,1.73,0.00,10.28,Green,,5MW,0.00,0.00,Yes,0.00,13.10,9.72,Red,Upstream Thermal Capacity,,,,
E - FLEE - 60,E - FLEE - 60,England / SEPD,Sandhurst Primary,Fleet-Bramley GSP,Camberley (Main) BSP,Primary,33 / 11,51.34132,-0.80121898,SU 83597 60930,,87322,2 x 15 / 30MVA,No,20.01,3.99,2.63,0.00,6.46,Green,,5MW,0.53,0.00,Yes,0.00,13.10,9.25,Red,Upstream Thermal Capacity,,,,
E - FLEE - 61,E - FLEE - 61,England / SEPD,Cove Primary,Fleet-Bramley GSP,Camberley (Reserve) BSP,Primary,33 / 11,51.296164,-0.77631976,SU 85415 55937,,87316,2 x 12 / 24MVA,No,9.67,2.21,3.03,0.00,10.75,Green,,5MW,0.00,0.00,Yes,0.00,13.10,8.28,Red,Upstream Thermal Capacity,,,,
E - FLEE - 62,E - FLEE - 62,England / SEPD,Farnborough Primary,Fleet-Bramley GSP,Camberley (Reserve) BSP,Primary,33 / 11,51.277666,-0.73395721,SU 88404 53930,,87318,2 x 15 / 30MVA,No,14.06,2.87,7.56,0.00,9.54,Green,,5MW,0.00,0.25,Yes,0.00,13.10,8.23,Red,Upstream Thermal Capacity,Reinforce the 33kV circuits between Aldershot BSP and Tongham Primary and remove Farnborough from the Aldershot - Tongham 33kV circuit ,Mar-28,,
E - FLEE - 63,E - FLEE - 63,England / SEPD,Frimley Primary,Fleet-Bramley GSP,Camberley (Reserve) BSP,Primary,33 / 11,51.313835,-0.74241777,SU 87745 57942,,87319,2 x 15 / 30MVA,No,19.30,4.38,16.28,0.00,0.00,Red,Substation Thermal Capacity,5MW,0.41,0.00,Yes,0.00,12.50,9.07,Red,Upstream Thermal Capacity,,,,
E - FLEE - 64,E - FLEE - 64,England / SEPD,Hawley Primary,Fleet-Bramley GSP,Camberley (Reserve) BSP,Primary,33 / 11,51.311848,-0.76789653,SU 85973 57691,,87408,2 x 15 / 30MVA,No,10.11,1.74,1.27,0.00,17.31,Green,,5MW,0.00,0.00,Yes,0.00,13.10,4.35,Red,Upstream Thermal Capacity,,,,
E - FLEE - 65,E - FLEE - 65,England / SEPD,Queensmead Primary,Fleet-Bramley GSP,Camberley (Reserve) BSP,Primary,33 / 11,51.293632,-0.75276547,SU 87062 55683,,87321,2 x 10MVA,No,6.16,1.60,4.56,0.00,3.55,Green,,5MW,0.00,0.00,Yes,0.00,13.10,8.42,Red,Upstream Thermal Capacity,,,,
E - FLEE - 66,E - FLEE - 66,England / SEPD,Coxmoor Wood Primary,Fleet-Bramley GSP,Coxmoor Wood BSP,Primary,33 / 11,51.250818,-0.87983124,SU 78275 50779,,87409,1 x 10 / 14MVA,Yes,9.95,1.50,1.11,0.00,7.72,Green,,5MW,0.06,0.00,Yes,0.00,16.00,6.91,Red,Upstream Thermal Capacity,,,,
E - FLEE - 67,E - FLEE - 67,England / SEPD,Crookham Primary,Fleet-Bramley GSP,Coxmoor Wood BSP,Primary,33 / 11,51.273928,-0.83014011,SU 81702 53403,,87410,2 x 15 / 30MVA,No,8.74,1.46,0.76,0.00,19.19,Green,,5MW,0.00,0.00,Yes,0.00,25.00,10.64,Red,Upstream Thermal Capacity,,,,
E - FLEE - 68,E - FLEE - 68,England / SEPD,Hitches Lane Primary,Fleet-Bramley GSP,Coxmoor Wood BSP,Primary,33 / 11,51.286525,-0.86195584,SU 79461 54769,,87411,2 x 20 / 40MVA,No,21.85,5.60,9.47,0.00,0.00,Red,Substation Thermal Capacity,5MW,4.05,0.00,Yes,0.00,25.00,9.50,Red,Upstream Thermal Capacity,,,,
E - FLEE - 69,E - FLEE - 69,England / SEPD,Hook Primary,Fleet-Bramley GSP,Coxmoor Wood BSP,Primary,33 / 11,51.278548,-0.96049275,SU 72602 53780,,87124,2 x 15 / 30MVA,No,13.44,2.67,6.30,0.00,11.03,Green,,5MW,0.00,0.00,Yes,0.00,25.00,8.33,Red,Upstream Thermal Capacity,,,,
E - FLEE - 70,E - FLEE - 70,England / SEPD,Wrecclesham Primary,Fleet-Bramley GSP,Coxmoor Wood BSP,Primary,33 / 11,51.192144,-0.8266165,SU 82093 44312,,87412,2 x 15 / 30MVA,No,12.12,2.45,2.80,0.00,18.06,Green,,5MW,0.00,0.00,Yes,0.00,25.00,8.08,Red,Upstream Thermal Capacity,Replace existing rutter pole 33kV overhead line sections between Coxmor Wood BSP and Wrecclesham Primary with 33kV cable,Oct-26,,
E - FLEE - 71,E - FLEE - 71,England / SEPD,Braywick Road Primary,Fleet-Bramley GSP,Maidenhead BSP,Primary,33 / 11,51.518471,-0.72033112,SU 88887 80726,,86322,2 x 15 / 30MVA,No,16.62,4.16,6.34,0.00,7.51,Green,,5MW,0.00,0.00,Yes,0.00,13.10,8.62,Red,Upstream Thermal Capacity,,,,
E - FLEE - 72,E - FLEE - 72,England / SEPD,Cordwallis Primary,Fleet-Bramley GSP,Maidenhead BSP,Primary,33 / 11,51.528732,-0.72872194,SU 88285 81857,,87505,2 x 15 / 30MVA,No,16.64,6.00,7.89,0.00,6.48,Green,,5MW,0.00,0.00,Yes,0.00,25.00,9.66,Red,Upstream Thermal Capacity,,,,
E - FLEE - 73,E - FLEE - 73,England / SEPD,Knowl Hill Primary,Fleet-Bramley GSP,Maidenhead BSP,Primary,33 / 11,51.504816,-0.80771168,SU 82849 79105,,87506,2 x 6.3MVA,No,3.37,0.72,0.31,0.00,4.63,Green,,5MW,0.00,0.65,Yes,0.00,25.00,5.49,Red,Upstream Thermal Capacity,,,,
E - FLEE - 74,E - FLEE - 74,England / SEPD,Maidenhead Primary,Fleet-Bramley GSP,Maidenhead BSP,Primary,33 / 11,51.510519,-0.75516733,SU 86485 79800,,87504,3 x 15 / 18.7MVA,No,21.20,6.41,12.21,0.00,18.38,Green,,5MW,0.00,0.00,Yes,0.00,13.10,13.78,Red,Upstream Thermal Capacity & Substation Fault Level,,,,
E - FLEE - 75,E - FLEE - 75,England / SEPD,Temple Farm Primary,Fleet-Bramley GSP,Maidenhead BSP,Primary,33 / 11,51.547472,-0.78743054,SU 84178 83872,,87507,1 x 4MVA,Yes,2.88,0.72,0.73,0.00,1.89,Green,,5MW,0.00,0.00,Yes,0.00,25.00,2.83,Red,Upstream Thermal Capacity,,,,
E - FLEE - 76,E - FLEE - 76,England / SEPD,Farnboro Airfield Primary,Fleet-Bramley GSP,Pyestock BSP,Primary,33 / 11,51.28274,-0.77060066,SU 85839 54451,,87417,2 x 20 / 40MVA,No,9.65,2.78,2.82,0.00,7.56,Green,,5MW,0.00,0.00,Yes,0.00,25.00,8.84,Red,Upstream Thermal Capacity,,,,
E - FLEE - 77,E - FLEE - 77,England / SEPD,Pyestock Primary,Fleet-Bramley GSP,Pyestock BSP,Primary,33 / 11,51.284088,-0.81213017,SU 82940 54553,,21651,2 x 12 / 24MVA,No,2.70,1.29,11.45,0.00,10.32,Green,,5MW,0.00,0.00,Yes,0.00,20.00,9.64,Red,Upstream Thermal Capacity,,,,
E - FLEE - 78,E - FLEE - 78,England / SEPD,Henley Primary,Fleet-Bramley GSP,Reading BSP,Primary,33 / 11,51.535587,-0.90464784,SU 76070 82422,,86920,2 x 15 / 30MVA,No,16.84,3.71,4.53,0.00,0.00,Red,Upstream Thermal Capacity,5MW,0.00,0.00,Yes,0.00,25.00,9.30,Red,Upstream Thermal Capacity & Upstream Fault Level Constraint,,,,
E - FLEE - 79,E - FLEE - 79,England / SEPD,Kidmore End Primary,Fleet-Bramley GSP,Reading BSP,Primary,33 / 11,51.498466,-0.99366056,SU 69953 78205,,86912,2 x 12 / 24MVA,No,7.53,1.82,0.62,0.00,0.00,Red,Upstream Thermal Capacity,5MW,0.00,0.00,Yes,0.00,25.00,4.28,Red,Upstream Thermal Capacity & Upstream Fault Level Constraint,,,,
E - FLEE - 80,E - FLEE - 80,England / SEPD,Little Hungerford Primary,Fleet-Bramley GSP,Reading BSP,Primary,33 / 11,51.442159,-0.91692717,SU 75372 72019,,86813,3 x 15 / 21MVA,No,23.58,6.94,10.53,0.00,0.00,Red,Upstream Thermal Capacity,5MW,0.00,0.00,Yes,0.00,25.00,17.09,Red,Upstream Thermal Capacity & Upstream Fault Level Constraint,,,,
E - FLEE - 81,E - FLEE - 81,England / SEPD,Northumberland Avenue Primary,Fleet-Bramley GSP,Reading BSP,Primary,33 / 11,51.434236,-0.96264619,SU 72207 71092,,86913,2 x 15 / 21MVA,No,12.84,4.15,4.45,0.00,0.00,Red,Upstream Thermal Capacity,5MW,0.00,0.30,Yes,0.00,25.00,17.05,Red,Upstream Thermal Capacity & Upstream Fault Level Constraint,,,,
E - FLEE - 82,E - FLEE - 82,England / SEPD,Reading Primary,Fleet-Bramley GSP,Reading BSP,Primary,33 / 11,51.458165,-0.92778979,SU 74591 73788,,86914,3 x 15 / 21MVA,No,23.84,7.36,18.87,0.00,0.00,Red,Substation Thermal Capacity & Upstream Thermal Capacity,5MW,0.10,0.00,Yes,0.00,20.00,17.32,Red,Upstream Thermal Capacity & Upstream Fault Level Constraint,,,,
E - FLEE - 83,E - FLEE - 83,England / SEPD,Silver Street Primary,Fleet-Bramley GSP,Reading BSP,Primary,33 / 11,51.449812,-0.96589104,SU 71957 72821,,86915,2 x 20 / 28MVA,No,16.95,3.52,3.31,0.00,0.00,Red,Upstream Thermal Capacity,5MW,1.14,0.00,Yes,0.00,13.10,14.78,Red,Upstream Thermal Capacity & Substation Fault Level & Upstream Fault Level Constraint,,,,
E - FLEE - 84,E - FLEE - 84,England / SEPD,Twyford Primary,Fleet-Bramley GSP,Reading BSP,Primary,33 / 11,51.48058,-0.87198034,SU 78430 76339,,86916,2 x 7.5 / 15MVA,No,11.74,2.91,0.91,0.00,0.00,Red,Upstream Thermal Capacity,5MW,0.13,0.00,Yes,0.00,13.10,7.72,Red,Upstream Thermal Capacity & Upstream Fault Level Constraint,,,,
E - FLEE - 85,E - FLEE - 85,England / SEPD,Caversham Primary,Fleet-Bramley GSP,Reading Town BSP,Primary,33 / 11,51.476173,-0.9717028,SU 71512 75747,,86812,2 x 15 / 30MVA,No,11.35,2.06,0.70,0.00,16.60,Green,,5MW,0.00,0.00,Yes,0.00,13.10,9.61,Red,Upstream Thermal Capacity,,,,
E - FLEE - 86,E - FLEE - 86,England / SEPD,Reading Town Primary,Fleet-Bramley GSP,Reading Town BSP,Primary,33 / 11,51.461561,-0.97162812,SU 71540 74122,,"12106, 86815",4 x 15 / 30MVA,No,27.75,7.80,14.43,0.00,52.74,Green,,5MW,0.57,0.00,Yes,0.00,13.10,9.78,Red,Upstream Thermal Capacity,,,,
E - FLEE - 87,E - FLEE - 87,England / SEPD,The Mall Primary,Fleet-Bramley GSP,Reading Town BSP,Primary,33 / 11,51.454136,-0.97497561,SU 71319 73293,,86816,2 x 20 / 40MVA,No,14.48,3.83,4.52,0.00,13.15,Green,,5MW,0.00,0.00,Yes,0.00,13.10,10.92,Red,Upstream Thermal Capacity,,,,
E - FLEE - 88,E - FLEE - 88,England / SEPD,Elms Road Primary,Fleet-Bramley GSP,Wokingham BSP,Primary,33 / 11,51.410027,-0.83594476,SU 81057 68532,,87222,2 x 15 / 24.5MVA,No,16.99,4.65,3.47,0.00,4.22,Green,,5MW,0.00,0.33,Yes,0.00,25.00,10.05,Red,Upstream Thermal Capacity,,,,
E - FLEE - 89,E - FLEE - 89,England / SEPD,Peacock Farm Primary,Fleet-Bramley GSP,Wokingham BSP,Primary,33 / 11,51.411076,-0.78252935,SU 84770 68709,,12333,2 x 7.5 / 15MVA,No,5.03,1.24,6.85,0.00,5.65,Green,,5MW,0.00,0.05,Yes,0.00,25.00,7.99,Red,Upstream Thermal Capacity,,,,
E - FLEE - 90,E - FLEE - 90,England / SEPD,Wokingham Primary,Fleet-Bramley GSP,Wokingham BSP,Primary,33 / 11,51.402441,-0.85724149,SU 79589 67665,,87228,2 x 15 / 30MVA,No,8.94,2.20,1.80,0.00,18.48,Green,,5MW,0.00,0.00,Yes,0.00,25.00,8.67,Red,Upstream Thermal Capacity,,,,
E - IVEE - 01,E - IVEE - 01,England / SEPD,Iver 66kV GSP,N/A,N/A,GSP,275 / 66,51.541765,-0.49770629,TQ 04280 83610,,"26447, 26448, 27060, 27061",2 x 120MVA + 2 x 180MVA,No,157.33,57.50,176.77,0.00,N/A,Green,,5MW,1.09,0.88,No,N/A,40.00,20.92,Green,,,,,
E - IVEE - 02,E - IVEE - 02,England / SEPD,Hillingdon Primary,Iver 66kV GSP,N/A,Primary,66 / 11,51.534129,-0.451964,TQ 07470 82827,,89845,2 x 20 / 40MVA,No,26.63,8.87,4.21,0.00,8.98,Green,,5MW,0.90,0.00,No,44.16,25.00,25.49,Red,Substation Fault Level,,,,
E - IVEE - 03,E - IVEE - 03,England / SEPD,Northolt Primary,Iver 66kV GSP,N/A,Primary,66 / 11,51.536961,-0.39303821,TQ 11550 83230,,89871,2 x 20 / 40MVA,No,27.93,6.02,14.55,0.00,0.00,Red,Substation Thermal Capacity,5MW,0.00,0.53,No,41.68,13.10,14.00,Red,Substation Fault Level,,,Replace both transformers with 80MVA units and replace the 11kV board with 25kA break / 62.5kA make switchgear,Oct-26
E - IVEE - 04,E - IVEE - 04,England / SEPD,Uxbridge Primary,Iver 66kV GSP,N/A,Primary,66 / 11,51.540502,-0.48759615,TQ 04984 83484,,"89854, 89850",3 x 20 / 28MVA,No,36.49,7.29,32.33,0.00,10.17,Green,,5MW,0.00,0.00,No,60.49,25.00,11.70,Green,,,,Replace all 3 existing transformers with 40MVA units,Jun-28
E - IVEE - 05,E - IVEE - 05,England / SEPD,Yiewsley Primary,Iver 66kV GSP,N/A,Primary,66 / 11,51.517702,-0.47885336,TQ 05643 80961,,"89881, 89876",2 x 30 / 60MVA,No,28.46,9.84,18.75,0.00,18.96,Green,,5MW,0.00,0.35,No,66.49,13.10,11.72,Green,,,,,
E - IVES - 01,E - IVES - 01,England / SEPD,Iver 132kV GSP,N/A,N/A,GSP,400 / 132,51.541765,-0.49770629,TQ 04280 83610,,"17610, 17611, 17612, 17613",4 x 240MVA,No,525.76,236.44,471.18,206.21,N/A,Red,Substation Thermal Capacity,5MW,157.02,358.96,No,N/A,20.00,20.53,Red,Substation Fault Level,"Transmission works:
Replace 3 x 240MVA transformers with 360MVA units",Sep-26,"Replace 132kV switchgear to achieve a rating of 40kA make / 100kA break (Jun-28)

Establish a new Denham B BSP including 2 x 90MVA transformers, transferring Denham Avenue Primary and Gerrards Cross Primary to the new BSP",Jun-30
E - IVES - 02,E - IVES - 02,England / SEPD,Chalvey BSP,Iver 132kV GSP,N/A,BSP,132 / 33,51.504952,-0.60858214,SU 96669 79364,,13031,2 x 45 / 90MVA,No,53.54,10.23,45.19,0.00,0.00,Red,Upstream Thermal Capacity,5MW,3.74,3.96,No,88.03,25.00,13.63,Amber,Upstream Fault Level Constraint,,,,
E - IVES - 03,E - IVES - 03,England / SEPD,Cippenham BSP,Iver 132kV GSP,N/A,BSP,132 / 33,51.507447,-0.61431313,SU 96266 79634,,23525,2 x 45 / 90MVA,No,42.90,11.12,22.27,0.00,0.00,Red,Upstream Thermal Capacity,5MW,0.95,0.00,No,95.67,31.50,12.66,Amber,Upstream Fault Level Constraint,Remove Cippenham BSP from the existing Cippenham - Slough 132kV network by installing 2 new 132kV circuits between Iver 132kV GSP and Cippenham BSP,Jun-30,,
E - IVES - 04,E - IVES - 04,England / SEPD,Denham BSP,Iver 132kV GSP,N/A,BSP,132 / 22,51.578245,-0.53251158,TQ 01785 87618,,14640,3 x 22.5 / 45MVA,No,60.13,8.66,11.49,0.00,0.00,Red,Upstream Thermal Capacity,5MW,29.69,38.04,No,26.43,25.00,17.42,Amber,Upstream Fault Level Constraint,"Reinforce section of existing 132kV network between Iver 132kV GSP and Denham BSP to match the rating of the rest of the circuit (Dec-26)

Establish a new Denham B BSP including 2 x 90MVA transformers, transferring Denham Avenue Primary and Gerrards Cross Primary to the new BSP",Jun-30,Replace 2 x 45MVA transformers with 60MVA units,Mar-29
E - IVES - 05,E - IVES - 05,England / SEPD,Longford BSP,Iver 132kV GSP,N/A,BSP,132 / 33,51.480182,-0.50505887,TQ 03910 76751,,"18429, 18431",2 x 45 / 90MVA,No,59.08,8.51,19.07,3.79,0.00,Red,Upstream Thermal Capacity,5MW,43.73,1.90,No,48.38,25.00,15.68,Amber,Upstream Fault Level Constraint,,,,
E - IVES - 06,E - IVES - 06,England / SEPD,Slough BSP,Iver 132kV GSP,N/A,BSP,132 / 33,51.526603,-0.62370728,SU 95574 81752,,"23497, 23498, 23562",2 x 45 / 90MVA,No,108.34,45.04,94.82,0.00,0.00,Red,Substation Thermal Capacity & Upstream Thermal Capacity,5MW,4.75,0.00,No,125.79,25.00,12.16,Amber,Upstream Fault Level Constraint,"Install a 3rd 132kV circuit between Iver 132kV GSP and Slough BSP (Jun-28)

Remove Cippenham BSP from the existing Cippenham - Slough 132kV network by installing 2 new 132kV circuits between Iver 132kV GSP and Cippenham BSP",Jun-30,Install a 3rd 90MVA transfrormer,Jun-28
E - IVES - 07,E - IVES - 07,England / SEPD,Upton BSP,Iver 132kV GSP,N/A,BSP,132 / 22,51.504952,-0.54851222,TQ 00838 79445,,24639,2 x 40 / 60MVA,No,36.11,11.63,6.35,0.00,0.00,Red,Upstream Thermal Capacity,5MW,8.55,0.00,No,60.08,25.00,15.72,Amber,Upstream Fault Level Constraint,,,,
E - IVES - 08,E - IVES - 08,England / SEPD,Chalvey Primary,Iver 132kV GSP,Chalvey BSP,Primary,33 / 11,51.504952,-0.60858214,SU 96669 79364,,86332,3 x 20 / 40MVA,No,34.67,8.81,10.94,0.00,0.00,Red,Upstream Thermal Capacity,5MW,0.57,0.00,No,84.24,25.00,14.83,Green,,,,,
E - IVES - 09,E - IVES - 09,England / SEPD,Petersfield Avenue Primary,Iver 132kV GSP,Chalvey BSP,Primary,33 / 11,51.512992,-0.58759947,SU 98108 80286,,86339,1 x 17 / 21MVA + 2 x 15 / 30MVA,No,18.99,4.87,13.08,0.00,0.00,Red,Upstream Thermal Capacity,5MW,0.00,0.06,No,53.26,25.00,13.23,Green,,,,,
E - IVES - 10,E - IVES - 10,England / SEPD,Clarence Road Primary,Iver 132kV GSP,Cippenham BSP,Primary,33 / 11,51.480746,-0.62393586,SU 95654 76652,,86347,2 x 17 / 21.5MVA + 1 x 15 / 30MVA,No,27.36,8.52,12.27,0.00,0.00,Red,Substation Thermal Capacity & Upstream Thermal Capacity,5MW,0.95,0.00,No,43.77,25.00,14.86,Green,,,,,
E - IVES - 11,E - IVES - 11,England / SEPD,Beaconsfield (Middle Busbars) Primary,Iver 132kV GSP,Denham BSP,Primary,22 / 6.6,51.611789,-0.64847566,SU 93681 91194,,89786,2 x 10MVA,No,10.89,2.91,3.57,0.00,0.00,Red,Upstream Thermal Capacity,5MW,0.00,0.04,No,12.36,25.00,10.37,Green,,Move Beaconsfield Primary to Loudwater BSP via 2 new 33kV circuits,Mar-30,Replace all transformers in Beaconsfield Primary with 2 x 40MVA 33/11/6.6kV dual winding units and replace all switchgear,Mar-30
E - IVES - 12,E - IVES - 12,England / SEPD,Cokes Lane Primary,Iver 132kV GSP,Denham BSP,Primary,22 / 6.6,51.66737,-0.56643504,SU 99240 97483,,89753,2 x 10 / 12.5MVA,No,5.65,1.35,0.65,0.00,0.00,Red,Upstream Thermal Capacity,5MW,0.00,0.00,No,13.22,13.10,12.06,Amber,Substation Fault Level,,,,
E - IVES - 13,E - IVES - 13,England / SEPD,Denham Avenue Primary,Iver 132kV GSP,Denham BSP,Primary,22 / 6.6,51.568618,-0.50430999,TQ 03761 86587,,89841,2 x 10MVA,No,8.91,2.87,3.06,0.00,0.00,Red,Upstream Thermal Capacity,5MW,0.00,0.00,No,12.37,13.10,13.82,Red,Substation Fault Level,"Establish a new Denham B BSP including 2 x 90MVA transformers, transferring Denham Avenue Primary and Gerrards Cross Primary to the new BSP",Jun-30,,
E - IVES - 14,E - IVES - 14,England / SEPD,Gerrards Cross Primary,Iver 132kV GSP,Denham BSP,Primary,22 / 6.6,51.581679,-0.5585536,SU 99973 87964,,89730,2 x 10 / 12.5MVA,No,12.77,3.55,1.76,0.00,0.00,Red,Substation Thermal Capacity & Upstream Thermal Capacity,5MW,0.00,0.00,No,15.42,25.00,14.81,Green,,"Establish a new Denham B BSP including 2 x 90MVA transformers, transferring Denham Avenue Primary and Gerrards Cross Primary to the new BSP",Jun-30,,
E - IVES - 15,E - IVES - 15,England / SEPD,Grassingham Road Primary,Iver 132kV GSP,Denham BSP,Primary,22 / 6.6,51.608826,-0.55492123,TQ 00165 90988,,"89772, 89763",3 x 7.5 / 15MVA,No,12.49,3.04,1.13,0.00,0.00,Red,Substation Thermal Capacity & Upstream Thermal Capacity,5MW,0.05,0.00,No,16.66,13.10,10.32,Green,,,,,
E - IVES - 16,E - IVES - 16,England / SEPD,Harefield Primary,Iver 132kV GSP,Denham BSP,Primary,22 / 6.6,51.61028,-0.49947511,TQ 04001 91227,,89714,2 x 10 / 12.5MVA,No,5.31,1.34,0.65,0.00,0.00,Red,Upstream Thermal Capacity,5MW,0.00,0.00,No,14.91,25.00,9.47,Green,,,,,
E - IVES - 17,E - IVES - 17,England / SEPD,Bath Road West Primary,Iver 132kV GSP,Longford BSP,Primary,33 / 11,51.480449,-0.47763041,TQ 05814 76820,,86421,2 x 15 / 30MVA,No,13.00,5.50,8.14,3.79,0.00,Red,Substation Thermal Capacity & Upstream Thermal Capacity,5MW,0.31,1.90,No,21.52,13.10,9.52,Green,,,,,
E - IVES - 18,E - IVES - 18,England / SEPD,Poyle Primary,Iver 132kV GSP,Longford BSP,Primary,33 / 11,51.46952,-0.51239019,TQ 03425 75555,,86418,2 x 15 / 30MVA,No,16.72,5.00,7.93,0.00,0.00,Red,Upstream Thermal Capacity,5MW,0.00,0.00,No,33.50,25.00,11.94,Green,,,,,
E - IVES - 19,E - IVES - 19,England / SEPD,Farnham Royal Primary,Iver 132kV GSP,Slough BSP,Primary,33 / 11,51.536415,-0.62307975,SU 95597 82844,,86340,1 x 12 / 24MVA + 2 x 17 / 19.5MVA,No,24.24,3.49,8.94,0.00,0.00,Red,Upstream Thermal Capacity,5MW,0.00,0.00,No,39.69,25.00,10.85,Green,,,,,
E - IVES - 20,E - IVES - 20,England / SEPD,Taplow Primary,Iver 132kV GSP,Slough BSP,Primary,33 / 11,51.522585,-0.67936622,SU 91721 81234,,86334,2 x 15 / 30MVA,No,13.16,3.76,0.88,0.00,0.00,Red,Upstream Thermal Capacity,5MW,0.00,0.00,No,32.26,25.00,5.71,Green,,,,,
E - IVES - 21,E - IVES - 21,England / SEPD,Beaconsfield (End Busbars) Primary,Iver 132kV GSP,Upton BSP,Primary,22 / 6.6,51.611634,-0.64850651,SU 93679 91176,Headroom values for Beaconsfield account for both the Middle and End Busbar sections of the substation,"89782, 89778",2 x 5MVA,No,4.47,1.18,0.67,0.00,0.00,Red,Upstream Thermal Capacity,5MW,0.00,0.00,No,6.88,25.00,3.78,Green,,Move Beaconsfield Primary to Loudwater BSP via 2 new 33kV circuits,Mar-30,Replace all transformers in Beaconsfield Primary with 2 x 40MVA 33/11/6.6kV dual winding units and replace all switchgear,Mar-30
E - IVES - 22,E - IVES - 22,England / SEPD,Sutton Lane Primary,Iver 132kV GSP,Upton BSP,Primary,22 / 11,51.49707,-0.52935732,TQ 02185 78595,,89749,2 x 12 / 24MVA,No,8.89,3.33,1.67,0.00,0.00,Red,Upstream Thermal Capacity,5MW,3.85,0.00,No,22.11,25.00,7.93,Green,,,,,
E - IVES - 23,E - IVES - 23,England / SEPD,Upton Primary,Iver 132kV GSP,Upton BSP,Primary,22 / 11,51.50486,-0.54906267,TQ 00800 79434,,"89828, 89795",3 x 10MVA,No,19.04,4.71,4.68,0.00,0.00,Red,Upstream Thermal Capacity,5MW,0.62,0.00,No,28.32,13.10,11.67,Green,,,,,
E - LALE - 01,E - LALE - 01,England / SEPD,Laleham GSP,N/A,N/A,GSP,275 / 132,51.424589,-0.46933247,TQ 06520 70620,,"18010, 18011, 18012, 18013",4 x 240MVA (Shared with UKPN),No,273.01,109.18,141.52,463.16,N/A,Red,Substation Thermal Capacity,5MW,16.61,551.74,Yes,N/A,31.50,15.93,Red,Substation Thermal Capacity,"Transmission works:
Replace 4 x 180MVA transformers with 360MVA units",Mar-30,,
E - LALE - 02,E - LALE - 02,England / SEPD,East Bedfont BSP,Laleham GSP,N/A,BSP,132 / 22,51.453051,-0.4414092,TQ 08394 73826,,14940,2 x 30 / 60MVA,No,51.94,21.56,28.85,0.00,8.72,Green,,5MW,4.88,1.70,Yes,0.00,25.00,15.20,Red,Upstream Thermal Capacity,,,Replace both existing transformers with 90MVA units,Mar-28
E - LALE - 03,E - LALE - 03,England / SEPD,Staines BSP,Laleham GSP,N/A,BSP,132 / 33,51.453051,-0.4414092,TQ 08394 73826,,"23726, 23727, 23762, 23763",2 x 45 / 90MVA,No,114.96,35.35,35.42,52.63,37.23,Green,,5MW,11.33,100.05,Yes,0.00,31.50,15.58,Red,Upstream Thermal Capacity,Establish a new 132kV double busbar switchboard at Staines BSP,Mar-32,Add a 3rd 90MVA transformer,Mar-32
E - LALE - 04,E - LALE - 04,England / SEPD,East Bedfont Primary,Laleham GSP,N/A,Primary,132 / 11,51.438567,-0.49670597,TQ 04585 72135,,14948,1 x 20MVA + 1 x 20 / 40MVA,No,18.03,4.92,17.26,0.00,0.00,Red,Substation Thermal Capacity,5MW,0.40,0.00,Yes,0.00,25.00,12.69,Red,Upstream Thermal Capacity,,,Replace the existing 20MVA transformer with a 20 / 40MVA unit to match the other transformer,Dec-26
E - LALE - 05,E - LALE - 05,England / SEPD,Church Road Primary,Laleham GSP,East Bedfont BSP,Primary,22 / 11,51.434438,-0.46468734,TQ 06820 71722,,89685,2 x 10 / 12.5MVA,No,11.96,2.26,1.68,0.00,0.00,Red,Substation Thermal Capacity,5MW,0.13,0.00,Yes,0.00,13.10,8.14,Red,Upstream Thermal Capacity,,,,
E - LALE - 06,E - LALE - 06,England / SEPD,Feltham Primary,Laleham GSP,East Bedfont BSP,Primary,22 / 6.6,51.443496,-0.40958817,TQ 10628 72811,,"89659, 89666",3 x 10 / 12.5MVA,No,11.95,2.60,2.21,0.00,8.72,Green,,5MW,0.00,0.00,Yes,0.00,25.00,13.36,Red,Upstream Thermal Capacity,,,,
E - LALE - 07,E - LALE - 07,England / SEPD,Hope And Anchor Primary,Laleham GSP,East Bedfont BSP,Primary,22 / 6.6,51.436309,-0.37988329,TQ 12710 72057,,89690,2 x 10MVA,No,2.57,0.52,0.32,0.00,4.24,Green,,5MW,0.00,0.00,Yes,0.00,13.10,7.89,Red,Upstream Thermal Capacity,,,,
E - LALE - 08,E - LALE - 08,England / SEPD,North Feltham Primary,Laleham GSP,East Bedfont BSP,Primary,22 / 11,51.461977,-0.40377787,TQ 10987 74875,,89673,2 x 10 / 11.5MVA + 1 x 10 / 12.5MVA,No,17.64,6.92,6.64,0.00,0.50,Red,Substation Thermal Capacity,5MW,0.00,0.00,Yes,0.00,25.00,11.10,Red,Upstream Thermal Capacity,,,,
E - LALE - 09,E - LALE - 09,England / SEPD,Causeway Primary,Laleham GSP,Staines BSP,Primary,33 / 11,51.43481,-0.52304188,TQ 02763 71680,,86489,1 x 12 / 24MVA + 1 x 15 / 30MVA,No,17.95,5.53,6.54,0.00,24.63,Green,,5MW,5.93,0.00,Yes,0.00,25.00,21.29,Red,Upstream Thermal Capacity,,,,
E - LALE - 10,E - LALE - 10,England / SEPD,Egham Primary,Laleham GSP,Staines BSP,Primary,33 / 11,51.43264,-0.54804278,TQ 01030 71404,,86482,2 x 15 / 30MVA,No,21.84,6.43,4.56,0.00,5.50,Green,,5MW,0.00,0.00,Yes,0.00,20.00,16.71,Red,Upstream Thermal Capacity,,,Add a 3rd 15 / 30MVA transformer,Jun-32
E - LALE - 11,E - LALE - 11,England / SEPD,Sidney Road Primary,Laleham GSP,Staines BSP,Primary,33 / 11,51.435285,-0.50379132,TQ 04100 71760,,86530,2 x 15 / 30MVA,No,12.78,3.38,2.66,0.00,8.65,Green,,5MW,0.00,0.00,Yes,0.00,13.10,16.48,Red,Upstream Thermal Capacity & Substation Fault Level,,,,
E - LALE - 12,E - LALE - 12,England / SEPD,Stanwell Primary,Laleham GSP,Staines BSP,Primary,33 / 11,51.443975,-0.47612389,TQ 06003 72766,,86477,2 x 15 / 30MVA,No,8.65,3.42,10.58,0.00,3.77,Green,,5MW,0.00,0.00,Yes,0.00,13.10,15.55,Red,Upstream Thermal Capacity & Substation Fault Level,,,,
E - LALE - 13,E - LALE - 13,England / SEPD,Sunbury Cross Primary,Laleham GSP,Staines BSP,Primary,33 / 11,51.418306,-0.41873203,TQ 10053 69996,,"86513, 86524",3 x 15 / 30MVA,No,29.72,6.23,11.08,0.00,18.99,Green,,5MW,0.00,0.05,Yes,0.00,25.00,15.22,Red,Upstream Thermal Capacity,,,,
E - LOVE - 01,E - LOVE - 01,England / SEPD,Lovedean GSP,N/A,N/A,GSP,400 / 132,50.917017,-1.0402935,SU 67560 13500,,"16285, 16286, 16287, 16288",4 x 240MVA,No,587.94,223.71,403.58,660.59,N/A,Red,Substation Thermal Capacity,5MW,348.58,772.33,Yes,N/A,25.00,12.10,Red,Substation Thermal Capacity,,,Replace the 132kV board with 40kA break / 100kA make switchgear,Feb-31
E - LOVE - 02,E - LOVE - 02,England / SEPD,Chichester BSP,Lovedean GSP,N/A,BSP,132 / 33,50.858903,-0.69022927,SU 92282 07416,Chichester and Hunston BSP's are run in parallel so the estimated headroom includes both BSP's. Note that due to this network arrangement detailed studies are required regardless of any estimated headroom shown,"13202, 13240",1 x 37.5 / 75MVA + 1 x 55 / 90MVA,No,90.61,15.30,93.39,0.00,0.00,Red,Substation Thermal Capacity & Upstream Thermal Capacity,5MW,89.29,77.46,Yes,0.00,25.00,16.96,Red,Substation Thermal Capacity & Upstream Thermal Capacity,,,Replace the existing 75MVA transformer with a 90MVA unit,Jul-26
E - LOVE - 03,E - LOVE - 03,England / SEPD,Fareham (Main) BSP,Lovedean GSP,N/A,BSP,132 / 33,50.833059,-1.1985874,SU 56534 04031,,"15391, 15396",2 x 45 / 90MVA,No,89.79,12.93,55.60,7.37,0.00,Red,Substation Thermal Capacity & Upstream Thermal Capacity,5MW,75.84,32.08,Yes,0.00,25.00,15.08,Red,Substation Thermal Capacity & Upstream Thermal Capacity,Replace the existing 132kV fluid filled cables between Fort Widley Switching Station and Fareham (Main and Reserve) BSP,Jun-26,,
E - LOVE - 04,E - LOVE - 04,England / SEPD,Fareham (Reserve) BSP,Lovedean GSP,N/A,BSP,132 / 33,50.833059,-1.1985874,SU 56534 04031,,15425,1 x 40 / 60MVA + 1 x 90MVA,No,51.12,7.36,39.55,55.29,0.00,Red,Substation Thermal Capacity & Upstream Thermal Capacity,5MW,38.00,49.90,Yes,0.00,25.00,11.43,Red,Substation Thermal Capacity & Upstream Thermal Capacity,Replace the existing 132kV fluid filled cables between Fort Widley Switching Station and Fareham (Main and Reserve) BSP,Jun-26,,
E - LOVE - 05,E - LOVE - 05,England / SEPD,Fort Widley BSP,Lovedean GSP,N/A,BSP,132 / 33,50.865831,-1.048397,SU 67064 07801,,"16195, 16196, 16263, 16264",1 x 40 / 60MVA + 60MVA,No,27.03,4.92,16.47,0.00,0.00,Red,Upstream Thermal Capacity,5MW,38.26,0.00,Yes,0.00,25.00,13.28,Red,Upstream Thermal Capacity,,,Replace both transformers with 90MVA units,Oct-27
E - LOVE - 06,E - LOVE - 06,England / SEPD,Havant BSP,Lovedean GSP,N/A,BSP,132 / 33,50.8467,-0.99819999,SU 70625 05720,,"16908, 16918, 16953",2 x 45 / 90MVA,No,80.21,16.52,33.21,0.00,0.00,Red,Upstream Thermal Capacity,5MW,30.74,21.00,Yes,0.00,25.00,15.64,Red,Upstream Thermal Capacity,,,,
E - LOVE - 07,E - LOVE - 07,England / SEPD,Hunston BSP,Lovedean GSP,N/A,BSP,133 / 33,50.816634,-0.76694146,SU 86961 02623,Chichester and Hunston BSP's are run in parallel so the estimated headroom includes both BSP's. Note that due to this network arrangement detailed studies are required regardless of any estimated headroom shown,"11031, 17551, 17561",2 x 45 / 90MVA,No,71.58,16.05,36.92,0.00,0.00,Red,Substation Thermal Capacity & Upstream Thermal Capacity,5MW,39.00,42.76,Yes,0.00,25.00,14.59,Red,Substation Thermal Capacity & Upstream Thermal Capacity,,,,
E - LOVE - 08,E - LOVE - 08,England / SEPD,Portsmouth BSP,Lovedean GSP,N/A,BSP,132 / 33,50.793272,-1.1017811,SZ 63405 99685,,"21370, 21489, 21494",1 x 45 / 90MVA + 1 x 65 / 90MVA,No,95.26,34.30,14.16,0.00,0.00,Red,Upstream Thermal Capacity,5MW,16.15,4.94,Yes,0.00,25.00,15.79,Red,Upstream Thermal Capacity,Add a 3rd 132kV circuit between Lovedean GSP and Portsmouth BSP,Apr-30,Add a 3rd 120MVA transformer,Apr-30
E - LOVE - 09,E - LOVE - 09,England / SEPD,Wymering BSP,Lovedean GSP,N/A,BSP,132 / 33,50.845077,-1.0790285,SU 64937 05465,,"21393, 21394, 21454, 21468, 26106, 26152",2 x 45 / 90MVA + 1 x 65 / 90MVA,No,102.41,27.75,79.29,3.89,0.00,Red,Upstream Thermal Capacity,5MW,20.35,5.54,Yes,0.00,25.00,17.87,Red,Upstream Thermal Capacity,Remove Wymering BSP from the Fort Widley 132kV switching station via the installation of 3 new 132kV circuits between Lovedean GSP and Wymering BSP,Jun-32,,
E - LOVE - 10,E - LOVE - 10,England / SEPD,Argyle Road Primary,Lovedean GSP,Chichester BSP,Primary,33 / 11,50.784462,-0.67938668,SZ 93193 99152,Chichester and Hunston BSP's are run in parallel so the estimated headroom includes both BSP's. Note that due to this network arrangement detailed studies are required regardless of any estimated headroom shown,10848,2 x 15 / 30MVA,No,16.02,2.31,0.85,0.00,0.00,Red,Upstream Thermal Capacity,5MW,0.00,0.00,Yes,0.00,13.10,13.29,Red,Upstream Thermal Capacity & Substation Fault Level,Replace sections of existing dual rutter 33kV overhead lines with 33kV cables between Chichester BSP and Argyle Road Primary,Mar-26,,
E - LOVE - 11,E - LOVE - 11,England / SEPD,Ashling Road Primary,Lovedean GSP,Hunston BSP,Primary,33 / 11,50.854047,-0.80681949,SU 84085 06737,Chichester and Hunston BSP's are run in parallel so the estimated headroom includes both BSP's. Note that due to this network arrangement detailed studies are required regardless of any estimated headroom shown,11048,1 x 20MVA + 1 x 15 / 30MVA,No,24.75,4.24,11.31,0.00,0.00,Red,Substation Thermal Capacity & Upstream Thermal Capacity,5MW,2.55,0.01,Yes,0.00,13.10,12.78,Red,Upstream Thermal Capacity & Substation Fault Level,Install a new 33kV circuit between Hunston BSP and Ashling Road Primary,Sep-31,Replace both transformers with 20 /430MVA units,Sep-31
E - LOVE - 12,E - LOVE - 12,England / SEPD,Billingshurst Primary,Lovedean GSP,Chichester BSP,Primary,33 / 11,51.026012,-0.45704322,TQ 08305 26315,Chichester and Hunston BSP's are run in parallel so the estimated headroom includes both BSP's. Note that due to this network arrangement detailed studies are required regardless of any estimated headroom shown,16481,1 x 12 / 24MVA,Yes,6.84,0.99,1.79,0.00,0.00,Red,Upstream Thermal Capacity,5MW,0.09,0.00,Yes,0.00,20.00,3.35,Red,Upstream Thermal Capacity,,,,
E - LOVE - 13,E - LOVE - 13,England / SEPD,Bilsham Primary,Lovedean GSP,Chichester BSP,Primary,33 / 11,50.805731,-0.61956242,SU 97366 01594,Chichester and Hunston BSP's are run in parallel so the estimated headroom includes both BSP's. Note that due to this network arrangement detailed studies are required regardless of any estimated headroom shown,11548,2 x 15 / 30MVA,No,24.71,3.56,18.12,0.00,0.00,Red,Substation Thermal Capacity & Upstream Thermal Capacity,5MW,24.20,4.04,Yes,0.00,25.00,9.82,Red,Upstream Thermal Capacity,Replace sections of existing dual rutter 33kV overhead lines with 33kV cables between Chichester BSP and Bilsham Primary,Sep-26,Add a 3rd 15 / 30MVA transformer,Aug-29
E - LOVE - 14,E - LOVE - 14,England / SEPD,Birdham Primary,Lovedean GSP,Hunston BSP,Primary,33 / 11,50.788584,-0.83856291,SZ 81965 99422,Chichester and Hunston BSP's are run in parallel so the estimated headroom includes both BSP's. Note that due to this network arrangement detailed studies are required regardless of any estimated headroom shown,11648,2 x 10MVA,No,11.08,1.98,4.59,0.00,0.00,Red,Substation Thermal Capacity & Upstream Thermal Capacity,5MW,0.29,0.00,Yes,0.00,13.10,8.05,Red,Upstream Thermal Capacity,Replace sections of existing dual rutter 33kV overhead lines with 33kV cables between Hunston BSP and Birdham Primary,Dec-28,Replace both transformers with 15 / 30MVA units,Jun-30
E - LOVE - 15,E - LOVE - 15,England / SEPD,Chichester Primary,Lovedean GSP,Chichester BSP,Primary,33 / 11,50.858952,-0.69142141,SU 92198 07420,Chichester and Hunston BSP's are run in parallel so the estimated headroom includes both BSP's. Note that due to this network arrangement detailed studies are required regardless of any estimated headroom shown,13253,2 x 11.5 / 23MVA,No,21.23,3.06,14.37,0.00,0.00,Red,Substation Thermal Capacity & Upstream Thermal Capacity,5MW,14.40,0.02,Yes,0.00,25.00,12.91,Red,Upstream Thermal Capacity,,,Replace both transformers with 20 / 40MVA units,Oct-28
E - LOVE - 16,E - LOVE - 16,England / SEPD,Hunston Primary,Lovedean GSP,Hunston BSP,Primary,33 / 11,50.816718,-0.76711474,SU 86949 02632,Chichester and Hunston BSP's are run in parallel so the estimated headroom includes both BSP's. Note that due to this network arrangement detailed studies are required regardless of any estimated headroom shown,17537,2 x 15 / 30MVA,No,13.60,3.27,12.71,0.00,0.00,Red,Upstream Thermal Capacity,5MW,0.94,0.20,Yes,0.00,25.00,9.61,Red,Upstream Thermal Capacity,,,,
E - LOVE - 17,E - LOVE - 17,England / SEPD,Market Primary,Lovedean GSP,Chichester BSP,Primary,33 / 11,50.835668,-0.7732902,SU 86479 04732,Chichester and Hunston BSP's are run in parallel so the estimated headroom includes both BSP's. Note that due to this network arrangement detailed studies are required regardless of any estimated headroom shown,19447,2 x 20 / 28MVA,No,13.68,2.81,4.77,0.00,0.00,Red,Upstream Thermal Capacity,5MW,0.00,0.00,Yes,0.00,13.10,14.07,Red,Upstream Thermal Capacity & Substation Fault Level,,,,
E - LOVE - 18,E - LOVE - 18,England / SEPD,Rose Green Primary,Lovedean GSP,Hunston BSP,Primary,33 / 11,50.786615,-0.72499246,SZ 89974 99335,Chichester and Hunston BSP's are run in parallel so the estimated headroom includes both BSP's. Note that due to this network arrangement detailed studies are required regardless of any estimated headroom shown,22347,2 x 20MVA,No,14.46,2.57,7.87,0.00,0.00,Red,Upstream Thermal Capacity,5MW,5.77,1.00,Yes,0.00,13.10,11.56,Red,Upstream Thermal Capacity,,,,
E - LOVE - 19,E - LOVE - 19,England / SEPD,Selsey Primary,Lovedean GSP,Hunston BSP,Primary,33 / 11,50.741901,-0.78724992,SZ 85667 94289,Chichester and Hunston BSP's are run in parallel so the estimated headroom includes both BSP's. Note that due to this network arrangement detailed studies are required regardless of any estimated headroom shown,22948,2 x 15MVA,No,8.26,2.13,0.43,0.00,0.00,Red,Upstream Thermal Capacity,5MW,0.00,9.75,Yes,0.00,20.00,8.51,Red,Upstream Thermal Capacity,Replace sections of existing dual rutter 33kV overhead lines with 33kV cables between Hunston BSP and Selsey Primary,Dec-28,,
E - LOVE - 20,E - LOVE - 20,England / SEPD,South Bersted Primary,Lovedean GSP,Chichester BSP,Primary,33 / 11,50.79829,-0.66719087,SU 94025 00705,Chichester and Hunston BSP's are run in parallel so the estimated headroom includes both BSP's. Note that due to this network arrangement detailed studies are required regardless of any estimated headroom shown,22748,2 x 20MVA,No,15.24,3.46,13.49,0.00,0.00,Red,Substation Thermal Capacity & Upstream Thermal Capacity,5MW,0.19,0.00,Yes,0.00,16.00,12.24,Red,Upstream Thermal Capacity,"Replace sections of existing dual rutter 33kV overhead lines with 33kV cables between Chichester BSP and South Berstead Primary (Mar-26)

Establish a new Primary substation Chalcraft Lane including 2 x 20 / 40MVA transformers",May-30,Replace both transformers with 15 / 30MVA units,Jan-27
E - LOVE - 21,E - LOVE - 21,England / SEPD,Brockhurst Primary,Lovedean GSP,Fareham (Main) BSP,Primary,33 / 11,50.815062,-1.158483,SU 59381 02061,,87766,2 x 30MVA,No,17.79,5.19,4.11,0.00,0.00,Red,Upstream Thermal Capacity,5MW,0.14,0.10,Yes,0.00,13.10,10.26,Red,Upstream Thermal Capacity,Install a 3rd 33kV circuit between Fareham (Main) BSP and Brockhurst Primary,Jul-31,Add a 3rd 15 / 30MVA transformer,Jul-31
E - LOVE - 22,E - LOVE - 22,England / SEPD,Hoeford Primary,Lovedean GSP,Fareham (Main) BSP,Primary,33 / 11,50.836544,-1.1797679,SU 57855 04433,,87731,1 x 15MVA + 1 x 12 / 24MVA,No,13.17,3.34,8.02,1.05,0.00,Red,Substation Thermal Capacity & Upstream Thermal Capacity,5MW,0.71,1.00,Yes,0.00,13.10,12.30,Red,Upstream Thermal Capacity & Substation Fault Level,Reinforce the 33kV circuit between Hoeford Primary and North Fareham Primary,Jun-27,Add a 3rd 15 / 30MVA transformer,Apr-31
E - LOVE - 23,E - LOVE - 23,England / SEPD,North Fareham Primary,Lovedean GSP,Fareham (Main) BSP,Primary,33 / 11,50.863632,-1.1995839,SU 56427 07430,,"87696, 87694",2 x 10 / 14MVA,No,11.09,1.89,14.81,0.00,0.00,Red,Substation Thermal Capacity & Upstream Thermal Capacity,5MW,0.00,0.00,Yes,0.00,13.10,8.32,Red,Upstream Thermal Capacity,"Reinforce the 33kV circuit between Hoeford Primary and North Fareham Primary (Jun-27)

Transfer North Fareham Primary to Botley Wood BSP via 2 new 33kV circuits and a new 33kV switchboard installed at North Fareham",Dec-28,,
E - LOVE - 24,E - LOVE - 24,England / SEPD,Plessey Titchfield Primary,Lovedean GSP,Fareham (Main) BSP,Primary,33 / 11,50.859352,-1.2428073,SU 53390 06922,,"87751, 87755",2 x 15 / 30MVA,No,16.53,6.18,5.52,0.00,0.00,Red,Upstream Thermal Capacity,5MW,0.00,0.00,Yes,0.00,12.50,9.03,Red,Upstream Thermal Capacity,,,,
E - LOVE - 25,E - LOVE - 25,England / SEPD,Titchfield Primary,Lovedean GSP,Fareham (Main) BSP,Primary,33 / 11,50.848253,-1.2328447,SU 54104 05695,,87769,2 x 7.5 / 15MVA,No,8.11,1.32,1.41,0.00,0.00,Red,Upstream Thermal Capacity,5MW,0.31,0.99,Yes,0.00,12.50,11.81,Red,Upstream Thermal Capacity & Substation Fault Level,,,Replace both transformers with 15 / 30MVA units,Jul-31
E - LOVE - 26,E - LOVE - 26,England / SEPD,West End Primary,Lovedean GSP,Fareham (Main) BSP,Primary,33 / 11,50.852019,-1.1885742,SU 57216 06147,,87724,2 x 15 / 30MVA,No,13.56,4.00,7.40,0.00,0.00,Red,Upstream Thermal Capacity,5MW,0.00,0.00,Yes,0.00,13.10,14.53,Red,Upstream Thermal Capacity & Substation Fault Level,,,,
E - LOVE - 27,E - LOVE - 27,England / SEPD,Lee-On-Solent Primary,Lovedean GSP,Fareham (Reserve) BSP,Primary,33 / 11,50.799417,-1.1945652,SU 56858 00293,,87759,2 x 12 / 24MVA,No,10.33,2.26,13.83,0.00,0.00,Red,Upstream Thermal Capacity,5MW,0.00,0.00,Yes,0.00,13.10,8.12,Red,Upstream Thermal Capacity,,,,
E - LOVE - 28,E - LOVE - 28,England / SEPD,Rowner Park Primary,Lovedean GSP,Fareham (Reserve) BSP,Primary,33 / 11,50.803699,-1.1780298,SU 58018 00782,,87742,1 x 15 / 21MVA + 1 x 15 / 30MVA,No,7.60,1.91,0.30,0.00,0.00,Red,Upstream Thermal Capacity,5MW,0.00,0.00,Yes,0.00,13.10,10.70,Red,Upstream Thermal Capacity,,,,
E - LOVE - 29,E - LOVE - 29,England / SEPD,Zetland Road Primary,Lovedean GSP,Fareham (Reserve) BSP,Primary,33 / 11,50.796791,-1.141628,SU 60592 00043,,87773,2 x 20MVA,No,15.57,3.21,4.37,0.00,0.00,Red,Upstream Thermal Capacity,5MW,0.00,0.00,Yes,0.00,13.10,10.65,Red,Upstream Thermal Capacity,,,,
E - LOVE - 30,E - LOVE - 30,England / SEPD,Purbrook Primary,Lovedean GSP,Fort Widley BSP,Primary,33 / 11,50.865998,-1.048631,SU 67047 07819,,88015,2 x 7.5 / 15MVA,No,6.29,0.91,2.15,0.00,0.00,Red,Upstream Thermal Capacity,5MW,0.00,0.00,Yes,0.00,13.10,11.49,Red,Upstream Thermal Capacity,,,,
E - LOVE - 31,E - LOVE - 31,England / SEPD,Waterlooville Primary,Lovedean GSP,Fort Widley BSP,Primary,33 / 11,50.879042,-1.0349898,SU 67988 09282,,87990,1 x 20 / 28MVA + 2 x 15 / 30MVA,No,20.55,3.67,14.33,0.00,0.00,Red,Upstream Thermal Capacity,5MW,0.26,0.00,Yes,0.00,13.10,11.96,Red,Upstream Thermal Capacity & Substation Fault Level,"Replace sections of existing dual rutter 33kV overhead lines with 33kV cables between Havant BSP, Horndean Primary and Waterlooville Primary (Apr-26)

Install 2 new 33kV circuits between Fort Widley BSP and Horndean Primary, removing Horndean Primary from the Fort Widley BSP - Havant BSP  33kV circuit",Nov-28,,
E - LOVE - 32,E - LOVE - 32,England / SEPD,Brockhampton Primary,Lovedean GSP,Havant BSP,Primary,33 / 11,50.847642,-0.99472808,SU 70868 05828,,87819,2 x 15 / 30MVA,No,12.27,3.73,5.21,0.00,0.00,Red,Upstream Thermal Capacity,5MW,3.14,0.20,Yes,0.00,13.10,14.00,Red,Upstream Thermal Capacity & Substation Fault Level,,,Replace both transformers with 15 / 30MVA units,May-27
E - LOVE - 33,E - LOVE - 33,England / SEPD,Emsworth Primary,Lovedean GSP,Havant BSP,Primary,33 / 11,50.846951,-0.93802413,SU 74861 05807,,87830,2 x 10MVA,No,8.88,1.28,7.77,0.00,0.00,Red,Substation Thermal Capacity & Upstream Thermal Capacity,5MW,0.00,0.80,Yes,0.00,25.00,8.45,Red,Upstream Thermal Capacity,,,Relocate Emsworth Primary and replace the existing transformers with 15 / 30MVA units,Nov-29
E - LOVE - 34,E - LOVE - 34,England / SEPD,Gable Head Primary,Lovedean GSP,Havant BSP,Primary,33 / 11,50.794214,-0.97691849,SZ 72204 99904,,87839,3 x 15 / 30MVA,No,10.79,1.61,2.07,0.00,0.00,Red,Upstream Thermal Capacity,5MW,0.00,0.00,Yes,0.00,13.10,10.44,Red,Upstream Thermal Capacity,,,,
E - LOVE - 35,E - LOVE - 35,England / SEPD,Horndean Primary,Lovedean GSP,Havant BSP,Primary,33 / 11,50.910418,-1.0018684,SU 70271 12802,,87844,2 x 15 / 30MVA,No,18.55,2.67,13.02,0.00,0.00,Red,Substation Thermal Capacity & Upstream Thermal Capacity,5MW,3.80,0.00,Yes,0.00,13.10,11.77,Red,Upstream Thermal Capacity,"Replace sections of existing dual rutter 33kV overhead lines with 33kV cables between Havant BSP, Horndean Primary and Waterlooville Primary (Apr-26)

Install 2 new 33kV circuits between Fort Widley BSP and Horndean Primary, removing Horndean Primary from the Fort Widley BSP - Havant BSP 33kV circuit",Nov-28,Add a 3rd 15 / 30MVA transformer,Nov-28
E - LOVE - 36,E - LOVE - 36,England / SEPD,Leigh Park Primary,Lovedean GSP,Havant BSP,Primary,33 / 11,50.865889,-0.97620345,SU 72144 07875,,87802,2 x 20 / 32MVA,No,13.20,3.55,3.86,0.00,0.00,Red,Upstream Thermal Capacity,5MW,3.57,0.00,Yes,0.00,13.10,13.13,Red,Upstream Thermal Capacity & Substation Fault Level,,,,
E - LOVE - 37,E - LOVE - 37,England / SEPD,Meyrick Road Primary,Lovedean GSP,Havant BSP,Primary,33 / 11,50.853407,-0.99487409,SU 70849 06469,,87798,1 x 12 / 24MVA + 1 x 15 / 30MVA,No,15.79,3.11,1.29,0.00,0.00,Red,Upstream Thermal Capacity,5MW,0.00,0.00,Yes,0.00,25.00,9.09,Red,Upstream Thermal Capacity,,,,
E - LOVE - 38,E - LOVE - 38,England / SEPD,Brandon Road Primary,Lovedean GSP,Portsmouth BSP,Primary,33 / 11,50.783957,-1.0834193,SZ 64712 98665,,87924,2 x 15 / 30MVA,No,15.94,3.32,2.43,0.00,0.00,Red,Upstream Thermal Capacity,5MW,0.00,0.06,Yes,0.00,25.00,9.59,Red,Upstream Thermal Capacity,,,,
E - LOVE - 39,E - LOVE - 39,England / SEPD,Eastney Primary,Lovedean GSP,Portsmouth BSP,Primary,33 / 11,50.787143,-1.0600205,SZ 66357 99040,,87898,2 x 15 / 30MVA,No,5.77,1.19,0.60,0.00,0.00,Red,Upstream Thermal Capacity,5MW,0.00,0.00,Yes,0.00,13.10,11.17,Red,Upstream Thermal Capacity,,,,
E - LOVE - 40,E - LOVE - 40,England / SEPD,Fratton Park Primary,Lovedean GSP,Portsmouth BSP,Primary,33 / 11,50.797418,-1.0629078,SU 66139 00180,,87919,2 x 20MVA,No,22.85,5.97,5.97,0.00,0.00,Red,Substation Thermal Capacity & Upstream Thermal Capacity,5MW,0.00,0.00,Yes,0.00,13.10,14.68,Red,Upstream Thermal Capacity & Substation Fault Level,,,,
E - LOVE - 41,E - LOVE - 41,England / SEPD,Greetham Street Primary,Lovedean GSP,Portsmouth BSP,Primary,33 / 11,50.79759,-1.0869413,SU 64445 00178,,87929,2 x 12 / 24MVA,No,12.17,3.50,1.43,0.00,0.00,Red,Upstream Thermal Capacity,5MW,0.00,0.00,Yes,0.00,13.10,11.91,Red,Upstream Thermal Capacity & Substation Fault Level,,,,
E - LOVE - 42,E - LOVE - 42,England / SEPD,Portsmouth Primary,Lovedean GSP,Portsmouth BSP,Primary,33 / 11,50.793272,-1.1017811,SZ 63405 99685,,21431,2 x 20 / 40MVA,No,11.70,3.25,3.73,0.00,0.00,Red,Upstream Thermal Capacity,5MW,0.00,0.00,Yes,0.00,25.00,12.32,Red,Upstream Thermal Capacity,,,,
E - LOVE - 43,E - LOVE - 43,England / SEPD,College Park Primary,Lovedean GSP,Wymering BSP,Primary,33 / 11,50.819978,-1.0659487,SU 65893 02686,,87981,2 x 7.5 / 15MVA,No,9.68,1.83,0.63,0.00,0.00,Red,Upstream Thermal Capacity,5MW,0.00,0.00,Yes,0.00,13.10,12.59,Red,Upstream Thermal Capacity & Substation Fault Level,,,,
E - LOVE - 44,E - LOVE - 44,England / SEPD,Farlington Primary,Lovedean GSP,Wymering BSP,Primary,33 / 11,50.839199,-1.0441625,SU 67400 04843,,87998,1 x 20MVA + 1 x 15 / 30MVA,No,8.04,1.45,8.94,3.89,0.00,Red,Upstream Thermal Capacity,5MW,0.00,1.00,Yes,0.00,13.10,11.47,Red,Upstream Thermal Capacity,,,,
E - LOVE - 45,E - LOVE - 45,England / SEPD,Gamble Road Primary,Lovedean GSP,Wymering BSP,Primary,33 / 11,50.811859,-1.0820361,SU 64771 01769,,88022,3 x 15 / 30MVA,No,17.89,3.96,9.36,0.00,0.00,Red,Upstream Thermal Capacity,5MW,0.34,0.00,Yes,0.00,25.00,12.35,Red,Upstream Thermal Capacity,,,,
E - LOVE - 46,E - LOVE - 46,England / SEPD,Hilsea Primary,Lovedean GSP,Wymering BSP,Primary,33 / 11,50.829991,-1.0586351,SU 66394 03806,,87985,3 x 15 / 30MVA,No,11.72,1.83,0.41,0.00,0.00,Red,Upstream Thermal Capacity,5MW,0.00,0.00,Yes,0.00,13.10,9.09,Red,Upstream Thermal Capacity,,,,
E - LOVE - 47,E - LOVE - 47,England / SEPD,Portchester Primary,Lovedean GSP,Wymering BSP,Primary,33 / 11,50.846379,-1.1201082,SU 62043 05575,,88057,2 x 15 / 30MVA,No,13.31,4.17,3.64,0.00,0.00,Red,Upstream Thermal Capacity,5MW,0.00,0.04,Yes,0.00,13.10,15.58,Red,Upstream Thermal Capacity & Substation Fault Level,,,,
E - LOVE - 48,E - LOVE - 48,England / SEPD,Wymering Primary,Lovedean GSP,Wymering BSP,Primary,33 / 11,50.844259,-1.0785172,SU 64974 05375,,"88039, 88051",2 x 15 / 30MVA + 1 x 20 / 40MVA,No,18.04,5.17,14.32,0.00,0.00,Red,Upstream Thermal Capacity,5MW,0.07,0.06,Yes,0.00,20.00,11.57,Red,Upstream Thermal Capacity,,,,
E - MANN - 01,E - MANN - 01,England / SEPD,Mannington GSP,N/A,N/A,GSP,400 / 132,50.846454,-1.8945551,SU 07520 05220,,"19216, 19217, 19218, 19219",5 x 240MVA,No,628.08,182.76,207.55,777.10,N/A,Green,,5MW,524.65,1279.98,Yes,N/A,31.50,23.57,Red,Substation Thermal Capacity,,,Replace the 132kV board with 40kA break / 100kA make switchgear,Sep-28
E - MANN - 02,E - MANN - 02,England / SEPD,Arnewood BSP,Mannington GSP,N/A,BSP,132 / 33,50.774645,-1.631296,SZ 26094 97294,,"17490, 17498",2 x 60MVA,No,46.92,8.08,7.61,0.00,25.84,Green,,5MW,5.87,12.35,Yes,0.00,13.10,14.31,Red,Upstream Thermal Capacity & Substation Fault Level,,,Add a 3rd 60MVA transformer and replace the 33kV board with 31.5kA break / 78.8kA make switchgear,Feb-31
E - MANN - 03,E - MANN - 03,England / SEPD,Bournemouth BSP,Mannington GSP,N/A,BSP,132 / 33,50.731517,-1.912595,SZ 06265 92437,,"17351, 17355, 17359",3 x 45 / 90MVA,No,130.13,28.46,31.19,0.00,0.00,Red,Substation Thermal Capacity,5MW,7.21,0.08,Yes,0.00,25.00,23.15,Red,Upstream Thermal Capacity & Substation Fault Level,,,Replace the existing 33kV switchboard with double busbar indoor switchgear,Jun-27
E - MANN - 04,E - MANN - 04,England / SEPD,Christchurch BSP,Mannington GSP,N/A,BSP,132 / 33,50.737887,-1.7786523,SZ 15716 93165,,17597,2 x 45 / 90MVA,No,56.63,10.91,25.57,0.00,44.18,Green,,5MW,24.51,89.00,Yes,0.00,20.00,15.67,Red,Substation Thermal Capacity & Upstream Thermal Capacity,Remove Christchurch BSP from the existing Arnewood - Christchurch - Redhill 132kV network via 2 new 132kV circuits between Mannington GSP and Christchurch BSP,Sep-31,,
E - MANN - 05,E - MANN - 05,England / SEPD,Lytchett BSP,Mannington GSP,N/A,BSP,132 / 33,50.747525,-2.0326048,SY 97796 94214,,17701,1 x 45 / 90MVA + 1 x 65 / 90MVA,No,57.76,14.25,13.96,45.68,21.28,Green,,5MW,90.30,80.20,Yes,0.00,17.50,16.03,Red,Substation Thermal Capacity & Upstream Thermal Capacity & Substation Fault Level,,,Replace the 33kV board with 31.5kA break / 78.8kA make switchgear,Nov-28
E - MANN - 06,E - MANN - 06,England / SEPD,Mannington BSP,Mannington GSP,N/A,BSP,132 / 33,50.846463,-1.8945125,SU 07523 05221,,"17462, 17464, 17487",3 x 30 / 60MVA,No,86.67,14.23,24.19,0.00,15.67,Green,,5MW,76.09,0.00,Yes,0.00,17.50,15.66,Red,Upstream Thermal Capacity,,,Replace both transformers with 120MVA units and replace the 33kV board with 31.5kA break / 78.8kA make switchgear,Feb-28
E - MANN - 07,E - MANN - 07,England / SEPD,Poole (Hamworthy) BSP,Mannington GSP,N/A,BSP,132 / 33,50.71673,-1.9984888,SZ 00203 90789,,"16530, 17588",2 x 30 / 60MVA,No,30.17,6.63,7.00,0.00,23.03,Green,,5MW,0.00,0.37,Yes,0.00,13.10,13.70,Red,Upstream Thermal Capacity & Substation Fault Level,,,,
E - MANN - 08,E - MANN - 08,England / SEPD,Redhill BSP,Mannington GSP,N/A,BSP,132 / 33,50.764985,-1.8796937,SZ 08581 96162,,"17667, 17689",2 x 45 / 90MVA,No,55.45,16.16,16.42,62.51,21.11,Green,,5MW,61.54,100.06,Yes,0.00,17.50,15.13,Red,Substation Thermal Capacity & Upstream Thermal Capacity,,,,
E - MANN - 09,E - MANN - 09,England / SEPD,Salisbury BSP,Mannington GSP,N/A,BSP,132 / 33,51.081771,-1.8436429,SU 11049 31395,,"17707, 17721, 17737",1 x 22.5 / 45MVA + 2 x 30 / 60MVA,No,68.26,14.19,31.79,9.00,50.70,Green,,5MW,21.24,67.55,Yes,0.00,13.10,16.76,Red,Upstream Thermal Capacity & Substation Fault Level,,,Replace the 33kV board with 31.5kA break / 78.8kA make switchgear,Jan-29
E - MANN - 10,E - MANN - 10,England / SEPD,Shaftesbury BSP,Mannington GSP,N/A,BSP,132 / 33,51.013311,-2.2088968,ST 85442 23791,,"17418, 17420, 17439",2 x 55 / 90MVA,No,57.40,15.53,41.86,59.24,31.18,Green,,5MW,60.42,91.90,Yes,0.00,25.00,11.50,Red,Substation Thermal Capacity & Upstream Thermal Capacity,Add 2 new 132kV circuits between Mannington GSP and Shaftesbury BSP,Jan-32,,
E - MANN - 11,E - MANN - 11,England / SEPD,Wareham BSP,Mannington GSP,N/A,BSP,132 / 33,50.695642,-2.1210299,SY 91548 88451,,"17383, 17392",2 x 15 / 30MVA,No,29.16,7.70,2.91,0.00,0.00,Red,Substation Thermal Capacity,5MW,47.91,0.00,Yes,0.00,13.10,11.29,Red,Substation Thermal Capacity & Upstream Thermal Capacity,,,Replace both transformers with 45MVA units,Jan-28
E - MANN - 12,E - MANN - 12,England / SEPD,Winfrith Heath Primary,Mannington GSP,N/A,Primary,132 / 11,50.678179,-2.2738384,SY 80748 86538,,25250,2 x 15 / 30MVA,No,22.98,3.31,5.04,0.00,0.00,Red,Substation Thermal Capacity,5MW,23.51,0.00,Yes,0.00,25.00,16.39,Red,Upstream Thermal Capacity,,,,
E - MANN - 13,E - MANN - 13,England / SEPD,Hincheslea Primary,Mannington GSP,Arnewood BSP,Primary,33 / 11,50.802919,-1.6067932,SU 27805 00447,,17129,2 x 7.5 / 15MVA,No,6.44,1.76,0.50,0.00,7.45,Green,,5MW,0.00,0.00,Yes,0.00,13.10,7.70,Red,Upstream Thermal Capacity & Upstream Fault Level Constraint,,,,
E - MANN - 14,E - MANN - 14,England / SEPD,Lymington Primary,Mannington GSP,Arnewood BSP,Primary,33 / 11,50.770427,-1.5515469,SZ 31720 96856,,16979,2 x 15 / 30MVA,No,17.09,3.50,3.41,0.00,9.45,Green,,5MW,4.39,0.00,Yes,0.00,13.10,10.60,Red,Upstream Thermal Capacity & Upstream Fault Level Constraint,,,,
E - MANN - 15,E - MANN - 15,England / SEPD,Milford-On-Sea Primary,Mannington GSP,Arnewood BSP,Primary,33 / 11,50.739051,-1.6009933,SZ 28252 93347,,17209,2 x 10MVA,No,8.21,1.85,2.13,0.00,3.53,Green,,5MW,0.00,0.00,Yes,0.00,25.00,9.44,Red,Upstream Thermal Capacity & Upstream Fault Level Constraint,,,Replace both transformers with 12 / 24MVA units,Sep-26
E - MANN - 16,E - MANN - 16,England / SEPD,New Milton Primary,Mannington GSP,Arnewood BSP,Primary,33 / 11,50.753623,-1.6746266,SZ 23049 94942,,17188,2 x 15 / 30MVA,No,16.25,3.58,1.57,0.00,11.18,Green,,5MW,1.43,0.00,Yes,0.00,13.10,10.48,Red,Upstream Thermal Capacity & Upstream Fault Level Constraint,,,,
E - MANN - 17,E - MANN - 17,England / SEPD,Alderney Primary,Mannington GSP,Bournemouth BSP,Primary,33 / 11,50.755851,-1.940832,SZ 04270 95141,,"17258, 17262",2 x 15 / 22.5MVA,No,16.94,2.44,13.45,0.00,0.00,Red,Substation Thermal Capacity & Upstream Thermal Capacity,5MW,0.00,0.00,Yes,0.00,13.10,8.74,Red,Upstream Thermal Capacity & Upstream Fault Level Constraint,,,Replace both transformers with 20 / 40MVA units and replace the 11kV board with 25kA break / 62.5kA make switchgear,Jun-27
E - MANN - 18,E - MANN - 18,England / SEPD,Bourne Valley Primary,Mannington GSP,Bournemouth BSP,Primary,33 / 11,50.73132,-1.9134172,SZ 06207 92415,,89416,2 x 15 / 30MVA,No,20.81,4.73,4.95,0.00,0.00,Red,Upstream Thermal Capacity,5MW,0.00,0.00,Yes,0.00,13.10,10.32,Red,Upstream Thermal Capacity & Upstream Fault Level Constraint,,,,
E - MANN - 19,E - MANN - 19,England / SEPD,Central Primary,Mannington GSP,Bournemouth BSP,Primary,33 / 11,50.72691,-1.8555358,SZ 10293 91931,,17138,2 x 15 / 30MVA,No,21.64,4.70,1.59,0.00,0.00,Red,Upstream Thermal Capacity,5MW,0.00,0.00,Yes,0.00,13.10,11.05,Red,Upstream Thermal Capacity & Upstream Fault Level Constraint,,,,
E - MANN - 20,E - MANN - 20,England / SEPD,Electric House Primary,Mannington GSP,Bournemouth BSP,Primary,33 / 11,50.721971,-1.8773104,SZ 08757 91379,,17241,2 x 20MVA,No,15.82,2.81,4.56,0.00,0.00,Red,Upstream Thermal Capacity,5MW,0.00,0.06,Yes,0.00,25.00,14.73,Red,Upstream Thermal Capacity & Upstream Fault Level Constraint,,,,
E - MANN - 21,E - MANN - 21,England / SEPD,Parkstone North Primary,Mannington GSP,Bournemouth BSP,Primary,33 / 11,50.729707,-1.9557135,SZ 03222 92233,,89420,2 x 20 / 40MVA,No,22.61,3.26,3.08,0.00,0.00,Red,Substation Thermal Capacity & Upstream Thermal Capacity,5MW,0.00,0.00,Yes,0.00,13.10,9.72,Red,Upstream Thermal Capacity & Upstream Fault Level Constraint,,,,
E - MANN - 22,E - MANN - 22,England / SEPD,Parkstone South Primary,Mannington GSP,Bournemouth BSP,Primary,33 / 11,50.708249,-1.9339239,SZ 04762 89848,,89419,2 x 15 / 30MVA,No,8.51,2.63,1.62,0.00,0.00,Red,Upstream Thermal Capacity,5MW,0.00,0.00,Yes,0.00,25.00,12.24,Red,Upstream Thermal Capacity & Upstream Fault Level Constraint,,,,
E - MANN - 23,E - MANN - 23,England / SEPD,Westbourne Primary,Mannington GSP,Bournemouth BSP,Primary,33 / 11,50.72294,-1.8931036,SZ 07642 91485,,89421,2 x 15 / 30MVA,No,13.70,3.28,1.94,0.00,0.00,Red,Upstream Thermal Capacity,5MW,0.00,0.02,Yes,0.00,13.10,10.62,Red,Upstream Thermal Capacity & Upstream Fault Level Constraint,,,,
E - MANN - 24,E - MANN - 24,England / SEPD,Boscombe East Primary,Mannington GSP,Christchurch BSP,Primary,33 / 11,50.731525,-1.8364924,SZ 11636 92447,,16967,2 x 15 / 30MVA,No,11.53,2.03,13.28,0.00,8.58,Green,,5MW,0.95,0.00,Yes,0.00,13.10,11.14,Red,Upstream Thermal Capacity,,,,
E - MANN - 25,E - MANN - 25,England / SEPD,Christchurch Primary,Mannington GSP,Christchurch BSP,Primary,33 / 11,50.737671,-1.7789084,SZ 15698 93141,,17221,2 x 15 / 30MVA,No,20.27,4.67,5.50,0.00,4.34,Green,,5MW,0.83,0.44,Yes,0.00,20.00,10.46,Red,Upstream Thermal Capacity,,,,
E - MANN - 26,E - MANN - 26,England / SEPD,Somerford Primary,Mannington GSP,Christchurch BSP,Primary,33 / 11,50.741635,-1.7425521,SZ 18262 93590,,17278,2 x 20MVA,No,18.42,5.60,1.45,0.00,6.72,Green,,5MW,0.95,0.00,Yes,0.00,13.10,14.87,Red,Upstream Thermal Capacity & Substation Fault Level,,,,
E - MANN - 27,E - MANN - 27,England / SEPD,Southbourne Primary,Mannington GSP,Christchurch BSP,Primary,33 / 11,50.72813,-1.8092022,SZ 13563 92074,,17055,2 x 15MVA,No,9.47,2.23,5.35,0.00,6.55,Green,,5MW,0.00,0.00,Yes,0.00,25.00,15.35,Red,Upstream Thermal Capacity,,,,
E - MANN - 28,E - MANN - 28,England / SEPD,Blandford Primary,Mannington GSP,Lytchett BSP,Primary,33 / 11,50.849233,-2.1603205,ST 88810 05536,,17121,2 x  20 / 40MVA,No,14.10,3.22,4.75,0.00,20.67,Green,,5MW,0.48,0.00,Yes,0.00,20.00,7.42,Red,Upstream Thermal Capacity & Upstream Fault Level Constraint,,,,
E - MANN - 29,E - MANN - 29,England / SEPD,Corfe Mullen Primary,Mannington GSP,Lytchett BSP,Primary,33 / 11,50.764227,-2.0214576,SY 98583 96071,,17084,2 x 15 / 30MVA,No,11.13,1.76,2.92,0.00,15.48,Green,,5MW,2.04,13.20,Yes,0.00,13.10,9.50,Red,Upstream Thermal Capacity & Upstream Fault Level Constraint,,,,
E - MANN - 30,E - MANN - 30,England / SEPD,Creekmoor Primary,Mannington GSP,Lytchett BSP,Primary,33 / 11,50.746693,-1.9935414,SZ 00552 94121,,17070,2 x 20 / 28MVA,No,13.48,3.56,2.21,0.00,15.70,Green,,5MW,0.00,0.00,Yes,0.00,13.10,14.88,Red,Upstream Thermal Capacity & Substation Fault Level & Upstream Fault Level Constraint,,,,
E - MANN - 31,E - MANN - 31,England / SEPD,Holes Bay Primary,Mannington GSP,Lytchett BSP,Primary,33 / 11,50.727215,-1.9910929,SZ 00725 91955,,17283,1 x 12 / 24MVA + 1 x 15 / 30MVA,No,17.20,2.48,2.28,0.00,4.13,Green,,5MW,7.13,0.00,Yes,0.00,25.00,10.09,Red,Upstream Thermal Capacity & Upstream Fault Level Constraint,,,,
E - MANN - 32,E - MANN - 32,England / SEPD,Winterborne Kingston Primary,Mannington GSP,Lytchett BSP,Primary,33 / 11,50.78261,-2.2193696,SY 84631 98138,,17101,2 x 7.5MVA,No,5.57,1.00,1.81,0.00,3.14,Green,,5MW,0.48,0.00,Yes,0.00,13.10,7.43,Red,Upstream Thermal Capacity & Upstream Fault Level Constraint,,,Replace both transformers with 12 / 24MVA units,Jun-27
E - MANN - 33,E - MANN - 33,England / SEPD,Ferndown Primary,Mannington GSP,Mannington BSP,Primary,33 / 11,50.805684,-1.9078023,SU 06593 00685,,16957,3 x 12 / 24MVA,No,23.27,3.35,7.31,0.00,15.67,Green,,5MW,0.13,0.00,Yes,0.00,13.10,12.46,Red,Upstream Thermal Capacity & Substation Fault Level,,,,
E - MANN - 34,E - MANN - 34,England / SEPD,Fordingbridge Primary,Mannington GSP,Mannington BSP,Primary,33 / 11,50.938981,-1.8011404,SU 14069 15523,,17156,2 x 7.5 / 15MVA,No,6.71,1.18,4.18,0.00,4.71,Green,,5MW,0.24,0.00,Yes,0.00,13.10,6.86,Red,Upstream Thermal Capacity,,,,
E - MANN - 35,E - MANN - 35,England / SEPD,Hinton Martell Primary,Mannington GSP,Mannington BSP,Primary,33 / 11,50.853785,-1.9913963,SU 00702 06030,,16989,1 x 6.3MVA,Yes,1.61,0.23,0.40,0.00,6.35,Green,,5MW,0.00,0.00,Yes,0.00,7.90,3.23,Red,Upstream Thermal Capacity,,,,
E - MANN - 36,E - MANN - 36,England / SEPD,Mannington Primary,Mannington GSP,Mannington BSP,Primary,33 / 11,50.846777,-1.8935317,SU 07592 05256,,89221,2 x 7.5 / 15MVA,No,6.95,1.29,2.18,0.00,5.43,Green,,5MW,0.00,0.00,Yes,0.00,13.10,8.46,Red,Upstream Thermal Capacity,,,,
E - MANN - 37,E - MANN - 37,England / SEPD,Mill Lane Primary,Mannington GSP,Mannington BSP,Primary,33 / 11,50.850032,-1.7926828,SU 14691 05633,,17058,2 x 15 / 30MVA,No,16.46,3.73,5.93,0.00,7.49,Green,,5MW,0.95,0.00,Yes,0.00,13.10,9.14,Red,Upstream Thermal Capacity,,,Replace both transformers with 20 / 40MVA units,Sep-29
E - MANN - 38,E - MANN - 38,England / SEPD,Rockbourne Primary,Mannington GSP,Mannington BSP,Primary,33 / 11,50.959601,-1.8359651,SU 11617 17810,,17113,1 x 4MVA,Yes,1.61,0.23,0.04,0.00,3.57,Green,,5MW,0.00,0.00,Yes,0.00,16.00,2.62,Red,Upstream Thermal Capacity,,,,
E - MANN - 39,E - MANN - 39,England / SEPD,Verwood Primary,Mannington GSP,Mannington BSP,Primary,33 / 11,50.891468,-1.8916672,SU 07716 10226,,"89225, 17198",3 x 5MVA,No,9.15,1.37,0.56,0.00,3.54,Green,,5MW,0.00,0.00,Yes,0.00,13.10,6.58,Red,Upstream Thermal Capacity,,,,
E - MANN - 40,E - MANN - 40,England / SEPD,Wimborne Primary,Mannington GSP,Mannington BSP,Primary,33 / 11,50.799459,-1.9727891,SZ 02014 99989,,17251,2 x 15MVA,No,15.61,4.10,3.58,0.00,2.17,Green,,5MW,0.08,0.00,Yes,0.00,13.10,10.73,Red,Upstream Thermal Capacity,,,Replace both transformers with 20 / 40MVA units and replace the 11kV board with 25kA break / 62.5kA make switchgear,Sep-28
E - MANN - 41,E - MANN - 41,England / SEPD,Wimborne St Giles Primary,Mannington GSP,Mannington BSP,Primary,33 / 11,50.91356,-1.9582998,SU 03028 12678,,89228,1 x 5MVA,Yes,0.96,0.14,0.03,0.00,0.52,Green,,5MW,0.00,0.00,Yes,0.00,12.00,2.88,Red,Upstream Thermal Capacity,,,,
E - MANN - 42,E - MANN - 42,England / SEPD,Hamworthy Primary,Mannington GSP,Poole (Hamworthy) BSP,Primary,33 / 11,50.716829,-1.9998911,SZ 00104 90800,,17109,1 x 10MVA + 2 x 15 / 30MVA,No,14.20,3.02,4.05,0.00,5.81,Green,,5MW,0.29,0.00,Yes,0.00,13.10,13.75,Red,Upstream Thermal Capacity & Substation Fault Level & Upstream Fault Level Constraint,,,,
E - MANN - 43,E - MANN - 43,England / SEPD,Poole Primary,Mannington GSP,Poole (Hamworthy) BSP,Primary,33 / 11,50.714984,-1.9859111,SZ 01091 90595,,17064,2 x 20MVA,No,13.79,3.28,2.95,0.00,10.23,Green,,5MW,0.76,0.00,Yes,0.00,13.10,13.04,Red,Upstream Thermal Capacity & Substation Fault Level & Upstream Fault Level Constraint,,,Replace the 11kV board with 25kA break / 62.5kA make switchgear,Mar-28
E - MANN - 44,E - MANN - 44,England / SEPD,East Howe Primary,Mannington GSP,Redhill BSP,Primary,33 / 11,50.755602,-1.9051219,SZ 06789 95116,,17078,2 x 15 / 23.7MVA,No,17.05,3.14,8.33,0.00,0.00,Red,Substation Thermal Capacity,5MW,0.00,0.00,Yes,0.00,13.10,9.90,Red,Upstream Thermal Capacity,,,,
E - MANN - 45,E - MANN - 45,England / SEPD,Redhill Primary,Mannington GSP,Redhill BSP,Primary,33 / 11,50.764869,-1.8806724,SZ 08512 96149,,89111,2 x 20 / 40MVA,No,18.91,4.35,5.64,0.00,21.11,Green,,5MW,0.06,0.00,Yes,0.00,25.00,9.83,Red,Upstream Thermal Capacity,,,,
E - MANN - 46,E - MANN - 46,England / SEPD,Winton Primary,Mannington GSP,Redhill BSP,Primary,33 / 11,50.743931,-1.8688628,SZ 09349 93822,,89112,2 x 20MVA,No,19.25,6.42,1.45,0.00,5.94,Green,,5MW,0.10,0.00,Yes,0.00,13.10,16.07,Red,Upstream Thermal Capacity & Substation Fault Level,,,Replace both transformers with 20 / 40MVA units and install a 33kV switchboard at Winton Primary,Mar-30
E - MANN - 47,E - MANN - 47,England / SEPD,Bemerton Primary,Mannington GSP,Salisbury BSP,Primary,33 / 11,51.080303,-1.8360247,SU 11583 31233,,17047,2 x 15 / 30MVA,No,9.98,1.79,2.20,0.00,21.26,Green,,5MW,0.00,0.00,Yes,0.00,20.00,9.12,Red,Upstream Thermal Capacity & Upstream Fault Level Constraint,"Remove both Netherhampton Primary and Petersfinger Primary from the existing meshed 33kV network via 4 new 33kV circuits from Salisbury BSP, 2 run to and Netherhampton Primary and 2 run to Petersfinger Primary",Jan-29,,
E - MANN - 48,E - MANN - 48,England / SEPD,Homington Primary,Mannington GSP,Salisbury BSP,Primary,33 / 11,51.033577,-1.8339219,SU 11742 26037,,17297,2 x 7.5 / 15MVA,No,5.98,0.99,0.25,0.00,8.04,Green,,5MW,0.00,9.00,Yes,0.00,25.00,4.41,Red,Upstream Thermal Capacity & Upstream Fault Level Constraint,"Remove both Netherhampton Primary and Petersfinger Primary from the existing meshed 33kV network via 4 new 33kV circuits from Salisbury BSP, 2 run to and Netherhampton Primary and 2 run to Petersfinger Primary",Jan-29,,
E - MANN - 49,E - MANN - 49,England / SEPD,Netherhampton Primary,Mannington GSP,Salisbury BSP,Primary,33 / 11,51.061123,-1.8233211,SU 12478 29102,,17173,2 x 10MVA,No,5.55,0.80,5.30,0.00,3.50,Green,,5MW,0.00,9.00,Yes,0.00,20.00,8.65,Red,Upstream Thermal Capacity & Upstream Fault Level Constraint,"Remove both Netherhampton Primary and Petersfinger Primary from the existing meshed 33kV network via 4 new 33kV circuits from Salisbury BSP, 2 run to and Netherhampton Primary and 2 run to Petersfinger Primary",Jan-29,,
E - MANN - 50,E - MANN - 50,England / SEPD,Petersfinger Primary,Mannington GSP,Salisbury BSP,Primary,33 / 11,51.063133,-1.7786479,SU 15608 29334,,89320,2 x 12 / 24MVA,No,11.51,2.54,8.22,0.00,5.46,Green,,5MW,0.36,0.00,Yes,0.00,13.10,7.47,Red,Upstream Thermal Capacity & Upstream Fault Level Constraint,"Remove both Netherhampton Primary and Petersfinger Primary from the existing meshed 33kV network via 4 new 33kV circuits from Salisbury BSP, 2 run to and Netherhampton Primary and 2 run to Petersfinger Primary",,,
E - MANN - 51,E - MANN - 51,England / SEPD,Redlynch Primary,Mannington GSP,Salisbury BSP,Primary,33 / 11,50.984276,-1.7296603,SU 19073 20576,,17163,2 x 7.5 / 15MVA,No,9.95,1.43,0.66,0.00,3.83,Green,,5MW,7.46,0.00,Yes,0.00,25.00,4.20,Red,Upstream Thermal Capacity & Upstream Fault Level Constraint,"Remove both Netherhampton Primary and Petersfinger Primary from the existing meshed 33kV network via 4 new 33kV circuits from Salisbury BSP, 2 run to and Netherhampton Primary and 2 run to Petersfinger Primary",Jan-29,,
E - MANN - 52,E - MANN - 52,England / SEPD,Salisbury Central Primary,Mannington GSP,Salisbury BSP,Primary,33 / 11,51.073483,-1.7984814,SU 14215 30481,,17293,1 x 15 / 30 + 2 x 20MVA,No,22.43,3.70,13.11,0.00,8.14,Green,,5MW,0.00,0.00,Yes,0.00,25.00,17.60,Red,Upstream Thermal Capacity & Upstream Fault Level Constraint,"Remove both Netherhampton Primary and Petersfinger Primary from the existing meshed 33kV network via 4 new 33kV circuits from Salisbury BSP, 2 run to and Netherhampton Primary and 2 run to Petersfinger Primary",Jan-29,,
E - MANN - 53,E - MANN - 53,England / SEPD,Stapleford Primary,Mannington GSP,Salisbury BSP,Primary,33 / 11,51.132937,-1.903181,SU 06871 37078,,89324,2 x 7.5 / 15MVA,No,4.78,0.69,1.58,0.00,8.46,Green,,5MW,0.07,0.10,Yes,0.00,13.10,7.85,Red,Upstream Thermal Capacity & Upstream Fault Level Constraint,,,,
E - MANN - 54,E - MANN - 54,England / SEPD,Teffont Primary,Mannington GSP,Salisbury BSP,Primary,33 / 11,51.078269,-2.0037037,ST 99837 30994,,89323,1 x 5MVA + 1 x 6.3MVA,No,3.87,0.56,0.48,0.00,2.35,Green,,5MW,0.16,0.00,Yes,0.00,13.10,3.92,Red,Upstream Thermal Capacity & Upstream Fault Level Constraint,,,,
E - MANN - 55,E - MANN - 55,England / SEPD,Bourton Primary,Mannington GSP,Shaftesbury BSP,Primary,33 / 11,51.071236,-2.3244667,ST 77363 30262,,89521,2 x 10MVA,No,8.52,1.23,2.12,0.00,3.00,Green,,5MW,0.71,0.20,Yes,0.00,25.00,7.26,Red,Upstream Thermal Capacity,,,,
E - MANN - 56,E - MANN - 56,England / SEPD,Gillingham Primary,Mannington GSP,Shaftesbury BSP,Primary,33 / 11,51.030903,-2.2839422,ST 80185 25765,,17147,2 x 30MVA,No,4.90,0.71,9.03,0.00,26.27,Green,,5MW,0.37,0.00,Yes,0.00,25.00,7.36,Red,Upstream Thermal Capacity,,,,
E - MANN - 57,E - MANN - 57,England / SEPD,Gussage St Michael Primary,Mannington GSP,Shaftesbury BSP,Primary,33 / 11,50.902226,-2.0207396,ST 98638 11417,,17299,1 x 5MVA,Yes,1.21,0.20,0.05,0.00,7.22,Green,,5MW,0.07,0.00,Yes,0.00,16.00,3.01,Red,Upstream Thermal Capacity,,,,
E - MANN - 58,E - MANN - 58,England / SEPD,Minchington Primary,Mannington GSP,Shaftesbury BSP,Primary,33 / 11,50.930117,-2.0559557,ST 96164 14520,,16991,1 x 5MVA,Yes,2.28,0.33,1.12,0.00,3.33,Green,,5MW,0.09,0.00,Yes,0.00,12.00,2.69,Red,Upstream Thermal Capacity,,,,
E - MANN - 59,E - MANN - 59,England / SEPD,Shaftesbury Primary,Mannington GSP,Shaftesbury BSP,Primary,33 / 11,51.009125,-2.2065547,ST 85605 23325,,16960,2 x 12 / 24MVA,No,10.37,1.89,2.37,0.00,0.00,Red,Substation Thermal Capacity,5MW,0.00,0.00,Yes,0.00,16.00,8.73,Red,Upstream Thermal Capacity,,,,
E - MANN - 60,E - MANN - 60,England / SEPD,Shroton Primary,Mannington GSP,Shaftesbury BSP,Primary,33 / 11,50.9222,-2.2097116,ST 85356 13659,,17117,2 x 12 / 24MVA,No,14.43,2.08,1.73,0.00,9.99,Green,,5MW,1.25,0.00,Yes,0.00,25.00,7.80,Red,Upstream Thermal Capacity,,,,
E - MANN - 61,E - MANN - 61,England / SEPD,Tarrant Rushton Primary,Mannington GSP,Shaftesbury BSP,Primary,33 / 11,50.865242,-2.0793804,ST 94510 07307,,17204,2 x 6.3MVA,No,3.64,0.96,0.65,0.00,3.53,Green,,5MW,0.00,0.00,Yes,0.00,25.00,4.79,Red,Upstream Thermal Capacity,,,,
E - MANN - 62,E - MANN - 62,England / SEPD,Tisbury Primary,Mannington GSP,Shaftesbury BSP,Primary,33 / 11,51.061442,-2.0950136,ST 93438 29127,,89518,2 x 8MVA,No,5.12,0.74,6.22,0.00,0.70,Amber,Substation Thermal Capacity,5MW,0.00,0.20,Yes,0.00,25.00,5.36,Red,Upstream Thermal Capacity,,,,
E - MANN - 63,E - MANN - 63,England / SEPD,West Stour Primary,Mannington GSP,Shaftesbury BSP,Primary,33 / 11,50.997316,-2.3191625,ST 77699 22040,,89522,2 x 7.5MVA + 1 x 8MVA,No,4.68,0.67,0.57,0.00,4.74,Green,,5MW,0.00,0.17,Yes,0.00,13.10,4.40,Red,Upstream Thermal Capacity,,,,
E - MANN - 64,E - MANN - 64,England / SEPD,Wincanton Primary,Mannington GSP,Shaftesbury BSP,Primary,33 / 11,51.048843,-2.4110034,ST 71286 27802,,17127,2 x 7.5 / 15MVA,No,8.39,1.29,4.04,0.00,2.48,Green,,5MW,0.16,0.00,Yes,0.00,25.00,7.01,Red,Upstream Thermal Capacity,,,,
E - MANN - 65,E - MANN - 65,England / SEPD,Bovington Primary,Mannington GSP,Wareham BSP,Primary,33 / 11,50.689904,-2.2288178,SY 83933 87831,,89611,2 x 8MVA,No,5.31,0.76,0.12,0.00,0.00,Red,Upstream Thermal Capacity,5MW,5.00,0.00,Yes,0.00,13.10,8.28,Red,Upstream Thermal Capacity,,,,
E - MANN - 66,E - MANN - 66,England / SEPD,Bushey Primary,Mannington GSP,Wareham BSP,Primary,33 / 11,50.651464,-2.0343059,SY 97671 83532,,17215,1 x 5MVA,Yes,1.59,0.39,0.07,0.00,0.00,Red,Upstream Thermal Capacity,5MW,0.00,0.00,Yes,0.00,13.10,2.62,Red,Upstream Thermal Capacity,,,,
E - MANN - 67,E - MANN - 67,England / SEPD,Swanage Primary,Mannington GSP,Wareham BSP,Primary,33 / 11,50.613373,-1.9729521,SZ 02010 79296,,17271,2 x 10MVA,No,9.08,1.89,1.21,0.00,0.00,Red,Upstream Thermal Capacity,5MW,0.95,0.00,Yes,0.00,25.00,6.65,Red,Upstream Thermal Capacity,,,Replace both transformers with 20 / 40MVA units,Dec-27
E - MANN - 68,E - MANN - 68,England / SEPD,Wareham Town Primary,Mannington GSP,Wareham BSP,Primary,33 / 11,50.686764,-2.114099,SY 92036 87463,,89612,2 x 11.25MVA,No,10.37,1.70,1.52,0.00,0.00,Red,Upstream Thermal Capacity,5MW,4.04,0.00,Yes,0.00,25.00,6.79,Red,Upstream Thermal Capacity,,,Replace both transformers with 20 / 40MVA units,Jan-28
E - MELK - 01,E - MELK - 01,England / SEPD,Melksham GSP,N/A,N/A,GSP,400 / 132,51.391863,-2.1504276,ST 89630 65880,"Any available capacity at Melksham GSP is shared with another DNO - NGED
Maximum and minimum demand figures listed account only for SSEN's network","13346, 13353, 13354, 13355",4 x 240MVA,No,433.40,127.23,176.00,764.92,N/A,Green,,1MW,501.52,1653.80,Yes,N/A,25.00,17.19,Red,Substation Thermal Capacity,,,Replace the 33kV board with 40kA break / 100kA make switchgear,Mar-29
E - MELK - 02,E - MELK - 02,England / SEPD,Andover BSP,Melksham GSP,N/A,BSP,132 / 33,51.217494,-1.495475,SU 35334 46598,,13940,2 x 90MVA,No,77.79,11.21,23.99,5.54,23.66,Green,,1MW,78.59,40.92,Yes,0.00,17.50,16.12,Red,Substation Thermal Capacity & Upstream Thermal Capacity & Substation Fault Level,,,Replace the 132kV swithcgear and add a 3rd 90MVA transformer,Feb-29
E - MELK - 03,E - MELK - 03,England / SEPD,Chippenham BSP,Melksham GSP,N/A,BSP,132 / 33,51.467394,-2.107503,ST 92629 74275,,"13432, 14276, 14284",2 x 45 / 90MVA,No,100.97,23.86,71.31,55.40,0.00,Red,Substation Thermal Capacity,1MW,83.70,208.32,Yes,0.00,17.50,14.76,Red,Substation Thermal Capacity & Upstream Thermal Capacity,,,"Replace the 33kV board with 31.5kA break / 78.8kA make switchgear (Sep-28)

Add a 3rd 90MVA transformer",Dec-28
E - MELK - 04,E - MELK - 04,England / SEPD,Frome BSP,Melksham GSP,N/A,BSP,132 / 33,51.23096,-2.3049659,ST 78803 48019,,"14538, 14539, 14540",2 x 45 / 90MVA,No,81.35,18.73,28.09,0.00,19.00,Green,,1MW,11.50,9.00,Yes,0.00,17.50,15.46,Red,Upstream Thermal Capacity,,,"Replace the 33kV board with 31.5kA break / 78.8kA make switchgear (Sep-27)

Add a 3rd 90MVA transformer",Mar-30
E - MELK - 05,E - MELK - 05,England / SEPD,Norrington BSP,Melksham GSP,N/A,BSP,132 / 33,51.38377,-2.1699006,ST 88273 64983,,"14408, 14409, 14410",3 x 45 / 90MVA,No,137.42,30.29,44.93,70.28,0.00,Red,Substation Thermal Capacity,1MW,147.48,138.51,Yes,0.00,17.50,22.38,Red,Substation Thermal Capacity & Upstream Thermal Capacity & Substation Fault Level,"Split the existing Norrington BSP into Norrington A (3 x 90MVA transformers) and Norrington B (2 x 90MVA transformers) BSP's, ",Jun-28,"Replace the 33kV board with 31.5kA break / 78.8kA make switchgear (Dec-27)

Add a 4th 90MVA transformer",Feb-28
E - MELK - 06,E - MELK - 06,England / SEPD,West Grafton BSP,Melksham GSP,N/A,BSP,132 / 33,51.331515,-1.6525718,SU 24302 59215,,13857,1 x 22.5 / 45MVA + 1 x 45MVA,No,29.25,8.77,7.68,0.00,21.35,Green,,1MW,5.36,14.25,Yes,0.00,13.10,12.98,Red,Upstream Thermal Capacity & Substation Fault Level,,,,
E - MELK - 07,E - MELK - 07,England / SEPD,Andover Primary,Melksham GSP,Andover BSP,Primary,33 / 11,51.217904,-1.4968164,SU 35240 46643,,85004,2 x 15 / 30MVA,No,7.43,1.64,2.34,0.00,14.99,Green,,1MW,0.00,0.00,Yes,0.00,25.00,9.35,Red,Upstream Thermal Capacity & Upstream Fault Level Constraint,,,,
E - MELK - 08,E - MELK - 08,England / SEPD,Andover East Primary,Melksham GSP,Andover BSP,Primary,33 / 11,51.215843,-1.4579957,SU 37953 46433,,85016,2 x 15 / 30MVA,No,16.69,5.67,6.36,0.00,6.91,Green,,1MW,0.59,0.40,Yes,0.00,13.10,9.74,Red,Upstream Thermal Capacity & Upstream Fault Level Constraint,,,,
E - MELK - 09,E - MELK - 09,England / SEPD,Andover Town Primary,Melksham GSP,Andover BSP,Primary,33 / 11,51.203772,-1.483129,SU 36207 45078,,85017,2 x 7.5 / 15MVA,No,7.65,1.36,0.76,0.00,6.07,Green,,1MW,0.28,0.00,Yes,0.00,16.00,12.73,Red,Upstream Thermal Capacity & Upstream Fault Level Constraint,,,,
E - MELK - 10,E - MELK - 10,England / SEPD,Barton Stacey Primary,Melksham GSP,Andover BSP,Primary,33 / 11,51.182169,-1.399417,SU 42075 42720,,85018,2 x 7.5 / 15MVA,No,6.80,1.13,0.57,5.54,12.00,Green,,1MW,0.00,12.20,Yes,0.00,25.00,6.18,Red,Upstream Thermal Capacity & Upstream Fault Level Constraint,Add a new 33kV circuit between Barton Stacey Primary and Whitchurch Primary,Nov-28,,
E - MELK - 11,E - MELK - 11,England / SEPD,Hurstbourne Tarrant Primary,Melksham GSP,Andover BSP,Primary,33 / 11,51.270081,-1.4368458,SU 39384 52476,,85019,2 x 5MVA,No,3.69,0.73,1.80,0.00,1.74,Green,,1MW,0.00,0.67,Yes,0.00,25.00,3.43,Red,Upstream Thermal Capacity & Upstream Fault Level Constraint,,,,
E - MELK - 12,E - MELK - 12,England / SEPD,Middle Wallop Primary,Melksham GSP,Andover BSP,Primary,33 / 11,51.159812,-1.5583093,SU 30984 40155,,85020,1 x 7.5 / 15MVA,Yes,6.90,0.99,0.71,0.00,0.00,Red,Substation Thermal Capacity,1MW,4.40,0.00,Yes,0.00,13.10,5.25,Red,Upstream Thermal Capacity & Upstream Fault Level Constraint,,,,
E - MELK - 13,E - MELK - 13,England / SEPD,Portway Primary,Melksham GSP,Andover BSP,Primary,33 / 11,51.212183,-1.5088758,SU 34402 46001,,85021,2 x 15 / 30MVA,No,16.05,2.31,2.75,0.00,8.30,Green,,1MW,9.81,8.05,Yes,0.00,13.10,10.48,Red,Upstream Thermal Capacity & Upstream Fault Level Constraint,,,,
E - MELK - 14,E - MELK - 14,England / SEPD,Thruxton Primary,Melksham GSP,Andover BSP,Primary,33 / 11,51.209534,-1.5843176,SU 29134 45674,,85022,2 x 6.3MVA,No,4.19,0.68,0.92,0.00,3.45,Green,,1MW,0.00,0.00,Yes,0.00,13.10,5.40,Red,Upstream Thermal Capacity & Upstream Fault Level Constraint,,,,
E - MELK - 15,E - MELK - 15,England / SEPD,Whitchurch Primary,Melksham GSP,Andover BSP,Primary,33 / 11,51.233538,-1.3436196,SU 45924 48466,,85023,1 x 5 / 6.5MVA + 1 x 7.5 / 15MVA,No,4.65,0.93,0.83,0.00,1.35,Green,,1MW,0.90,0.00,Yes,0.00,13.10,5.39,Red,Upstream Thermal Capacity & Upstream Fault Level Constraint,Add a new 33kV circuit between Barton Stacey Primary and Whitchurch Primary,Nov-28,,
E - MELK - 16,E - MELK - 16,England / SEPD,Alderton Primary,Melksham GSP,Chippenham BSP,Primary,33 / 11,51.555203,-2.2233876,ST 84609 84059,,85118,2 x 3MVA,No,2.92,0.48,0.26,0.00,0.00,Red,Upstream Thermal Capacity,1MW,0.00,0.00,Yes,0.00,13.10,3.33,Red,Upstream Thermal Capacity,Install a new 33kV circuit between Alderton Primary and Yatton Keynell,Jun-30,Replace both transformers with 7.5 / 15MVA units,Jun-30
E - MELK - 17,E - MELK - 17,England / SEPD,Calne Primary,Melksham GSP,Chippenham BSP,Primary,33 / 11,51.451457,-1.9938927,SU 00521 72497,,13608,2 x 15MVA,No,15.40,2.22,4.03,0.00,0.00,Red,Substation Thermal Capacity & Upstream Thermal Capacity,1MW,11.88,0.00,Yes,0.00,13.10,11.79,Red,Upstream Thermal Capacity,,,,
E - MELK - 18,E - MELK - 18,England / SEPD,Cocklebury Primary,Melksham GSP,Chippenham BSP,Primary,33 / 11,51.46393,-2.1101146,ST 92447 73890,,85121,3 x 12 / 24MVA,No,16.77,4.54,6.77,0.00,0.00,Red,Upstream Thermal Capacity,1MW,0.00,0.00,Yes,0.00,13.10,21.34,Red,Upstream Thermal Capacity & Substation Fault Level,,,,
E - MELK - 19,E - MELK - 19,England / SEPD,Lyneham Primary,Melksham GSP,Chippenham BSP,Primary,33 / 11,51.523244,-2.0107905,ST 99348 80481,,85122,2 x 7.5 / 10.5MVA,No,9.07,1.43,2.63,0.00,0.00,Red,Upstream Thermal Capacity,1MW,0.00,0.30,Yes,0.00,13.10,7.09,Red,Upstream Thermal Capacity,,,,
E - MELK - 20,E - MELK - 20,England / SEPD,Malmesbury Primary,Melksham GSP,Chippenham BSP,Primary,33 / 11,51.586238,-2.1127057,ST 92288 87493,,85123,2 x 10MVA,No,10.35,3.79,1.60,0.00,0.00,Red,Upstream Thermal Capacity,1MW,0.70,0.06,Yes,0.00,13.10,7.76,Red,Upstream Thermal Capacity,,,,
E - MELK - 21,E - MELK - 21,England / SEPD,Rowden Primary,Melksham GSP,Chippenham BSP,Primary,33 / 11,51.452378,-2.1337171,ST 90805 72608,,85124,2 x 15 / 21MVA,No,14.86,3.56,10.67,0.00,0.00,Red,Upstream Thermal Capacity,1MW,0.38,0.09,Yes,0.00,25.00,9.28,Red,Upstream Thermal Capacity,Add a new 33kV circuit between Chippenham BSP and Rowden Primary and establish a new 33kV switchboard,Oct-32,Add a 3rd 15 / 30MVA transformer,Oct-32
E - MELK - 22,E - MELK - 22,England / SEPD,Sutton Benger Primary,Melksham GSP,Chippenham BSP,Primary,33 / 11,51.519338,-2.0966001,ST 93394 80051,,85125,2 x 7.5 / 15MVA,No,5.81,0.84,9.42,0.00,0.00,Red,Substation Thermal Capacity & Upstream Thermal Capacity,1MW,0.20,0.00,Yes,0.00,13.10,9.29,Red,Upstream Thermal Capacity,Install a new 33kV circuit between Chippenham BSP and Sutton Benger Primary,Jun-30,Replace both transformers with 15 / 30MVA units,Jan-28
E - MELK - 23,E - MELK - 23,England / SEPD,Tetbury Primary,Melksham GSP,Chippenham BSP,Primary,33 / 11,51.639703,-2.1501205,ST 89708 93444,,85126,2 x 7.5MVA,No,5.99,1.33,2.36,0.00,0.00,Red,Upstream Thermal Capacity,1MW,0.59,0.06,Yes,0.00,13.10,6.08,Red,Upstream Thermal Capacity,,,,
E - MELK - 24,E - MELK - 24,England / SEPD,Yatton Keynell Primary,Melksham GSP,Chippenham BSP,Primary,33 / 11,51.480849,-2.184273,ST 87300 75782,,85127,1 x 5MVA,Yes,4.67,0.67,2.11,0.00,0.00,Red,Substation Thermal Capacity & Upstream Thermal Capacity,1MW,0.00,0.00,Yes,0.00,13.10,4.04,Red,Upstream Thermal Capacity,Reinforce the 33kV circuit between Chippenham BSP and Yatton Keynell Primary,Jan-28,,
E - MELK - 25,E - MELK - 25,England / SEPD,Bruton Primary,Melksham GSP,Frome BSP,Primary,33 / 11,51.114782,-2.4429037,ST 69094 35148,,85215,2 x 4 / 8MVA,No,5.10,0.78,1.13,0.00,1.79,Green,,1MW,1.90,0.00,Yes,0.00,25.00,0.84,Red,Upstream Thermal Capacity,,,,
E - MELK - 26,E - MELK - 26,England / SEPD,Codford Primary,Melksham GSP,Frome BSP,Primary,33 / 11,51.155279,-2.0389563,ST 97372 39559,,85216,1 x 5MVA,Yes,3.37,0.71,1.74,0.00,1.56,Green,,1MW,1.90,0.00,Yes,0.00,25.00,3.45,Red,Upstream Thermal Capacity,,,,
E - MELK - 27,E - MELK - 27,England / SEPD,Crockerton Primary,Melksham GSP,Frome BSP,Primary,33 / 11,51.189429,-2.1768679,ST 87736 43371,,85217,2 x 10 / 14MVA,No,12.94,2.65,1.58,0.00,0.00,Red,Substation Thermal Capacity,1MW,1.90,0.00,Yes,0.00,25.00,8.63,Red,Upstream Thermal Capacity,,,,
E - MELK - 28,E - MELK - 28,England / SEPD,Frome Primary,Melksham GSP,Frome BSP,Primary,33 / 11,51.231249,-2.3042947,ST 78850 48051,,"85226, 85218",3 x 15 / 30MVA,No,26.41,5.73,9.95,0.00,12.71,Green,,1MW,2.41,0.00,Yes,0.00,13.10,14.48,Red,Upstream Thermal Capacity & Substation Fault Level,,,,
E - MELK - 29,E - MELK - 29,England / SEPD,Hawkeridge Primary,Melksham GSP,Frome BSP,Primary,33 / 11,51.276215,-2.196039,ST 86422 53026,,85223,1 x 7.5 / 15MVA + 1 x 15 / 30MVA,No,12.53,1.81,0.10,0.00,3.31,Green,,1MW,0.00,7.60,Yes,0.00,25.00,13.03,Red,Upstream Thermal Capacity,,,,
E - MELK - 30,E - MELK - 30,England / SEPD,Holwell Primary,Melksham GSP,Frome BSP,Primary,33 / 11,51.200229,-2.3993971,ST 72191 44633,,85219,2 x 7.5 / 15MVA,No,12.35,1.78,0.64,0.00,1.09,Amber,Substation Thermal Capacity,1MW,0.00,1.00,Yes,0.00,25.00,7.72,Red,Upstream Thermal Capacity,,,,
E - MELK - 31,E - MELK - 31,England / SEPD,Warminster Primary,Melksham GSP,Frome BSP,Primary,33 / 11,51.199972,-2.216983,ST 84936 44551,,85220,2 x 7.5 / 15MVA,No,8.16,1.27,6.16,0.00,7.05,Green,,1MW,0.00,0.00,Yes,0.00,16.00,8.24,Red,Upstream Thermal Capacity,,,,
E - MELK - 32,E - MELK - 32,England / SEPD,Westbury Primary,Melksham GSP,Frome BSP,Primary,33 / 11,51.262792,-2.178325,ST 87654 51530,,85221,2 x 15 / 30MVA,No,13.70,2.65,3.05,0.00,10.38,Green,,1MW,2.57,0.00,Yes,0.00,13.10,10.18,Red,Upstream Thermal Capacity,,,,
E - MELK - 33,E - MELK - 33,England / SEPD,Ashton Park Primary,Melksham GSP,Norrington BSP,Primary,33 / 11,51.318628,-2.1859029,ST 87141 57741,,85320,2 x 15 / 30MVA,No,18.18,2.62,19.33,0.00,0.00,Red,Substation Thermal Capacity & Upstream Thermal Capacity,1MW,3.80,0.00,Yes,0.00,13.10,9.16,Red,Upstream Thermal Capacity & Upstream Fault Level Constraint,"Add 2 new 33kV circuits between Norrington BSP and Ashton Park Primary, reconnect the redundant 33kV circuit between Norrington BSP and Ashton Park Primary",Mar-33,Add a 3rd 15 / 30MVA transformer,Mar-33
E - MELK - 34,E - MELK - 34,England / SEPD,Bradford-On-Avon Primary,Melksham GSP,Norrington BSP,Primary,33 / 11,51.343847,-2.2704395,ST 81260 60564,,85322,2 x 30MVA,No,12.33,2.28,2.89,0.00,0.00,Red,Upstream Thermal Capacity,1MW,0.00,0.00,Yes,0.00,25.00,8.66,Red,Upstream Thermal Capacity & Upstream Fault Level Constraint,,,,
E - MELK - 35,E - MELK - 35,England / SEPD,Bromham Primary,Melksham GSP,Norrington BSP,Primary,33 / 11,51.392983,-2.0205036,ST 98670 65994,,85119,1 x 5MVA,Yes,3.19,0.46,0.34,0.00,0.00,Red,Upstream Thermal Capacity,1MW,0.38,0.00,Yes,0.00,13.10,2.92,Red,Upstream Thermal Capacity & Upstream Fault Level Constraint,,,,
E - MELK - 36,E - MELK - 36,England / SEPD,Corsham Primary,Melksham GSP,Norrington BSP,Primary,33 / 11,51.425098,-2.1917286,ST 86766 69583,,85326,2 x 10MVA,No,9.14,2.25,1.87,0.00,0.00,Red,Upstream Thermal Capacity,1MW,0.00,0.20,Yes,0.00,13.10,9.11,Red,Upstream Thermal Capacity & Upstream Fault Level Constraint,,,,
E - MELK - 37,E - MELK - 37,England / SEPD,Devizes Primary,Melksham GSP,Norrington BSP,Primary,33 / 11,51.347954,-1.9998646,SU 00106 60986,,85327,2 x 15 / 21MVA,No,20.51,5.64,4.30,0.00,0.00,Red,Substation Thermal Capacity & Upstream Thermal Capacity,1MW,1.30,0.00,Yes,0.00,25.00,11.80,Red,Upstream Thermal Capacity & Upstream Fault Level Constraint,,,Replace both transformers with 20 / 40MVA units,Aug-26
E - MELK - 38,E - MELK - 38,England / SEPD,Easterton Primary,Melksham GSP,Norrington BSP,Primary,33 / 11,51.2917,-1.9788981,SU 01568 54730,,85328,2 x 7.5 / 15MVA,No,8.00,1.15,1.57,0.00,0.00,Red,Upstream Thermal Capacity,1MW,0.00,0.00,Yes,0.00,13.10,8.47,Red,Upstream Thermal Capacity & Upstream Fault Level Constraint,,,,
E - MELK - 39,E - MELK - 39,England / SEPD,Melksham Town Primary,Melksham GSP,Norrington BSP,Primary,33 / 11,51.375831,-2.1426167,ST 90170 64096,,85324,2 x 20 / 40MVA,No,25.96,3.74,8.26,0.00,0.00,Red,Substation Thermal Capacity & Upstream Thermal Capacity,1MW,8.74,0.00,Yes,0.00,25.00,15.18,Red,Upstream Thermal Capacity & Upstream Fault Level Constraint,,,,
E - MELK - 40,E - MELK - 40,England / SEPD,Spring Quarry West Primary,Melksham GSP,Norrington BSP,Primary,33 / 11,51.41725,-2.2261794,ST 84368 68717,,85334,2 x 15 / 30MVA,No,8.23,1.88,0.62,0.00,0.00,Red,Upstream Thermal Capacity,1MW,7.00,0.00,Yes,0.00,13.10,10.64,Red,Upstream Thermal Capacity & Upstream Fault Level Constraint,,,,
E - MELK - 41,E - MELK - 41,England / SEPD,Trowbridge Town Primary,Melksham GSP,Norrington BSP,Primary,33 / 11,51.321219,-2.2214012,ST 84668 58036,,85325,2 x 20 / 26MVA,No,14.56,4.17,5.76,0.00,0.00,Red,Upstream Thermal Capacity,1MW,0.00,0.10,Yes,0.00,13.10,11.11,Red,Upstream Thermal Capacity & Upstream Fault Level Constraint,,,,
E - MELK - 42,E - MELK - 42,England / SEPD,Marlborough South Primary,Melksham GSP,West Grafton BSP,Primary,33 / 11,51.413071,-1.7239782,SU 19293 68264,,85617,2 x 7.5 / 15MVA,No,11.77,4.00,1.53,0.00,1.49,Green,,1MW,0.08,0.00,Yes,0.00,25.00,5.71,Red,Upstream Thermal Capacity & Upstream Fault Level Constraint,,,,
E - MELK - 43,E - MELK - 43,England / SEPD,Ramsbury Primary,Melksham GSP,West Grafton BSP,Primary,33 / 11,51.447303,-1.6074032,SU 27380 72108,,85620,2 x 4 / 8MVA,No,3.35,0.49,1.45,0.00,4.60,Green,,1MW,0.10,0.00,Yes,0.00,13.10,4.92,Red,Upstream Thermal Capacity & Upstream Fault Level Constraint,,,,
E - MELK - 44,E - MELK - 44,England / SEPD,Tidworth Primary,Melksham GSP,West Grafton BSP,Primary,33 / 11,51.245007,-1.6562893,SU 24088 49593,,85621,2 x 10 / 14MVA,No,8.80,2.39,3.20,0.00,6.68,Green,,1MW,0.00,0.00,Yes,0.00,25.00,8.37,Red,Upstream Thermal Capacity & Upstream Fault Level Constraint,,,,
E - MELK - 45,E - MELK - 45,England / SEPD,West Grafton Village Primary,Melksham GSP,West Grafton BSP,Primary,33 / 11,51.341068,-1.6476615,SU 24639 60279,,85622,2 x 7.5MVA,No,5.27,0.76,1.49,0.00,3.61,Green,,1MW,0.19,0.15,Yes,0.00,13.10,9.83,Red,Upstream Thermal Capacity & Upstream Fault Level Constraint,,,,
E - MITY - 01,E - MITY - 01,England / SEPD,Minety GSP,N/A,N/A,GSP,400 / 132,51.607485,-2.0012516,SU 00010 89850,,"10044, 61142, 61144, 61199",4 x 240MVA,No,356.66,22.00,278.40,321.11,N/A,Green,,1MW,475.79,841.39,Yes,N/A,40.00,21.91,Red,Substation Thermal Capacity,"Transmission works:
Add a 5th 240MVA transformer",Sep-26,,
E - MITY - 02,E - MITY - 02,England / SEPD,Cirencester BSP,Minety GSP,N/A,BSP,132 / 33,51.702049,-1.9623153,SP 02701 00368,,"10421, 10422",2 x 45 / 90MVA,No,57.00,15.91,15.71,12.58,49.30,Green,,1MW,53.87,120.90,Yes,0.00,25.00,13.67,Red,Substation Thermal Capacity & Upstream Thermal Capacity,Reinforce sections of the 132kV circuits between Minety GSP and Cirencester BSP,Jan-28,,
E - MITY - 03,E - MITY - 03,England / SEPD,Stratton (Main) BSP,Minety GSP,N/A,BSP,132 / 33,51.597322,-1.7555635,SU 17028 88748,,"10427, 10428",2 x 45 / 90MVA,No,48.65,14.73,15.69,25.00,57.99,Green,,1MW,78.95,48.30,Yes,0.00,17.50,14.76,Red,Substation Thermal Capacity & Upstream Thermal Capacity,,,,
E - MITY - 04,E - MITY - 04,England / SEPD,Stratton (Reserve) BSP,Minety GSP,N/A,BSP,132 / 33,51.597322,-1.7555635,SU 17028 88748,,10468,2 x 30 / 60MVA,No,49.75,14.30,45.49,76.13,1.85,Red,Substation Thermal Capacity,1MW,64.09,104.29,Yes,0.00,17.50,14.56,Red,Substation Thermal Capacity & Upstream Thermal Capacity,,,Replace both transformers with 90MVA units,Nov-26
E - MITY - 05,E - MITY - 05,England / SEPD,Swindon BSP,Minety GSP,N/A,BSP,132 / 33,51.582282,-1.8217579,SU 12447 87062,,"11055, 11056, 11057",1 x 45 / 90MVA + 1 x 65 / 90MVA,No,65.28,12.35,21.66,0.00,39.37,Green,,1MW,69.60,3.20,Yes,0.00,17.50,16.42,Red,Upstream Thermal Capacity & Substation Fault Level,Establish a new 132kV switchboard at Swindon BSP and reconfigure the Galileo - Stratton - Toothill 132kV network,Jun-28,Replace the 33kV board with 31.5kA break / 78.8kA make switchgear,Jun-28
E - MITY - 06,E - MITY - 06,England / SEPD,Toothill BSP,Minety GSP,N/A,BSP,132 / 33,51.554239,-1.8111364,SU 13191 83945,,"11429, 11430, 11431, 11432",2 x 22.5 / 45MVA + 1 x 45 / 90MVA,No,44.22,16.27,40.26,41.05,42.56,Green,,1MW,61.06,39.00,Yes,0.00,17.50,13.68,Red,Substation Thermal Capacity & Upstream Thermal Capacity,,,Replace the existing 45MVA transformers with 90MVA units,Jun-27
E - MITY - 07,E - MITY - 07,England / SEPD,Galileo Primary,Minety GSP,N/A,Primary,132 / 11,51.552387,-1.848571,SU 10596 83733,,24319,2 x 22.5 / 45MVA,No,14.10,3.95,4.59,0.00,30.38,Green,,1MW,0.19,0.00,Yes,0.00,25.00,13.91,Red,Upstream Thermal Capacity,,,,
E - MITY - 08,E - MITY - 08,England / SEPD,Cirencester Town Primary,Minety GSP,Cirencester BSP,Primary,33 / 11,51.706175,-1.9614436,SP 02761 00827,,13750,2 x 15MVA,No,16.92,3.11,11.97,0.00,0.00,Red,Substation Thermal Capacity,1MW,0.00,1.04,Yes,0.00,13.10,8.72,Red,Upstream Thermal Capacity,,,"Replace both transformers with 15 / 30MVA units (Sep-26)

Replace the 11kV board with 25kA break / 62.5kA make switchgear",Jun-28
E - MITY - 09,E - MITY - 09,England / SEPD,Cricklade Primary,Minety GSP,Cirencester BSP,Primary,33 / 11,51.638158,-1.8655681,SU 09400 93270,,14250,2 x 7.5 / 15MVA,No,8.46,1.75,1.84,0.00,4.73,Green,,1MW,0.95,0.00,Yes,0.00,20.00,8.24,Red,Upstream Thermal Capacity,Add a new 33kV circuit between Cirencester BSP and Cricklade Primary,Sep-30,,
E - MITY - 10,E - MITY - 10,England / SEPD,Fairford Primary,Minety GSP,Cirencester BSP,Primary,33 / 11,51.70359,-1.7927605,SP 14418 00559,,15250,2 x 7.5 / 15MVA,No,9.31,1.99,2.35,0.00,5.66,Green,,1MW,0.54,0.01,Yes,0.00,25.00,8.19,Red,Upstream Thermal Capacity,,,,
E - MITY - 11,E - MITY - 11,England / SEPD,Kemble RAF Primary,Minety GSP,Cirencester BSP,Primary,33 / 11,51.662648,-2.0581563,ST 96074 95987,,17750,2 x 10MVA,No,1.57,0.23,0.71,0.00,11.01,Green,,1MW,0.00,0.00,Yes,0.00,20.00,3.79,Red,Upstream Thermal Capacity,,,,
E - MITY - 12,E - MITY - 12,England / SEPD,Minety Village Primary,Minety GSP,Cirencester BSP,Primary,33 / 11,51.626203,-1.9776039,SU 01647 91932,,20050,1 x 7.5 / 15MVA,Yes,3.94,0.70,0.25,0.00,12.19,Green,,1MW,0.00,0.00,Yes,0.00,13.10,6.38,Red,Upstream Thermal Capacity,Add 2 new 33kV circuits between Cirencester BSP and Minety Village Primary,Sep-30,,
E - MITY - 13,E - MITY - 13,England / SEPD,Northleach Primary,Minety GSP,Cirencester BSP,Primary,33 / 11,51.82678,-1.8482202,SP 10557 14251,,20450,2 x 10MVA,No,5.61,1.37,0.77,0.00,6.94,Green,,1MW,0.00,0.00,Yes,0.00,25.00,6.09,Red,Upstream Thermal Capacity,,,,
E - MITY - 14,E - MITY - 14,England / SEPD,Shipton Oliffe Primary,Minety GSP,Cirencester BSP,Primary,33 / 11,51.87048,-1.9449936,SP 03884 19102,,23350,2 x 4MVA,No,2.78,0.40,0.26,0.00,0.84,Green,,1MW,0.00,0.00,Yes,0.00,13.10,3.65,Red,Upstream Thermal Capacity,,,,
E - MITY - 15,E - MITY - 15,England / SEPD,Whiteway Primary,Minety GSP,Cirencester BSP,Primary,33 / 11,51.726246,-1.9713441,SP 02076 03059,,25050,2 x 15 / 30MVA,No,9.31,1.40,0.94,0.00,18.54,Green,,1MW,0.00,0.00,Yes,0.00,13.10,8.24,Red,Upstream Thermal Capacity,,,,
E - MITY - 16,E - MITY - 16,England / SEPD,Drakes Way Primary,Minety GSP,Stratton (Main) BSP,Primary,33 / 11,51.569444,-1.7575741,SU 16899 85647,,85428,2 x 7.5 / 15MVA,No,7.92,1.40,0.98,0.00,11.00,Green,,1MW,0.00,0.00,Yes,0.00,25.00,8.44,Red,Upstream Thermal Capacity,,,,
E - MITY - 17,E - MITY - 17,England / SEPD,Park North Primary,Minety GSP,Stratton (Main) BSP,Primary,33 / 11,51.559474,-1.7409951,SU 18052 84542,,85431,2 x 15 / 30MVA,No,16.81,4.58,4.55,0.00,8.25,Green,,1MW,0.00,0.00,Yes,0.00,13.10,9.91,Red,Upstream Thermal Capacity,,,,
E - MITY - 18,E - MITY - 18,England / SEPD,Plessey Primary,Minety GSP,Stratton (Main) BSP,Primary,33 / 11,51.579107,-1.7649981,SU 16381 86720,,85432,2 x 15MVA,No,11.94,1.82,2.58,0.00,6.02,Green,,1MW,0.00,0.00,Yes,0.00,20.00,9.12,Red,Upstream Thermal Capacity,,,,
E - MITY - 19,E - MITY - 19,England / SEPD,Pressed Steel Swindon Primary,Minety GSP,Stratton (Main) BSP,Primary,33 / 11,51.575925,-1.7566161,SU 16963 86368,,85426,2 x 10MVA,No,9.62,1.56,7.54,0.00,37.80,Green,,1MW,0.00,0.00,Yes,0.00,25.00,8.88,Red,Upstream Thermal Capacity,,,Replace both transformers with 15 / 30MVA units,Mar-28
E - MITY - 20,E - MITY - 20,England / SEPD,Black Bourton Primary,Minety GSP,Stratton (Reserve) BSP,Primary,33 / 11,51.732363,-1.5909089,SP 28349 03818,,85419,2 x 10MVA,No,4.73,0.93,0.98,0.00,1.85,Green,,1MW,0.08,0.00,Yes,0.00,25.00,5.98,Red,Upstream Thermal Capacity,,,,
E - MITY - 21,E - MITY - 21,England / SEPD,Faringdon Primary,Minety GSP,Stratton (Reserve) BSP,Primary,33 / 11,51.652374,-1.5848353,SU 28819 94924,,85420,2 x 7.5 / 11.43MVA,No,10.89,2.29,12.73,0.00,0.00,Red,Substation Thermal Capacity,1MW,0.00,0.00,Yes,0.00,25.00,7.48,Red,Upstream Thermal Capacity,Install a new 33kV circuit between Stratton (Reserve) BSP and Farringdon Primary,Oct-28,,
E - MITY - 22,E - MITY - 22,England / SEPD,Lechlade Primary,Minety GSP,Stratton (Reserve) BSP,Primary,33 / 11,51.702776,-1.6819781,SP 22074 00496,,85421,2 x 8MVA,No,5.56,0.80,0.98,0.00,1.85,Green,,1MW,0.38,0.09,Yes,0.00,13.10,5.87,Red,Upstream Thermal Capacity,,,,
E - MITY - 23,E - MITY - 23,England / SEPD,Shrivenham Primary,Minety GSP,Stratton (Reserve) BSP,Primary,33 / 11,51.589473,-1.6581151,SU 23782 87902,,85422,2 x 7.5 / 15MVA,No,5.53,1.24,0.24,0.00,1.85,Green,,1MW,0.10,0.00,Yes,0.00,13.10,7.48,Red,Upstream Thermal Capacity,,,,
E - MITY - 24,E - MITY - 24,England / SEPD,Stanton Fitzwarren Primary,Minety GSP,Stratton (Reserve) BSP,Primary,33 / 11,51.617437,-1.7474106,SU 17585 90987,,85423,2 x 12 / 24MVA,No,10.21,2.09,8.08,0.00,1.85,Amber,Upstream Thermal Capacity,1MW,7.97,0.20,Yes,0.00,25.00,15.46,Red,Upstream Thermal Capacity,Install a new 33kV circuit between Stratton (Reserve) BSP and Stanton Fitzwarren Primary,Jul-26,,
E - MITY - 25,E - MITY - 25,England / SEPD,Stratton Primary,Minety GSP,Stratton (Reserve) BSP,Primary,33 / 11,51.598124,-1.7559923,SU 16998 88837,,85430,2 x 15 / 30MVA,No,14.24,3.07,19.33,0.00,1.42,Red,Substation Thermal Capacity & Upstream Thermal Capacity,1MW,0.00,0.00,Yes,0.00,13.10,17.24,Red,Upstream Thermal Capacity & Substation Fault Level,,,,
E - MITY - 26,E - MITY - 26,England / SEPD,Manchester Road Primary,Minety GSP,Swindon BSP,Primary,33 / 11,51.564843,-1.7813304,SU 15254 85130,,19350,3 x 15 / 30MVA,No,21.21,6.63,5.99,0.00,30.00,Green,,1MW,0.00,0.13,Yes,0.00,13.10,12.97,Red,Upstream Thermal Capacity & Substation Fault Level & Upstream Fault Level Constraint,,,,
E - MITY - 27,E - MITY - 27,England / SEPD,Swindon Primary,Minety GSP,Swindon BSP,Primary,33 / 11,51.581428,-1.8217324,SU 12449 86967,,24050,3 x 15 / 30MVA,No,26.83,6.26,4.69,0.00,25.20,Green,,1MW,2.38,0.00,Yes,0.00,25.00,17.74,Red,Upstream Thermal Capacity & Upstream Fault Level Constraint,,,,
E - MITY - 28,E - MITY - 28,England / SEPD,Trading Estate Primary,Minety GSP,Swindon BSP,Primary,33 / 11,51.571523,-1.8067507,SU 13490 85868,,24450,2 x 15 / 21MVA,No,9.90,2.01,5.44,0.00,8.21,Green,,1MW,0.00,0.00,Yes,0.00,25.00,10.27,Red,Upstream Thermal Capacity & Upstream Fault Level Constraint,,,,
E - MITY - 29,E - MITY - 29,England / SEPD,Wootton Bassett Primary,Minety GSP,Swindon BSP,Primary,33 / 11,51.528968,-1.8920243,SU 07587 81123,,25750,2 x 12 / 24MVA,No,11.96,1.72,2.17,0.00,9.61,Green,,1MW,0.00,0.15,Yes,0.00,25.00,15.58,Red,Upstream Thermal Capacity & Upstream Fault Level Constraint,,,,
E - MITY - 30,E - MITY - 30,England / SEPD,Chisledon Primary,Minety GSP,Toothill BSP,Primary,33 / 11,51.518014,-1.7290952,SU 18894 79934,,85506,2 x 7.5 / 15MVA,No,3.38,0.49,0.62,0.00,10.42,Green,,1MW,0.08,0.00,Yes,0.00,25.00,7.16,Red,Upstream Thermal Capacity,,,,
E - MITY - 31,E - MITY - 31,England / SEPD,Dorcan South Primary,Minety GSP,Toothill BSP,Primary,33 / 11,51.550424,-1.7232207,SU 19288 83540,,85427,1 x 12 / 24MVA + 1 x 15 / 30MVA,No,8.89,2.35,6.69,0.00,11.94,Green,,1MW,0.07,0.00,Yes,0.00,13.10,9.65,Red,Upstream Thermal Capacity,,,,
E - MITY - 32,E - MITY - 32,England / SEPD,Quarry Road Primary,Minety GSP,Toothill BSP,Primary,33 / 11,51.549106,-1.780252,SU 15334 83380,,85507,2 x 20MVA,No,12.57,2.70,0.90,0.00,7.60,Green,,1MW,0.00,0.00,Yes,0.00,13.10,12.34,Red,Upstream Thermal Capacity & Substation Fault Level,,,,
E - MITY - 33,E - MITY - 33,England / SEPD,Toothill Primary,Minety GSP,Toothill BSP,Primary,33 / 11,51.554608,-1.8107888,SU 13215 83986,,85505,2 x 7.5 / 15MVA + 1 x 15 / 30MVA,No,12.65,3.52,2.34,0.00,13.60,Green,,1MW,0.00,0.00,Yes,0.00,18.40,15.68,Red,Upstream Thermal Capacity,,,,
E - MITY - 34,E - MITY - 34,England / SEPD,Wroughton Primary,Minety GSP,Toothill BSP,Primary,33 / 11,51.532261,-1.7931348,SU 14446 81504,,85508,2 x 12 / 24MVA,No,8.53,3.00,4.45,0.00,11.06,Green,,1MW,0.00,0.00,Yes,0.00,13.10,16.51,Red,Upstream Thermal Capacity & Substation Fault Level,Install 2 new 33kV circuits between Toothill BSP and Wroughton Primaru,Mar-27,,
E - NHYD - 01,E - NHYD - 01,England / SEPD,North Hyde GSP,N/A,N/A,GSP,275 / 66,51.499175,-0.41151198,TQ 10360 79000,"North Hyde GSP is currently operating with 2 x 180MVA SGT's after SGT3 faulted in March 2025, TBC when this will be replaced by Transmission","26960, 26969, 26970",3 x 180MVA,No,190.52,32.14,94.69,0.00,N/A,Red,Substation Thermal Capacity,5MW,11.62,0.96,No,N/A,25.00,18.42,Green,,"Transmission works:
Add a 4th 180MVA transformer",Mar-27,,
E - NHYD - 02,E - NHYD - 02,England / SEPD,North Hyde BSP,North Hyde GSP,N/A,BSP,66 / 22,51.499183,-0.41141087,TQ 10367 79001,,"16618, 91400",1 x 20 / 40MVA + 2 x 20 / 45MVA,No,29.23,5.25,10.34,0.00,0.00,Red,Upstream Thermal Capacity,5MW,0.00,0.02,No,95.49,19.70,6.92,Green,,,,"Establish a new 66kV switchboard at North Hyde BSP (40kA break / 100kA make ratings) which will also supply Bath Road East, Hayes, North Hyde and Springfield Road Primaries",Mar-30
E - NHYD - 03,E - NHYD - 03,England / SEPD,Hayes Primary,North Hyde GSP,N/A,Primary,66 / 11,51.504201,-0.42345496,TQ 09519 79541,,"91313, 14712",2 x 30 / 60MVA,No,33.58,9.17,22.79,0.00,0.00,Red,Substation Thermal Capacity & Upstream Thermal Capacity,5MW,0.00,0.95,No,65.23,20.00,9.91,Green,,"Establish a new 66kV switchboard at North Hyde BSP (40kA break / 100kA make ratings) which will also supply Bath Road East, Hayes, North Hyde and Springfield Road Primaries (Mar-30)

Add a 3rd 66kV circuit between the new switchboard at North Hyde BSP and Hayes Primary",Jan-30,Add a third 30 / 60MVA transformer,Jan-30
E - NHYD - 04,E - NHYD - 04,England / SEPD,North Hyde Primary,North Hyde GSP,N/A,Primary,66 / 11,51.499183,-0.41141087,TQ 10367 79001,,91315,3 x 20 / 40MVA,No,46.34,20.11,20.39,0.00,0.00,Red,Upstream Thermal Capacity,5MW,1.85,0.00,No,94.26,18.40,19.34,Red,Substation Fault Level,"Establish a new 66kV switchboard at North Hyde BSP (40kA break / 100kA make ratings) which will also supply Bath Road East, Hayes, North Hyde and Springfield Road Primaries",Mar-30,,
E - NHYD - 05,E - NHYD - 05,England / SEPD,Vicarage Farm Road Primary,North Hyde GSP,N/A,Primary,66 / 11,51.475728,-0.38355585,TQ 12358 76435,,91316,2 x 20 / 40MVA,No,24.42,5.78,41.17,0.00,0.00,Red,Substation Thermal Capacity & Upstream Thermal Capacity,5MW,0.07,0.00,No,41.91,13.10,11.74,Green,,"Replace the existing 66kV gas-filled cables between North Hyde GSP, Ealing GSP and Vicarage Farm Road Primary",Mar-29,Replace both transformers with 80MVA units,Mar-28
E - NHYD - 06,E - NHYD - 06,England / SEPD,Bath Road East Primary,North Hyde GSP,North Hyde BSP,Primary,22 / 11,51.48041,-0.43035272,TQ 09097 76885,,91410,2 x 10MVA,No,7.58,2.23,4.28,0.00,0.00,Red,Upstream Thermal Capacity,5MW,0.00,0.00,No,11.73,13.10,6.11,Green,,,,Replace both transformers with 40MVA units,Dec-29
E - NHYD - 07,E - NHYD - 07,England / SEPD,Springfield Road Primary,North Hyde GSP,North Hyde BSP,Primary,22 / 6.6,51.51353,-0.39589488,TQ 11409 80620,,"16520, 91412",3 x 10 / 11.5MVA,No,12.48,3.17,1.87,0.00,0.00,Red,Upstream Thermal Capacity,5MW,0.00,0.02,No,25.01,13.10,13.03,Red,Substation Fault Level,"Establish a new 66kV switchboard at North Hyde BSP (40kA break / 100kA make ratings) which will also supply Bath Road East, Hayes, North Hyde and Springfield Road Primaries (Mar-30)

Establish 3 x new 66kV circuits between the new North Hyde BSP switchboard and Springfield Road Primary",Jun-30,Replace 3 x transformers with 40MVA units,Jun-30
E - NHYD - 08,E - NHYD - 08,England / SEPD,The Green Primary,North Hyde GSP,North Hyde BSP,Primary,22 / 6.6,51.503292,-0.38177388,TQ 12414 79503,,91413,2 x 10 / 12.5MVA,No,9.03,1.63,4.20,0.00,0.00,Red,Upstream Thermal Capacity,5MW,0.00,0.00,No,13.51,13.10,10.41,Green,,,,,
E - NURS - 01,E - NURS - 01,England / SEPD,Nursling GSP,N/A,N/A,GSP,400 / 132,50.94088,-1.4879976,SU 36070 15840,,"17581, 20610, 20611",3 x 240MVA,No,316.99,79.63,188.74,789.58,N/A,Green,,5MW,198.69,908.65,Yes,N/A,31.50,14.93,Red,Substation Thermal Capacity,,,Replace the 132kV board with 40kA break / 100kA make switchgear,Feb-31
E - NURS - 02,E - NURS - 02,England / SEPD,Rownhams BSP,Nursling GSP,N/A,BSP,132 / 33,50.949928,-1.4722676,SU 37168 16854,,"22430, 22433, 22434",2 x 45 / 90MVA,No,90.82,21.51,53.08,57.37,0.00,Red,Substation Thermal Capacity,5MW,39.60,54.95,Yes,0.00,17.50,15.45,Red,Upstream Thermal Capacity,Remove Rownhams BSP from the existing Rownhams - Velmore 132kV network by installing 2 new 132kV circuits between Nursling GSP and Rownhams BSP and establishing a new 132kV switchboard,Mar-30,"Establish a new Primary substation Rownhams fed from Rownhams BSP via 2 x new 33kV circuits that includes 2 x 20 / 40MVA transformers (Dec-27)

Add a 3rd 90MVA transformer and replace the 33kV board with 31.5kA break / 78.8kA make switchgear",Mar-30
E - NURS - 03,E - NURS - 03,England / SEPD,Southampton (Main) BSP,Nursling GSP,N/A,BSP,132 / 33,50.905983,-1.4122205,SU 41425 11999,,"17226, 22631",2 x 45 / 90MVA,No,50.46,10.89,37.20,0.00,40.40,Green,,5MW,1.48,0.25,Yes,0.00,17.50,10.75,Red,Upstream Thermal Capacity,"Establish a 3rd 33kV switchboard (31.5kA break / 78.8kA make) at Southampton via 2 new 132kV circuits between Nusling GSP and Southampton BSP, 2 new 90MVA transformers",Mar-30,,
E - NURS - 04,E - NURS - 04,England / SEPD,Southampton (Reserve) BSP,Nursling GSP,N/A,BSP,132 / 33,50.905983,-1.4122205,SU 41425 11999,,22630,2 x 30 / 60MVA,No,64.50,10.58,29.70,12.63,0.00,Red,Substation Thermal Capacity,5MW,6.56,3.60,Yes,0.00,17.50,11.58,Red,Upstream Thermal Capacity,"Establish a 3rd 33kV switchboard (31.5kA break / 78.8kA make) at Southampton via 2 new 132kV circuits between Nusling GSP and Southampton BSP, 2 new 90MVA transformers",Mar-30,"Replace the 33kV board with 31.5kA break / 78.8kA make switchgear (Feb-29)

On completion of the new 3rd Southampton BSP switchboard transfer Bevois Valley Primary and Central Bridge Primary to the new board",Mar-30
E - NURS - 05,E - NURS - 05,England / SEPD,Velmore BSP,Nursling GSP,N/A,BSP,132 / 33,50.970764,-1.3910376,SU 42855 19215,,"24729, 24730, 24731",1 x 45 / 90MVA + 1 x 90MVA,No,98.10,22.60,51.14,60.00,0.00,Red,Substation Thermal Capacity,5MW,26.38,57.00,Yes,0.00,17.50,15.47,Red,Upstream Thermal Capacity,,,"Install a 3rd 90MVA transformer (Jun-28)

Replace the 33kV board with 31.5kA break / 78.8kA make switchgear",Feb-29
E - NURS - 06,E - NURS - 06,England / SEPD,Winchester BSP,Nursling GSP,N/A,BSP,132 / 33,51.037645,-1.3600678,SU 44965 26671,,"25128, 25130, 25131",2 x 45 / 90MVA,No,78.29,11.28,15.50,55.00,29.67,Green,,5MW,52.77,72.02,Yes,0.00,17.50,13.18,Red,Substation Thermal Capacity & Upstream Thermal Capacity,,,Replace the 33kV board with 31.5kA break / 78.8kA make switchgear,Nov-28
E - NURS - 07,E - NURS - 07,England / SEPD,Marchwood Primary,Nursling GSP,N/A,Primary,132 / 11,50.897225,-1.4434857,SU 39234 11008,,19646,1 x 15 / 17MVA + 1 x 20 / 40MVA,No,3.70,0.53,1.12,0.00,11.15,Green,,5MW,19.10,0.00,Yes,0.00,25.00,15.85,Red,Substation Thermal Capacity & Upstream Thermal Capacity,,,,
E - NURS - 08,E - NURS - 08,England / SEPD,Fletchwood Primary,Nursling GSP,Rownhams BSP,Primary,33 / 11,50.907764,-1.5206463,SU 33800 12142,,88265,2 x 15 / 30MVA,No,16.36,4.27,9.08,5.26,0.00,Red,Upstream Thermal Capacity,5MW,0.00,5.45,Yes,0.00,25.00,8.07,Red,Upstream Thermal Capacity,,,,
E - NURS - 09,E - NURS - 09,England / SEPD,Lordshill Primary,Nursling GSP,Rownhams BSP,Primary,33 / 11,50.94264,-1.4498898,SU 38746 16055,,88118,2 x 15 / 30MVA,No,11.30,1.66,7.68,0.00,0.00,Red,Upstream Thermal Capacity,5MW,0.00,0.00,Yes,0.00,13.10,6.14,Red,Upstream Thermal Capacity,,,,
E - NURS - 10,E - NURS - 10,England / SEPD,Maybush Primary,Nursling GSP,Rownhams BSP,Primary,33 / 11,50.932545,-1.4545625,SU 38426 14930,,88083,1 x 15 / 22.5MVA + 1 x 20 / 26MVA,No,17.26,2.73,4.80,0.00,0.00,Red,Substation Thermal Capacity & Upstream Thermal Capacity,5MW,0.00,0.00,Yes,0.00,25.00,12.79,Red,Upstream Thermal Capacity,,,,
E - NURS - 11,E - NURS - 11,England / SEPD,North Baddesley Primary,Nursling GSP,Rownhams BSP,Primary,33 / 11,50.983265,-1.4588978,SU 38080 20568,,87884,2 x 15 / 30MVA,No,12.20,1.76,15.29,0.00,0.00,Red,Substation Thermal Capacity & Upstream Thermal Capacity,5MW,0.19,0.00,Yes,0.00,13.10,14.48,Red,Upstream Thermal Capacity & Substation Fault Level,Reinforce the 33kV circuits between Rownhams BSP and North Beddelsey Primary,Aug-26,Replace both transformers with 15 / 30MVA units,Apr-27
E - NURS - 12,E - NURS - 12,England / SEPD,Romsey Primary,Nursling GSP,Rownhams BSP,Primary,33 / 11,50.988266,-1.4871633,SU 36092 21110,,88168,2 x 10MVA,No,17.34,2.50,5.06,0.00,0.00,Red,Substation Thermal Capacity & Upstream Thermal Capacity,5MW,0.95,0.00,Yes,0.00,25.00,5.25,Red,Upstream Thermal Capacity,,,Replace both transformers with 20 / 40MVA units,Sep-27
E - NURS - 13,E - NURS - 13,England / SEPD,Silkstead Primary,Nursling GSP,Rownhams BSP,Primary,33 / 11,51.018739,-1.3658454,SU 44578 24565,,87957,2 x 10MVA,No,9.41,1.36,2.32,0.00,0.00,Red,Upstream Thermal Capacity,5MW,0.35,0.00,Yes,0.00,13.10,5.24,Red,Upstream Thermal Capacity,,,,
E - NURS - 14,E - NURS - 14,England / SEPD,Totton Primary,Nursling GSP,Rownhams BSP,Primary,33 / 11,50.919206,-1.4915785,SU 35835 13428,,88172,1 x 20MVA + 1 x 15 / 30MVA,No,13.75,2.91,8.85,0.00,0.00,Red,Substation Thermal Capacity & Upstream Thermal Capacity,5MW,0.00,0.00,Yes,0.00,25.00,12.04,Red,Upstream Thermal Capacity,,,,
E - NURS - 15,E - NURS - 15,England / SEPD,Regents Park Primary,Nursling GSP,Southampton (Main) BSP,Primary,33 / 11,50.915584,-1.4427974,SU 39267 13050,,88089,2 x 15 / 30MVA,No,12.37,2.88,1.23,0.00,14.29,Green,,5MW,1.48,0.16,Yes,0.00,13.10,10.09,Red,Upstream Thermal Capacity,,,,
E - NURS - 16,E - NURS - 16,England / SEPD,Shirley Primary,Nursling GSP,Southampton (Main) BSP,Primary,33 / 11,50.92235,-1.4324589,SU 39988 13808,,88286,2 x 15 / 30MVA,No,13.33,3.27,9.29,0.00,9.44,Green,,5MW,0.00,0.00,Yes,0.00,25.00,8.68,Red,Upstream Thermal Capacity,,,,
E - NURS - 17,E - NURS - 17,England / SEPD,Western Esplanade Primary,Nursling GSP,Southampton (Main) BSP,Primary,33 / 11,50.906059,-1.4094747,SU 41618 12009,,88162,3 x 15 / 30MVA,No,25.84,5.14,6.30,0.00,30.14,Green,,5MW,0.00,0.09,Yes,0.00,13.10,12.85,Red,Upstream Thermal Capacity & Substation Fault Level,Replace the existing fuild filled cables between Southampton (Main) BSP and Western Esplanade Primary (Jun-27),,,
E - NURS - 18,E - NURS - 18,England / SEPD,Woodmill Lane Primary,Nursling GSP,Southampton (Main) BSP,Primary,33 / 6.6,50.937024,-1.3789827,SU 43733 15470,,87962,2 x 15 / 30MVA,No,7.13,1.79,3.09,0.00,13.41,Green,,5MW,0.00,0.00,Yes,0.00,25.00,13.56,Red,Upstream Thermal Capacity,Replace the existing fuild filled cables between Southampton (Main) BSP and Woodmill Lane Primary (Jun-27),,,
E - NURS - 19,E - NURS - 19,England / SEPD,Bevois Valley Primary,Nursling GSP,Southampton (Reserve) BSP,Primary,33 / 6.6,50.916577,-1.3946894,SU 42648 13187,,"88131, 88124",2 x 15 / 30MVA,No,14.52,3.62,3.09,0.00,0.00,Red,Upstream Thermal Capacity,5MW,0.57,0.00,Yes,0.00,25.00,10.30,Red,Upstream Thermal Capacity,"Replace the existing fuild filled cables between Southampton (Reserve) BSP and Bevois Valley Primary (Jun-27)

On completion of the new 3rd Southampton BSP switchboard transfer Bevois Valley Primary and Central Bridge Primary to the new board",Mar-30,,
E - NURS - 20,E - NURS - 20,England / SEPD,Central Bridge Primary,Nursling GSP,Southampton (Reserve) BSP,Primary,33 / 11,50.899208,-1.3957251,SU 42591 11255,,88298,2 x  20 / 40MVA,No,14.32,2.99,2.61,0.00,0.00,Red,Upstream Thermal Capacity,5MW,0.00,0.00,Yes,0.00,25.00,10.97,Red,Upstream Thermal Capacity,"Provide dedicated 33kV circuit breakers in the Central Bridge Primary 33kV board to allow the unbanking of the Central Bridge transformer feeder circuits and the 33kV cables feeding Old Docks (Mar-28)

Reinforce the 3 33kV circuits between Southampton (Main) BSP and Central Bridge Primary (Feb-29)

On completion of the new 3rd Southampton BSP switchboard transfer Bevois Valley Primary and Central Bridge Primary to the new board",Mar-30,,
E - NURS - 21,E - NURS - 21,England / SEPD,Chapel Primary,Nursling GSP,Southampton (Reserve) BSP,Primary,33 / 6.6,50.905736,-1.3919713,SU 42849 11983,,87966,2 x 7.5 / 15MVA,No,11.58,1.98,3.00,0.00,0.00,Red,Substation Thermal Capacity & Upstream Thermal Capacity,5MW,0.00,0.00,Yes,0.00,25.00,16.91,Red,Upstream Thermal Capacity,,,Replace both transformers with 12 / 24MVA  33 / 11 / 6.6kV units,Aug-26
E - NURS - 22,E - NURS - 22,England / SEPD,Bassett Primary,Nursling GSP,Velmore BSP,Primary,33 / 11,50.941526,-1.4008417,SU 42193 15958,,88152,2 x 15 / 30MVA,No,13.26,2.95,4.70,0.00,0.00,Red,Upstream Thermal Capacity,5MW,0.00,0.00,Yes,0.00,13.10,13.00,Red,Upstream Thermal Capacity & Substation Fault Level,,,,
E - NURS - 23,E - NURS - 23,England / SEPD,Bishopstoke Primary,Nursling GSP,Velmore BSP,Primary,33 / 11,50.963804,-1.3397511,SU 46463 18472,,"87975, 87971",2 x 15MVA,No,5.51,0.79,3.01,0.00,0.00,Red,Upstream Thermal Capacity,5MW,0.00,0.00,Yes,0.00,13.10,7.56,Red,Upstream Thermal Capacity,,,,
E - NURS - 24,E - NURS - 24,England / SEPD,Chandlers Ford Primary,Nursling GSP,Velmore BSP,Primary,33 / 11,50.99173,-1.3816586,SU 43494 21552,,88282,2 x 15 / 30MVA,No,13.00,2.91,4.64,0.00,0.00,Red,Upstream Thermal Capacity,5MW,0.00,0.00,Yes,0.00,25.00,8.95,Red,Upstream Thermal Capacity,,,,
E - NURS - 25,E - NURS - 25,England / SEPD,Eastleigh North Primary,Nursling GSP,Velmore BSP,Primary,33 / 11,50.968257,-1.3544561,SU 45426 18958,,88059,2 x 20 / 40MVA,No,26.75,5.81,5.40,0.00,0.00,Red,Upstream Thermal Capacity,5MW,0.00,0.03,Yes,0.00,16.00,12.81,Red,Upstream Thermal Capacity,,,,
E - NURS - 26,E - NURS - 26,England / SEPD,Hedge End Primary,Nursling GSP,Velmore BSP,Primary,33 / 11,50.938532,-1.3035037,SU 49035 15685,,88072,2 x 15 / 30MVA,No,7.08,1.73,17.93,0.00,0.00,Red,Substation Thermal Capacity & Upstream Thermal Capacity,5MW,0.00,0.00,Yes,0.00,20.00,8.10,Red,Upstream Thermal Capacity,,,,
E - NURS - 27,E - NURS - 27,England / SEPD,Velmore Primary,Nursling GSP,Velmore BSP,Primary,33 / 11,50.970668,-1.3898995,SU 42935 19205,,88136,2 x 15 / 30MVA,No,22.27,7.33,3.97,0.00,0.00,Red,Upstream Thermal Capacity,5MW,0.14,0.00,Yes,0.00,25.00,10.01,Red,Upstream Thermal Capacity,,,,
E - NURS - 28,E - NURS - 28,England / SEPD,Dunbridge Primary,Nursling GSP,Winchester BSP,Primary,33 / 11,51.034698,-1.5518549,SU 31520 26244,,87939,1 x 7.5MVA + 1 x 10MVA,No,6.40,0.92,1.59,0.00,2.65,Green,,5MW,0.00,0.00,Yes,0.00,13.10,3.32,Red,Upstream Thermal Capacity,,,Replace both transformers with 7.5 / 15MVA units and replace the 11kV board with 25kA break / 62.5kA make switchgear,Apr-28
E - NURS - 29,E - NURS - 29,England / SEPD,Gordon Road Primary,Nursling GSP,Winchester BSP,Primary,33 / 11,51.067234,-1.3132488,SU 48217 29991,,88291,2 x 15 / 30MVA,No,20.02,3.34,4.24,0.00,7.28,Green,,5MW,0.00,0.00,Yes,0.00,25.00,11.07,Red,Upstream Thermal Capacity,,,,
E - NURS - 30,E - NURS - 30,England / SEPD,Harestock Primary,Nursling GSP,Winchester BSP,Primary,33 / 11,51.079193,-1.3460335,SU 45908 31300,,88142,2 x 15 / 30MVA,No,15.93,4.00,6.15,0.00,10.52,Green,,5MW,0.10,0.07,Yes,0.00,25.00,7.80,Red,Upstream Thermal Capacity,,,,
E - NURS - 31,E - NURS - 31,England / SEPD,Houghton Primary,Nursling GSP,Winchester BSP,Primary,33 / 11,51.083998,-1.5190566,SU 33784 31741,,88272,2 x 7.5 / 15MVA,No,6.24,0.90,1.06,0.00,9.45,Green,,5MW,0.42,0.00,Yes,0.00,25.00,3.81,Red,Upstream Thermal Capacity,,,,
E - NURS - 32,E - NURS - 32,England / SEPD,St Cross Primary,Nursling GSP,Winchester BSP,Primary,33 / 11,51.050812,-1.3267595,SU 47287 28156,,88278,2 x 15 / 30MVA,No,17.26,4.99,2.46,0.00,0.00,Red,Substation Thermal Capacity,5MW,0.00,0.00,Yes,0.00,13.10,14.34,Red,Upstream Thermal Capacity & Substation Fault Level,,,,
E - WISD - 01,E - WISD - 01,England / SEPD,Willesden GSP,N/A,N/A,GSP,275 / 66,51.534931,-0.25714262,TQ 20980 83220,"Any available capacity at Willesden GSP is shared with another DNO - UKPN
Maximum and minimum demand figures listed account only for SSEN's network","89186, 89187, 89188, 89189",3 x 180MVA (Shared with UKPN),No,139.12,59.15,107.39,0.00,N/A,Red,Substation Thermal Capacity,5MW,2.76,0.18,No,N/A,21.90,10.02,Green,,"Transmission works:
Replace 3 x 180MVA transformers with 240MVA units and add a 4th 240MVA transformer",Sep-26,,
E - WISD - 02,E - WISD - 02,England / SEPD,Acton Lane BSP,Willesden GSP,N/A,BSP,66 / 22,51.534267,-0.2596912,TQ 20805 83142,"Any available capacity at Acton lane BSP is shared with another DNO - UKPN
Maximum and minimum demand figures listed account only for SSEN's network","18559, 18560, 18566, 18567, 89260, 89261, 89278, 89279, 89343, 89344, 89351, 89352, 89359, 89360",4 x 40MVA (Shared with UKPN),No,35.67,8.19,17.97,0.00,0.00,Red,Upstream Thermal Capacity,5MW,0.00,0.00,No,84.19,19.70,14.12,Green,,,,"Remove Canal Bank 6.6kV Primary from Acton Lane BSP (Jun-26)

Remove Park Royal Primary from Acton Lane BSP",Jun-29
E - WISD - 03,E - WISD - 03,England / SEPD,Canal Bank 11kV Primary,Willesden GSP,N/A,Primary,66 / 11,51.533725,-0.25794804,TQ 20927 83085,,"89448, 89442",2 x 30 / 60MVA,No,31.54,8.62,22.81,0.00,0.00,Red,Upstream Thermal Capacity,5MW,2.69,0.00,No,62.93,25.00,15.58,Green,,,,,
E - WISD - 04,E - WISD - 04,England / SEPD,Greenford Primary,Willesden GSP,N/A,Primary,66 / 11,51.541366,-0.34763145,TQ 14688 83790,,"89383, 89369",2 x 30 / 60MVA,No,35.40,12.59,31.16,0.00,0.00,Red,Upstream Thermal Capacity,5MW,0.00,0.00,No,69.59,20.00,11.30,Green,,Reconfigure the existing Greenford - Perivale 66kV ring by establishing a new 66kV switchboard at Perivale Primary,Jun-29,,
E - WISD - 05,E - WISD - 05,England / SEPD,Perivale Primary,Willesden GSP,N/A,Primary,66 / 11,51.533202,-0.3067492,TQ 17544 82947,,89436,3 x 20 / 40MVA,No,17.29,6.09,16.03,0.00,0.00,Red,Upstream Thermal Capacity,5MW,0.08,0.18,No,78.22,25.00,13.60,Green,,Reconfigure the existing Greenford - Perivale 66kV ring by establishing a new 66kV switchboard at Perivale Primary,Jun-29,,
E - WISD - 06,E - WISD - 06,England / SEPD,Volt Avenue Primary,Willesden GSP,N/A,Primary,66 / 11,51.532814,-0.25649428,TQ 21031 82986,,"89394, 89389",2 x 30 / 60MVA,No,27.95,19.81,0.00,0.00,0.00,Red,Upstream Thermal Capacity,5MW,0.00,0.00,No,76.81,25.00,15.23,Green,,,,,
E - WISD - 07,E - WISD - 07,England / SEPD,Wesley Avenue Primary,Willesden GSP,N/A,Primary,66 / 11,51.532646,-0.25759198,TQ 20955 82965,,89190,2 x 30 / 60MVA,No,9.49,3.32,18.77,0.00,0.00,Red,Upstream Thermal Capacity,5MW,0.00,0.00,No,60.32,25.00,7.38,Green,,,,Complete the installation of the new Wesley Avenue Primary substation by installing the 2nd 30 / 60MVA transformer,Mar-26
E - WISD - 08,E - WISD - 08,England / SEPD,Canal Bank 6.6kV Primary,Willesden GSP,Acton Lane BSP,Primary,66 / 11,51.533725,-0.25794804,TQ 20927 83085,,"89430, 18552",3 x 10 / 12.5 MVA,No,4.74,0.68,0.00,0.00,0.00,Red,Upstream Thermal Capacity,5MW,0.00,0.00,No,22.53,13.10,7.86,Green,,Remove Canal Bank 6.6kV from Acton Lane BSP,Mar-26,Complete the uprating of Canal Bank 6.6kV to 11kV via the installation of 2 x 30 / 60MVA transformers,Mar-26
E - WISD - 09,E - WISD - 09,England / SEPD,Goldsmiths Primary,Willesden GSP,Acton Lane BSP,Primary,22 / 6.6,51.512781,-0.25641724,TQ 21089 80758,,89460,1 x 11.5MVA + 1 x 12.5MVA,No,8.27,2.38,2.02,0.00,0.00,Red,Upstream Thermal Capacity,5MW,0.00,0.00,No,13.30,13.10,8.57,Green,,,,,
E - WISD - 10,E - WISD - 10,England / SEPD,Leamington Park Primary,Willesden GSP,Acton Lane BSP,Primary,22 / 6.6,51.51989,-0.26407339,TQ 20539 81536,,89453,2 x 10MVA,No,8.01,2.06,7.65,0.00,0.00,Red,Upstream Thermal Capacity,5MW,0.00,0.00,No,32.46,13.10,12.70,Red,Substation Fault Level,,,"Complete the uprating of the legacy Leamington Park 6.6kV network, new 11kV transfomers are 12MVA units",Aug-27
E - WISD - 11,E - WISD - 11,England / SEPD,Park Royal Primary,Willesden GSP,Acton Lane BSP,Primary,22 / 6.6,51.526078,-0.26963324,TQ 20137 82215,,89476,2 x 10 / 11.5MVA,No,9.78,1.41,4.40,0.00,0.00,Red,Substation Thermal Capacity & Upstream Thermal Capacity,5MW,0.00,0.00,No,12.33,13.10,12.90,Red,Substation Fault Level,Remove Park Royal from Acton Lane BSP by establishing 2 66kV circuits from the new Perivale 66kV switchboard,Jun-29,Replace both transformers with 20 / 40MVA units and uprate the substation from 6.6kV to 11kV,Jun-29
S - ABNE - 01,S - ABNE - 01,Scotland / SHEPD,Abernethy GSP,N/A,N/A,GSP,132 / 33,56.33977844,-3.294147708,NO 20095 17132,,"10130, 11627",2 x 120MVA,No,75.31,14.30,16.41,338.22,N/A,Green,,200kW,79.63,456.87,Yes,N/A,25.00,13.94,Red,Substation Thermal Capacity,,,,
S - ABNE - 02,S - ABNE - 02,Scotland / SHEPD,Abernethy Primary,Abernethy GSP,N/A,Primary,33 / 11,56.33978076,-3.294173581,NO 20094 17132,,80048,1 x 6.3MVA,Yes,1.83,0.26,0.12,0.00,1.05,Green,,200kW,1.24,0.00,Yes,0.00,13.10,4.93,Red,Upstream Thermal Capacity,,,,
S - ABNE - 03,S - ABNE - 03,Scotland / SHEPD,Balbeggie Primary,Abernethy GSP,N/A,Primary,33 / 11,56.45137191,-3.340057104,NO 17499 29606,,80005,1 x 7.5 / 15MVA,Yes,3.91,0.56,0.75,0.00,4.49,Green,,200kW,0.48,0.15,Yes,0.00,21.00,3.65,Red,Upstream Thermal Capacity,,,,
S - ABNE - 04,S - ABNE - 04,Scotland / SHEPD,Bridge of Earn Primary,Abernethy GSP,N/A,Primary,33 / 11,56.34426834,-3.40353988,NO 13343 17764,,80028,2 x 7.5 / 15MVA,No,3.29,0.47,0.75,0.00,10.81,Green,,200kW,0.00,0.07,Yes,0.00,20.00,7.45,Red,Upstream Thermal Capacity,,,,
S - ABNE - 05,S - ABNE - 05,Scotland / SHEPD,Errol Primary,Abernethy GSP,N/A,Primary,33 / 11,56.39334153,-3.245568028,NO 23206 23038,,80013,2 x 5MVA,No,4.74,0.94,0.71,0.00,0.00,Red,Substation Thermal Capacity,200kW,0.43,0.05,Yes,0.00,20.00,6.54,Red,Upstream Thermal Capacity,,,,
S - ABNE - 06,S - ABNE - 06,Scotland / SHEPD,Glendevon Primary,Abernethy GSP,N/A,Primary,33 / 11,56.20690918,-3.611999989,NO 00101 02760,,80033,1 x 4MVA,Yes,1.11,0.30,1.18,0.00,0.00,Red,Upstream Thermal Capacity,200kW,1.52,0.14,Yes,0.00,13.10,2.08,Red,Upstream Thermal Capacity,Reconfigure the Milnathort / Glendevon 33kV network via the addition of 2 new 33kV circuits between Abernethy GSP and Milnathort Primary,Dec-29,,
S - ABNE - 07,S - ABNE - 07,Scotland / SHEPD,Milnathort Primary,Abernethy GSP,N/A,Primary,33 / 11,56.23002809,-3.422644983,NO 11900 05074,,80037,2 x 7.5 / 15MVA,No,11.93,1.72,6.31,0.00,0.00,Red,Substation Thermal Capacity & Upstream Thermal Capacity,200kW,1.13,0.09,Yes,0.00,20.00,6.39,Red,Upstream Thermal Capacity,Reconfigure the Milnathort / Glendevon 33kV network via the addition of 2 new 33kV circuits between Abernethy GSP and Milnathort Primary,Dec-29,Replace both transformers with 20 / 40MVA units,Dec-29
S - ABNE - 08,S - ABNE - 08,Scotland / SHEPD,Harbour Primary,Abernethy GSP,N/A,Primary,33 / 11,56.382495,-3.427552,NO 11948 22049,,80019,2 x 9.5 / 20MVA,No,7.62,2.24,2.03,0.00,11.17,Green,,200kW,0.00,0.00,Yes,0.00,13.10,8.83,Red,Upstream Thermal Capacity,,,,
S - ABNE - 09,S - ABNE - 09,Scotland / SHEPD,Scone Primary,Abernethy GSP,N/A,Primary,33 / 11,56.41389574,-3.388965359,NO 14401 25495,,80008,2 x 7.5 / 15MVA,No,3.96,0.76,3.49,0.00,7.99,Green,,200kW,0.13,1.58,Yes,0.00,20.00,6.24,Red,Upstream Thermal Capacity,,,Replace the 11kV board with 25kA break / 62.5kA make switchgear,Dec-26
S - ALNE - 01,S - ALNE - 01,Scotland / SHEPD,Alness GSP,N/A,N/A,GSP,132 / 33,57.70823605,-4.274521607,NH 64573 70990,,"10330, 11571",2 x 120MVA,No,30.49,13.44,26.51,178.05,N/A,Green,,200kW,157.62,279.02,No,N/A,31.50,13.78,Red,Substation Thermal Capacity,,,,
S - ALNE - 02,S - ALNE - 02,Scotland / SHEPD,Balaldie Primary,Alness GSP,N/A,Primary,33 / 11,57.79280869,-3.902234897,NH 87017 79720,,80109,1 x 4MVA,Yes,2.78,0.40,0.12,0.00,1.87,Green,,200kW,0.00,0.00,No,0.00,13.10,2.13,Red,Upstream Thermal Capacity,,,,
S - ALNE - 03,S - ALNE - 03,Scotland / SHEPD,Blackstand Primary,Alness GSP,N/A,Primary,33 / 11,57.603898,-4.1598772,NH7103359154,,80157,1 x 6MVA,Yes,2.92,0.42,0.15,0.00,4.07,Green,,200kW,0.00,0.00,No,0.00,13.10,2.56,Red,Upstream Thermal Capacity,,,,
S - ALNE - 04,S - ALNE - 04,Scotland / SHEPD,Contullich Primary,Alness GSP,N/A,Primary,33 / 11,57.70400993,-4.286486194,NN 59226 32752,,80128,1 x 0.1MVA,Yes,0.03,0.00,0.00,0.00,0.09,Green,,200kW,0.00,0.00,No,0.00,N/A,0.10,Red,Upstream Thermal Capacity,,,,
S - ALNE - 05,S - ALNE - 05,Scotland / SHEPD,Crosshills Primary,Alness GSP,N/A,Primary,33 / 11,57.70102123,-4.259023404,NH 65470 70156,,80125,2 x 7.5 / 15MVA,No,7.51,1.62,4.13,0.00,3.98,Green,,200kW,0.09,0.00,No,0.00,13.10,8.30,Red,Upstream Thermal Capacity,,,,
S - ALNE - 06,S - ALNE - 06,Scotland / SHEPD,Glastullich Primary,Alness GSP,N/A,Primary,33 / 11,57.76175311,-4.043618631,NH 78509 76508,,80111,1 x 4MVA,Yes,2.41,0.35,0.17,0.00,0.00,Red,Substation Thermal Capacity,200kW,0.31,0.00,No,0.00,26.20,3.71,Red,Upstream Thermal Capacity,,,,
S - ALNE - 07,S - ALNE - 07,Scotland / SHEPD,Invergordon Primary,Alness GSP,N/A,Primary,33 / 11,57.69378298,-4.169871262,NH 70756 69177,,80138,2 x 7.5 / 15MVA,No,7.20,1.04,3.17,0.00,4.97,Green,,200kW,7.00,0.05,No,0.00,13.10,7.41,Red,Upstream Thermal Capacity,,,,
S - ALNE - 08,S - ALNE - 08,Scotland / SHEPD,Muirend Primary,Alness GSP,N/A,Primary,33 / 11,57.55876,-4.2663019,NH6450754338,,80160,1 x 6MVA,Yes,2.65,0.38,0.11,0.00,0.15,Amber,Substation Thermal Capacity,200kW,0.00,0.00,No,0.00,13.10,2.15,Red,Upstream Thermal Capacity,,,,
S - ALNE - 09,S - ALNE - 09,Scotland / SHEPD,Nigg Primary,Alness GSP,N/A,Primary,33 / 11,57.70155572,-4.023755761,NH 79490 69773,,80117,1 x 7.5 / 15MVA,Yes,1.72,0.25,8.50,0.00,0.33,Red,Substation Thermal Capacity,200kW,0.00,0.00,No,0.00,13.10,2.76,Red,Upstream Thermal Capacity,,,,
S - ALNE - 10,S - ALNE - 10,Scotland / SHEPD,Peddieston Primary,Alness GSP,N/A,Primary,33 / 11,57.64520532,-4.109300555,NH 74198 63656,,80132,2 x 2.5MVA,No,1.58,0.23,0.03,0.00,1.65,Green,,200kW,0.00,0.00,No,0.00,13.10,2.87,Red,Upstream Thermal Capacity,,,,
S - ALNE - 11,S - ALNE - 11,Scotland / SHEPD,Tain Primary,Alness GSP,N/A,Primary,33 / 11,57.80621307,-4.061805843,NH 77578 81489,,80105,2 x 7.5 / 15MVA,No,5.69,1.39,4.15,0.00,5.78,Green,,200kW,0.00,0.07,No,0.00,13.10,5.51,Red,Upstream Thermal Capacity,,,Replace both transformers with 12 / 24MVA units and the 11kV board with 25kA break / 62.5kA make switchgear,Mar-29
S - ARBR - 01,S - ARBR - 01,Scotland / SHEPD,Arbroath GSP,N/A,N/A,GSP,132 / 33,56.56380759,-2.619486173,NO 62026 41488,,"10430, 11572",2 x 45MVA,No,58.78,12.86,6.20,258.79,N/A,Red,Substation Thermal Capacity,200kW,58.31,357.78,No,N/A,17.40,7.91,Red,Substation Thermal Capacity,"Transmission works:
Replace both transformers with 120MVA units",Apr-28,,
S - ARBR - 02,S - ARBR - 02,Scotland / SHEPD,Carnoustie Primary,Arbroath GSP,N/A,Primary,33 / 11,56.50858171,-2.722490625,NO 55631 35403,,80206,2 x 7.5 / 15MVA,No,7.05,1.67,1.40,0.00,0.00,Red,Upstream Thermal Capacity,200kW,0.00,0.18,No,0.00,25.00,5.98,Red,Upstream Thermal Capacity,,,,
S - ARBR - 03,S - ARBR - 03,Scotland / SHEPD,Charles Avenue Primary,Arbroath GSP,N/A,Primary,33 / 11,56.56036892,-2.604330524,NO 62954 41097,,80218,2 x 10MVA,No,8.68,1.73,1.14,0.00,0.00,Red,Upstream Thermal Capacity,200kW,0.00,0.00,No,0.00,13.10,9.08,Red,Upstream Thermal Capacity,,,,
S - ARBR - 04,S - ARBR - 04,Scotland / SHEPD,Elliot Depot Primary,Arbroath GSP,N/A,Primary,33 / 11,56.5538807,-2.615661325,NO 62251 40381,,80215,1 x 7.5 / 15MVA,Yes,5.81,1.40,2.98,0.00,0.00,Red,Upstream Thermal Capacity,200kW,0.48,0.00,No,0.00,13.10,4.58,Red,Upstream Thermal Capacity,,,,
S - ARBR - 05,S - ARBR - 05,Scotland / SHEPD,Hume Street Primary,Arbroath GSP,N/A,Primary,33 / 11,56.56120429,-2.58624344,NO 64067 41180,,80222,2 x 12 / 24MVA,No,7.82,2.06,0.45,0.00,0.00,Red,Upstream Thermal Capacity,200kW,0.00,0.00,No,0.00,13.10,7.47,Red,Upstream Thermal Capacity,,,,
S - ARBR - 06,S - ARBR - 06,Scotland / SHEPD,Redford Primary,Arbroath GSP,N/A,Primary,33 / 11,56.58624785,-2.71994419,NO 55879 44046,,80202,1 x 4MVA,Yes,2.65,0.38,0.23,0.00,0.00,Red,Upstream Thermal Capacity,200kW,1.07,0.00,No,0.00,13.10,4.45,Red,Upstream Thermal Capacity,,,,
S - ARDK - 01,S - ARDK - 01,Scotland / SHEPD,Ardkinglas GSP,N/A,N/A,GSP,132 / 33,56.287159,-4.9556504,NN 17156 14450,,12132,1 x 45MVA,Yes,0.00,0.00,0.00,0.00,N/A,Green,,200kW,24.19,0.00,No,N/A,25.00,6.66,Green,,,,,
S - ARMO - 01,S - ARMO - 01,Scotland / SHEPD,Ardmore GSP,N/A,N/A,GSP,132 / 33,57.554461,-6.6452688,NG 22240 61110,,20930,1 x 60MVA,Yes,36.17,12.98,11.80,25.00,N/A,Green,,200kW,88.40,175.80,No,N/A,25.00,4.21,Red,Substation Thermal Capacity,"Transmission works:
On completion of the Beauly - Stornoway HVDC link and associated Transmission enabling works, both Harris and Stornoway GSP's will be removed from the Ardmore 33kV subsea cable",Mar-30,"Replace the existing 33kV submarine cable between Ardmore GSP and Loch Carnan, install 2 x 2.5MVAr reactors at both Ardmore GSP and Loch Carnan (Dec-26)

Establish a new 33kV switching station at Loch Poolteil to connect Ardmore GSP, Dunvegan GSP and Loch Carnan",Oct-28
S - ARMO - 02,S - ARMO - 02,Scotland / SHEPD,Harris GSP,Ardmore GSP,N/A,GSP,132 / 33,57.845662,-6.8303016,NG 13495 94254,"Harris GSP is currently is fed via the distribution network from Ardmore GSP, available headroom accounts for both any headroom available at Ardmore GSP and the rating of the Ardmore - Skye subsea cable",85651,1 x 60MVA,Yes,2.71,0.40,0.28,0.00,N/A,Green,,50kW,2.76,0.00,No,N/A,10.00,2.78,Green,,"Reinforce the overhead 33kV line between the Ardmore - Harris submarine cable and Harris GSP (Jul-27)

Transmission works:
On completion of the Beauly - Stornoway HVDC link and associated Transmission enabling works, Harris GSP will no longer be supplied from the Ardmore 33kV subsea cable",Mar-30,Install a new 33kV circuit breaker at Harris Grid and run a new 33kV circuit to Stockinish Primary to remove it from Feeder 302,Nov-26
S - ARMO - 03,S - ARMO - 03,Scotland / SHEPD,Stornoway GSP,Ardmore GSP,N/A,GSP,132 / 33,58.203098,-6.4232918,NB 40231 32344,"Stornoway GSP is currently is fed via the distribution network from Ardmore GSP, available headroom accounts for both any headroom available at Ardmore GSP and the rating of the Ardmore - Skye subsea cable",85628,1 x 60MVA,Yes,21.64,7.93,8.09,25.00,N/A,Green,,50kW,62.78,168.90,No,N/A,25.00,2.15,Red,Substation Thermal Capacity,"Transmission works:
On completion of the Beauly - Stornoway HVDC link and associated Transmission enabling works, Stornoway GSP will no longer be supplied from the Ardmore 33kV subsea cable via Harris GSP",Mar-30,,
S - ARMO - 04,S - ARMO - 04,Scotland / SHEPD,Aird Primary,Ardmore GSP,N/A,Primary,33 / 11,57.46108512,-7.352549009,NF 79163 53853,,"84009, 84010",2 x 4 / 8MVA,No,3.15,0.45,0.69,0.00,4.06,Green,,50kW,0.90,0.00,No,0.00,13.10,2.11,Red,Upstream Thermal Capacity,"Replace the existing 33kV submarine cable between Ardmore GSP and Loch Carnan, install 2 x 2.5MVAr reactors at both Ardmore GSP and Loch Carnan",Dec-26,,
S - ARMO - 05,S - ARMO - 05,Scotland / SHEPD,Barvas Primary,Ardmore GSP,N/A,Primary,33 / 11,58.34850914,-6.520492148,NB 35613 48891,,85627,2 x 2.5MVA,No,2.52,0.36,0.15,0.00,0.64,Green,,50kW,0.00,0.00,No,0.00,18.40,2.03,Red,Upstream Thermal Capacity,"Build a 2nd 33kV circuit from Stornoway GSP connecting to both Coll and Barvas primaries, replace the 33kV switchgear at both Coll and Barvas",Jun-28,Replace both transformers with 6.3MVA units,Jun-28
S - ARMO - 06,S - ARMO - 06,Scotland / SHEPD,Battery Point Primary,Ardmore GSP,N/A,Primary,33 / 11,58.20335282,-6.37365065,NB 43147 32182,,85622,3 x 4 / 8MVA,No,12.38,1.88,5.15,0.00,0.00,Red,Substation Thermal Capacity,50kW,25.35,0.00,No,0.00,13.10,4.92,Red,Substation Thermal Capacity & Upstream Thermal Capacity,,,Replace the existing transformers with 15 / 30MVA units and replace the 11kV board with 25kA break / 62.5kA make switchgear,Jul-27
S - ARMO - 07,S - ARMO - 07,Scotland / SHEPD,Callanish Primary,Ardmore GSP,N/A,Primary,33 / 11,58.20284383,-6.733211404,NB 22040 33554,,85614,1 x 4MVA,Yes,2.43,0.35,0.30,0.00,0.00,Red,Substation Thermal Capacity,50kW,0.86,0.00,No,0.00,13.10,1.72,Red,Upstream Thermal Capacity,,,,
S - ARMO - 08,S - ARMO - 08,Scotland / SHEPD,Clachan Primary,Ardmore GSP,N/A,Primary,33 / 11,57.55694964,-7.321430551,NF 81863 64360,,84013,2 x 6.3MVA,Yes,2.91,0.42,1.00,0.00,4.70,Green,,50kW,1.80,0.00,No,0.00,25.00,2.10,Red,Upstream Thermal Capacity,"Replace the existing 33kV submarine cable between Ardmore GSP and Loch Carnan, install 2 x 2.5MVAr reactors at both Ardmore GSP and Loch Carnan (Dec-26)

Establish a new Primary substation in the Lochmaddy area including a 6.3MVA transformer",Oct-28,,
S - ARMO - 09,S - ARMO - 09,Scotland / SHEPD,Coll Primary,Ardmore GSP,N/A,Primary,33 / 11,58.27752511,-6.308322983,NB 47510 40182,,85625,1 x 2.5MVA,Yes,2.41,0.35,0.11,0.00,0.50,Green,,50kW,0.86,0.00,No,0.00,13.10,1.60,Red,Upstream Thermal Capacity,"Build a 2nd 33kV circuit from Stornoway GSP connecting to both Coll and Barvas primaries, replace the 33kV switchgear at both Coll and Barvas",Jun-28,Replace the existing transformers with 6.3MVA units and replace the 11kV board with 25kA break / 62.5kA make switchgear,Jun-28
S - ARMO - 10,S - ARMO - 10,Scotland / SHEPD,Drimore Primary,Ardmore GSP,N/A,Primary,33 / 11,57.33636427,-7.364066596,NF 77377 40049,,84005,1 x 2.5MVA,Yes,1.10,0.16,0.06,0.00,1.38,Green,,50kW,0.31,0.00,No,0.00,13.10,1.47,Red,Upstream Thermal Capacity,"Replace the existing 33kV submarine cable between Ardmore GSP and Loch Carnan, install 2 x 2.5MVAr reactors at both Ardmore GSP and Loch Carnan",Dec-26,,
S - ARMO - 11,S - ARMO - 11,Scotland / SHEPD,Gisla Primary,Ardmore GSP,N/A,Primary,33 / 11,58.12777937,-6.879552672,NB 12846 25823,,85617,1 x 1MVA,Yes,1.68,0.24,0.10,0.00,0.00,Red,Substation Thermal Capacity,50kW,0.67,0.00,No,0.00,25.00,0.82,Red,Upstream Thermal Capacity,Install a new 33kV circuit between Garynahine and Gisla Primary,Oct-28,Replace the exiting transformer with 2 x 2.5MVA units,Oct-28
S - ARMO - 12,S - ARMO - 12,Scotland / SHEPD,Laxay Primary,Ardmore GSP,N/A,Primary,33 / 11,58.10575596,-6.526859021,NB 33424 21925,,85609,1 x 2.5MVA,Yes,1.70,0.28,0.07,0.00,1.21,Green,,50kW,0.00,0.00,No,0.00,18.40,1.47,Red,Upstream Thermal Capacity,Extend Stornoway feeder 6L5 to Laxay Primary,Sep-29,Replace the existing transformer with a 6.3MVA unit and install a second 6.3MVA transformer,Sep-29
S - ARMO - 13,S - ARMO - 13,Scotland / SHEPD,Loch Carnan Primary,Ardmore GSP,N/A,Primary,33 / 11,57.3644907,-7.270703299,NF 83230 42735,,84018,3 x 6.5MVA,No,3.57,0.51,0.03,0.00,18.81,Green,,50kW,11.40,0.00,No,0.00,13.10,4.14,Red,Substation Thermal Capacity & Upstream Thermal Capacity,"Replace the existing 33kV submarine cable between Ardmore GSP and Loch Carnan, install 2 x 2.5MVAr reactors at both Ardmore GSP and Loch Carnan",Dec-26,,
S - ARMO - 14,S - ARMO - 14,Scotland / SHEPD,Maaruig Primary,Ardmore GSP,N/A,Primary,33 / 11,57.95737092,-6.749443527,NB 19162 06332,,85606,1 x 0.2MVA,Yes,0.19,0.03,0.01,0.00,0.04,Green,,50kW,0.00,0.00,No,0.00,12.00,0.20,Red,Upstream Thermal Capacity,,,,
S - ARMO - 15,S - ARMO - 15,Scotland / SHEPD,Pollachar Primary,Ardmore GSP,N/A,Primary,33 / 11,57.10635968,-7.368800815,NF 75073 14513,,"84017, 84032",2 x 3.9MVA,No,3.18,0.46,1.19,0.00,1.20,Green,,50kW,0.86,0.00,No,0.00,13.10,1.67,Red,Upstream Thermal Capacity,"Replace the existing 33kV submarine cable between Ardmore GSP and Loch Carnan, install 2 x 2.5MVAr reactors at both Ardmore GSP and Loch Carnan",Dec-26,,
S - ARMO - 16,S - ARMO - 16,Scotland / SHEPD,Stockinish Primary,Ardmore GSP,N/A,Primary,33 / 11,57.845348,-6.8310765,NG 13447 94222,,85637,1 x 2.5MVA,Yes,0.76,0.11,0.23,0.00,2.06,Green,,50kW,0.19,0.00,No,0.00,17.50,1.78,Red,Upstream Thermal Capacity,"Install a new 33kV circuit breaker at Harris Grid and run a new 33kV circuit to Stockinish Primary to remove it from Feeder 302 (Nov-26)

Install a 4MVAr STATCOM to feeder 305 in the vicinity of Tarbert Primary",Oct-28,,
S - ARMO - 17,S - ARMO - 17,Scotland / SHEPD,Tarbert Primary,Ardmore GSP,N/A,Primary,33 / 11,57.899645,-6.8072534,NB 15289 00157,,85639,2 x 2.5MVA,No,0.86,0.18,0.22,0.00,2.27,Green,,50kW,0.00,0.00,No,0.00,18.40,2.62,Red,Upstream Thermal Capacity,Install a 4MVAr STATCOM to feeder 305 in the vicinity of Tarbert Primary,Oct-28,,
S - BEAU - 01,S - BEAU - 01,Scotland / SHEPD,Beauly GSP,N/A,N/A,GSP,132 / 33,57.46838226,-4.491011721,NH 50697 44752,,"10630, 11573",2 x 45MVA,No,26.64,12.40,58.84,49.99,N/A,Red,Substation Thermal Capacity,200kW,24.43,106.82,Yes,N/A,17.50,11.91,Red,Substation Thermal Capacity,,,,
S - BEAU - 02,S - BEAU - 02,Scotland / SHEPD,Aigas Primary,Beauly GSP,N/A,Primary,33 / 11,57.4287022,-4.577194755,NH 45362 40529,,80336,1 x 0.5MVA,Yes,0.10,0.01,0.02,0.00,0.00,Red,Upstream Thermal Capacity,200kW,0.00,0.00,Yes,0.00,13.10,0.49,Red,Upstream Thermal Capacity,,,,
S - BEAU - 03,S - BEAU - 03,Scotland / SHEPD,Comrie Primary,Beauly GSP,N/A,Primary,33 / 11,57.566214,-4.6563935,NH 41207 56014,,80341,1 x 0.05MVA,Yes,0.01,0.00,0.00,0.00,0.00,Red,Upstream Thermal Capacity,200kW,0.00,0.00,Yes,0.00,12.00,0.04,Red,Upstream Thermal Capacity,,,,
S - BEAU - 04,S - BEAU - 04,Scotland / SHEPD,Conon Bridge Primary,Beauly GSP,N/A,Primary,33 / 11,57.56623173,-4.425802591,NH 54996 55499,,80322,2 x 5MVA,No,4.05,0.58,1.36,0.00,0.00,Red,Upstream Thermal Capacity,200kW,0.10,0.00,Yes,0.00,20.00,5.56,Red,Upstream Thermal Capacity,Reinforce the 33kV circuit 306 between Beauly GSP and Conon Bridge Primary,Dec-28,Replace both transformers with 7.5 / 15MVA units,Dec-28
S - BEAU - 05,S - BEAU - 05,Scotland / SHEPD,Conon Falls Primary,Beauly GSP,N/A,Primary,33 / 11,57.943554,-4.4129424,NH5726297464,,80345,1 x 0.5MVA,Yes,0.27,0.04,0.26,0.00,0.00,Red,Upstream Thermal Capacity,200kW,0.19,0.25,Yes,0.00,12.00,0.50,Red,Upstream Thermal Capacity,,,,
S - BEAU - 06,S - BEAU - 06,Scotland / SHEPD,Dingwall Primary,Beauly GSP,N/A,Primary,33 / 11,57.60341182,-4.445686847,NH 53956 59680,,80302,2 x 7.5/15MVA,No,9.88,1.42,2.12,0.00,0.00,Red,Upstream Thermal Capacity,200kW,3.58,0.72,Yes,0.00,13.10,6.39,Red,Upstream Thermal Capacity,Reinforce the 33kV circuit 306 between Beauly GSP and Conon Bridge Primary,Dec-28,,
S - BEAU - 07,S - BEAU - 07,Scotland / SHEPD,Kiltarlity Primary,Beauly GSP,N/A,Primary,33 / 11,57.43695026,-4.495971331,NH 50271 41265,,80361,1 x 6MVA,Yes,1.10,0.16,0.57,0.00,0.00,Red,Upstream Thermal Capacity,200kW,0.14,0.00,Yes,0.00,13.10,4.18,Red,Upstream Thermal Capacity,,,,
S - BEAU - 08,S - BEAU - 08,Scotland / SHEPD,Marybank Primary,Beauly GSP,N/A,Primary,33 / 11,57.54958616,-4.562537675,NH 46749 53948,,80316,1 x 4MVA,Yes,1.35,0.19,1.01,0.00,0.00,Red,Upstream Thermal Capacity,200kW,0.00,0.00,Yes,0.00,20.00,2.77,Red,Upstream Thermal Capacity,,,,
S - BEAU - 09,S - BEAU - 09,Scotland / SHEPD,Muir of Ord Primary,Beauly GSP,N/A,Primary,33 / 11,57.50320973,-4.447935891,NH 53420 48534,,80327,2 x 12 / 24MVA,No,11.35,3.42,5.80,0.00,0.00,Red,Upstream Thermal Capacity,200kW,0.10,0.00,Yes,0.00,13.10,7.74,Red,Upstream Thermal Capacity,Reinforce the 33kV circuits between Beauly GSP and Muir of Ord Primary ,Dec-27,,
S - BEAU - 10,S - BEAU - 10,Scotland / SHEPD,North Kessock Primary,Beauly GSP,N/A,Primary,33 / 11,57.50615985,-4.254734966,NH 65004 48461,,80339,1 x 4MVA,Yes,1.50,0.22,1.50,0.00,0.00,Red,Upstream Thermal Capacity,200kW,0.00,0.00,Yes,0.00,13.10,2.29,Red,Upstream Thermal Capacity,Reinforce the 33kV circuits between Beauly GSP and Muir of Ord Primary ,Dec-27,,
S - BERB - 01,S - BERB - 01,Scotland / SHEPD,Berryburn GSP,N/A,N/A,GSP,275 / 33,57.504026,-3.5992777,NJ 04266 47109,,22730,1 x 120MVA,Yes,0.00,0.00,0.00,104.53,N/A,Green,,200kW,95.10,242.70,No,N/A,25.00,10.63,Red,Substation Thermal Capacity,"Transmission works:
Add a 2nd 120MVA transformer",Apr-27,,
S - BOAG - 01,S - BOAG - 01,Scotland / SHEPD,Boat of Garten GSP,N/A,N/A,GSP,132 / 33,57.25356725,-3.731914481,NH 95609 19427,,"10830, 11574",2 x 60MVA,No,26.50,6.32,12.31,84.90,N/A,Green,,200kW,45.46,85.90,No,N/A,25.00,11.48,Red,Substation Thermal Capacity,,,,
S - BOAG - 02,S - BOAG - 02,Scotland / SHEPD,Aviemore Primary,Boat of Garten GSP,N/A,Primary,33 / 11,57.18009468,-3.823656933,NH 89856 11394,,80416,2 x 12 / 24MVA,No,10.17,2.15,5.98,0.00,1.26,Amber,Substation Thermal Capacity,200kW,0.00,0.00,No,0.00,13.10,7.90,Red,Upstream Thermal Capacity,,,,
S - BOAG - 03,S - BOAG - 03,Scotland / SHEPD,Ballindalloch Primary,Boat of Garten GSP,N/A,Primary,33 / 11,57.39508748,-3.34471186,NJ 19279 34652,,80410,2 x 10 / 12.5MVA,No,4.72,0.71,1.47,0.00,6.62,Green,,200kW,0.00,0.10,No,0.00,20.00,3.29,Red,Upstream Thermal Capacity,,,,
S - BOAG - 04,S - BOAG - 04,Scotland / SHEPD,Boat of Garten Primary,Boat of Garten GSP,N/A,Primary,33 / 11,57.2535675,-3.731915752,NH 95609 19427,,80412,2 x 8MVA,No,2.98,0.43,0.44,0.00,7.19,Green,,200kW,0.00,0.00,No,0.00,13.10,9.90,Red,Upstream Thermal Capacity,,,,
S - BOAG - 05,S - BOAG - 05,Scotland / SHEPD,Dalwhinnie Primary,Boat of Garten GSP,N/A,Primary,33 / 11,56.93320031,-4.241301184,NN 63711 84671,,80429,1 x 1MVA,Yes,0.71,0.20,0.06,0.00,0.44,Green,,200kW,0.00,0.00,No,0.00,13.10,0.89,Red,Upstream Thermal Capacity,,,,
S - BOAG - 06,S - BOAG - 06,Scotland / SHEPD,Grantown Primary,Boat of Garten GSP,N/A,Primary,33 / 11,57.31715152,-3.601043734,NJ 03670 26311,,80405,2 x 7.5 / 15MVA,No,6.01,0.87,0.78,0.00,8.08,Green,,200kW,0.18,0.00,No,0.00,13.10,6.42,Red,Upstream Thermal Capacity,,,,
S - BOAG - 07,S - BOAG - 07,Scotland / SHEPD,Kingussie Primary,Boat of Garten GSP,N/A,Primary,33 / 11,57.07794279,-4.056680335,NH 75429 00426,,80422,2 x 5MVA,No,4.24,0.99,1.59,0.00,0.00,Red,Substation Thermal Capacity,200kW,0.57,0.02,No,0.00,13.10,4.82,Red,Upstream Thermal Capacity,,,,
S - BOAG - 08,S - BOAG - 08,Scotland / SHEPD,Tomatin Primary,Boat of Garten GSP,N/A,Primary,33 / 11,57.34202803,-4.010312577,NH 79106 29734,,80403,1 x 2MVA,Yes,0.87,0.12,1.42,0.00,0.00,Red,Substation Thermal Capacity,200kW,0.00,0.00,No,0.00,12.50,1.50,Red,Upstream Thermal Capacity,,,,
S - BRAC - 01,S - BRAC - 01,Scotland / SHEPD,Braco West GSP,N/A,N/A,GSP,275 / 33,56.262233,-3.9469719,NN 79499 09453,,"10930, 11575",2 x 120MVA,No,46.98,24.29,7.36,205.59,N/A,Green,,200kW,109.47,359.15,No,N/A,25.00,16.90,Red,Substation Thermal Capacity,,,,
S - BRAC - 02,S - BRAC - 02,Scotland / SHEPD,Callander Primary,Braco West GSP,N/A,Primary,33 / 11,56.23646621,-4.211969157,NN 62995 07081,,80524,2 x 4 / 8MVA,No,5.28,0.76,0.58,0.00,0.00,Red,Upstream Voltage Constraint,200kW,2.76,0.00,No,0.00,13.10,4.04,Red,Upstream Thermal Capacity,Reinforce the 33kV circuit 304 between Braco GSP and Kippen Primary and install 2 x 4MVAr STATCOMs at Callander Primary,Sep-27,,
S - BRAC - 03,S - BRAC - 03,Scotland / SHEPD,Crieff Primary,Braco West GSP,N/A,Primary,33 / 11,56.37748384,-3.85362842,NN 85626 22119,,80509,2 x 7.5 / 15MVA,No,8.23,1.60,2.38,0.00,5.04,Green,,200kW,2.18,0.23,No,0.00,20.00,5.37,Red,Upstream Thermal Capacity,,,Replace both existing transformers with 12/24MVA units and replace the 11kV switchboard with 25kA break / 62.5kA make rated switchgear,Dec-27
S - BRAC - 04,S - BRAC - 04,Scotland / SHEPD,Dunblane Primary,Braco West GSP,N/A,Primary,33 / 11,56.19081334,-3.969003587,NN 77907 01544,,80514,2 x 10 / 12.5 MVA,No,9.36,2.22,2.67,0.00,0.00,Red,Substation Thermal Capacity & Upstream Voltage Constraint,200kW,0.14,0.16,No,0.00,13.10,7.39,Red,Upstream Thermal Capacity,,,,
S - BRAC - 05,S - BRAC - 05,Scotland / SHEPD,Forteviot Primary,Braco West GSP,N/A,Primary,33 / 11,56.34551306,-3.546049982,NO 04539 18092,,80503,1 x 6.3MVA,Yes,1.95,0.28,0.23,0.00,4.23,Green,,200kW,2.00,1.80,No,0.00,12.00,2.65,Red,Upstream Thermal Capacity,,,,
S - BRAC - 06,S - BRAC - 06,Scotland / SHEPD,Gleneagles Primary,Braco West GSP,N/A,Primary,33 / 11,56.2842598,-3.753560066,NN 91540 11582,,80506,2 x 7.5 / 15MVA,No,12.16,3.02,1.08,0.00,1.82,Green,,200kW,0.00,2.06,No,0.00,13.10,7.10,Red,Upstream Thermal Capacity,,,,
S - BRAC - 07,S - BRAC - 07,Scotland / SHEPD,Kippen Primary,Braco West GSP,N/A,Primary,33 / 11,56.13460168,-4.15170175,NS 66376 95628,,80520,2 x 4 / 8MVA,No,4.27,2.61,0.42,0.00,0.00,Red,Upstream Voltage Constraint,200kW,0.00,0.00,No,0.00,13.10,5.08,Red,Upstream Thermal Capacity,Reinforce the 33kV circuit 304 between Braco GSP and Kippen Primary and install 2 x 4MVAr STATCOMs at Callander Primary,Sep-27,,
S - BRID - 01,S - BRID - 01,Scotland / SHEPD,Bridge of Dun GSP,N/A,N/A,GSP,132 / 33,56.72037591,-2.556835271,NO 66018 58883,,"11130, 11576",2 x 60MVA,No,30.43,12.66,5.91,102.52,N/A,Green,,200kW,9.06,227.13,No,N/A,31.50,9.06,Red,Substation Thermal Capacity,,,,
S - BRID - 02,S - BRID - 02,Scotland / SHEPD,Brechin Primary,Bridge of Dun GSP,N/A,Primary,33 / 11,56.72716119,-2.638977216,NO 60998 59682,,80608,2 x 10 / 12.5 MVA,No,6.81,0.98,2.52,0.00,3.82,Green,,200kW,1.05,0.41,No,0.00,20.00,6.34,Red,Upstream Thermal Capacity,,,,
S - BRID - 03,S - BRID - 03,Scotland / SHEPD,Bridge of Dun Primary,Bridge of Dun GSP,N/A,Primary,33 / 11,56.72037591,-2.556835271,NO 66018 58883,,80606,1 x 2.5MVA,Yes,0.98,0.14,0.05,0.00,1.49,Green,,200kW,0.57,0.66,No,0.00,13.10,2.03,Red,Upstream Thermal Capacity,,,,
S - BRID - 04,S - BRID - 04,Scotland / SHEPD,Inchbare Primary,Bridge of Dun GSP,N/A,Primary,33 / 11,56.77830998,-2.644976543,NO 60684 65379,,80605,1 x 2.5MVA,Yes,1.17,0.25,0.49,0.00,1.56,Green,,200kW,0.18,0.00,No,0.00,20.00,1.74,Red,Upstream Thermal Capacity,,,,
S - BRID - 05,S - BRID - 05,Scotland / SHEPD,Logie Pert Primary,Bridge of Dun GSP,N/A,Primary,33 / 11,56.77030806,-2.529006998,NO 67764 64427,,80604,1 x 5MVA,Yes,1.44,0.21,1.07,0.00,3.61,Green,,200kW,1.24,0.00,No,0.00,25.00,3.45,Red,Upstream Thermal Capacity,,,,
S - BRID - 06,S - BRID - 06,Scotland / SHEPD,Mill Road Primary,Bridge of Dun GSP,N/A,Primary,33 / 11,56.70995881,-2.470119456,NO 71317 57683,,80613,2 x  10/12.5MVA,No,6.27,1.30,0.33,0.00,0.00,Red,Upstream Thermal Capacity,200kW,0.20,0.75,No,0.00,25.00,6.62,Red,Upstream Thermal Capacity,Reinforce both 33kV circuits feeding Montrose North,Aug-29,,
S - BRID - 07,S - BRID - 07,Scotland / SHEPD,Montrose North Primary,Bridge of Dun GSP,N/A,Primary,33 / 11,56.72241059,-2.47177539,NO 71226 59070,,80623,2 x 7.5 / 15MVA,No,6.76,1.78,0.76,0.00,0.00,Red,Upstream Thermal Capacity,200kW,0.00,0.00,No,0.00,25.00,7.09,Red,Upstream Thermal Capacity,Reinforce both 33kV circuits feeding Montrose North,Aug-29,Replace both existing transformers with 12/24MVA units,Aug-29
S - BRID - 08,S - BRID - 08,Scotland / SHEPD,St Cyrus Primary,Bridge of Dun GSP,N/A,Primary,33 / 11,56.78107605,-2.412554062,NO 74889 65577,,80629,1 x 4 / 8MVA + 1 x 6MVA,No,2.48,0.36,0.68,0.00,4.88,Green,,200kW,3.28,0.01,No,0.00,16.00,4.48,Red,Upstream Thermal Capacity,,,,
S - BROA - 01,S - BROA - 01,Scotland / SHEPD,Broadford GSP,N/A,N/A,GSP,132 / 33,57.24815955,-5.936052141,NG 62656 24360,,11230,1 x 30MVA,Yes,18.62,4.64,19.09,0.00,N/A,Red,Substation Thermal Capacity,200kW,1.89,0.00,Yes,N/A,17.50,4.10,Green,,"Transmission works:
Replace the transformer with a 45MVA unit",Apr-29,,
S - BROA - 02,S - BROA - 02,Scotland / SHEPD,Broadford Primary,Broadford GSP,N/A,Primary,33 / 11,57.24815955,-5.936052141,NG 62656 24360,,80701,1 x 5MVA,Yes,1.50,0.37,2.04,0.00,0.00,Red,Upstream Thermal Capacity,200kW,0.00,0.01,Yes,4.85,16.00,3.33,Green,,,,,
S - BROA - 03,S - BROA - 03,Scotland / SHEPD,Drynoch Primary,Broadford GSP,N/A,Primary,33 / 11,57.29855035,-6.299873567,NG 41080 31292,,80741,1 x 2.5MVA,Yes,1.61,0.23,1.75,0.00,0.00,Red,Substation Thermal Capacity & Upstream Thermal Capacity,200kW,0.72,1.20,Yes,0.68,25.00,1.31,Green,,Establish a new Primary substation in the Sconser area including a 4MVA transformer,Sep-29,,
S - BROA - 04,S - BROA - 04,Scotland / SHEPD,Kalnakil Primary,Broadford GSP,N/A,Primary,33 / 11,57.5166,-5.8565229,NG 69146 53942,,80747,1 x 2.5MVA,Yes,0.40,0.15,0.01,0.00,0.00,Red,Upstream Thermal Capacity,200kW,0.00,0.00,Yes,1.10,20.00,0.95,Green,,,,,
S - BROA - 05,S - BROA - 05,Scotland / SHEPD,Kishornhill Primary,Broadford GSP,N/A,Primary,33 / 11,57.4062641,-5.525787378,NG 88304 40591,,80709,1 x 2MVA,Yes,0.79,0.15,0.69,0.00,0.00,Red,Upstream Thermal Capacity,200kW,0.43,0.00,Yes,0.67,12.50,1.12,Green,,,,,
S - BROA - 06,S - BROA - 06,Scotland / SHEPD,Kyle Primary,Broadford GSP,N/A,Primary,33 / 11,57.28100838,-5.70975147,NG 76499 27247,,"80724, 80725",2 x 5MVA,Yes,2.00,0.74,0.09,0.00,0.00,Red,Upstream Thermal Capacity,200kW,0.00,0.00,Yes,4.85,12.50,3.64,Green,,,,Replace both existing transformers with 6.3MVA units,Mar-28
S - BROA - 07,S - BROA - 07,Scotland / SHEPD,Lower Ollach Primary,Broadford GSP,N/A,Primary,33 / 11,57.35535088,-6.137451507,NG 51241 37001,,80740,1 x 1MVA,Yes,0.90,0.19,1.07,0.00,0.00,Red,Substation Thermal Capacity & Upstream Thermal Capacity,200kW,0.13,0.00,Yes,1.01,18.00,0.89,Green,,Establish a new Primary substation in the Sconser area including a 4MVA transformer,Sep-29,,
S - BROA - 08,S - BROA - 08,Scotland / SHEPD,Nostie Bridge Primary,Broadford GSP,N/A,Primary,33 / 11,57.28523099,-5.565572555,NG 85209 27252,,80719,1 x 4MVA,Yes,2.23,0.32,0.52,0.00,0.00,Red,Upstream Thermal Capacity,200kW,0.10,0.00,Yes,1.18,13.10,2.17,Green,,Establish a new Primary substation in the Ruarch / Inverinate area including a 4MVA transformer,Aug-28,,
S - BROA - 09,S - BROA - 09,Scotland / SHEPD,Shieldaig Primary,Broadford GSP,N/A,Primary,33 / 11,57.50762865,-5.646935133,NG 81637 52250,,80713,1 x 1MVA,Yes,0.61,0.09,0.03,0.00,0.00,Red,Upstream Thermal Capacity,200kW,0.00,0.00,Yes,1.04,13.10,0.76,Green,,,,,
S - BROA - 10,S - BROA - 10,Scotland / SHEPD,Skulamus Primary,Broadford GSP,N/A,Primary,33 / 11,57.23259236,-5.880931065,NG 65881 22438,,80733,1 x 6.3MVA,Yes,2.52,0.46,5.14,0.00,0.00,Red,Upstream Thermal Capacity,200kW,0.00,0.00,Yes,1.41,13.10,3.60,Green,,Install a second 33kV circuit between Skulamus Primary and Broadford feeder 305,Sep-28,Add a second 6.3MVA transformer,Sep-28
S - BROR - 01,S - BROR - 01,Scotland / SHEPD,Brora GSP,N/A,N/A,GSP,132 / 33,58.01994774,-3.874919434,NC 89341 04957,,11330,1 x 45MVA,Yes,10.73,2.85,2.56,0.00,N/A,Green,,200kW,0.00,116.00,No,N/A,13.10,5.30,Red,Substation Thermal Capacity,"Transmission works:
Replace the transformer with a 90MVA unit",Apr-29,,
S - BROR - 02,S - BROR - 02,Scotland / SHEPD,Brora Primary,Brora GSP,N/A,Primary,33 / 11,58.01375731,-3.85528601,NC 90482 04236,,80805,2 x 5MVA,No,2.02,0.33,0.87,0.00,3.96,Green,,200kW,0.18,0.00,No,0.00,13.10,5.87,Red,Upstream Thermal Capacity,,,,
S - BROR - 03,S - BROR - 03,Scotland / SHEPD,Dornoch Primary,Brora GSP,N/A,Primary,33 / 11,57.88276492,-4.030039585,NH 79721 89953,,"80813, 80818",1 x 4MVA,Yes,4.26,0.83,1.42,0.00,0.00,Red,Substation Thermal Capacity,200kW,0.00,0.05,No,0.00,13.10,2.58,Red,Upstream Thermal Capacity,Establish a new Primary substation in the Dornoch area including a 8MVA transformer,Mar-29,,
S - BROR - 04,S - BROR - 04,Scotland / SHEPD,Golspie Primary,Brora GSP,N/A,Primary,33 / 11,57.97598308,-3.979917592,NC 82996 00240,,80810,1 x 4MVA,Yes,1.92,0.38,0.25,0.00,0.84,Green,,200kW,0.00,0.00,No,0.00,13.10,2.49,Red,Upstream Thermal Capacity,,,,
S - BROR - 05,S - BROR - 05,Scotland / SHEPD,Helmsdale Primary,Brora GSP,N/A,Primary,33 / 11,58.1165459,-3.658786108,ND 02372 15376,,80802,1 x 4MVA,Yes,1.06,0.15,0.02,0.00,0.28,Green,,200kW,0.00,0.00,No,0.00,13.10,2.01,Red,Upstream Thermal Capacity,,,,
S - BUMU - 01,S - BUMU - 01,Scotland / SHEPD,Burghmuir GSP,N/A,N/A,GSP,132 / 33,56.39663414,-3.487869633,NO 08257 23702,,"11430, 11577",2 x 90MVA,No,42.37,18.00,35.31,118.29,N/A,Red,Substation Thermal Capacity,200kW,2.51,325.36,No,N/A,25.00,9.53,Red,Substation Thermal Capacity,,,Replace the 33kV board with 31.5kA break / 78.8kA make switchgear,Jun-29
S - BUMU - 02,S - BUMU - 02,Scotland / SHEPD,Burghmuir Primary,Burghmuir GSP,N/A,Primary,33 / 11,56.39664,-3.487886307,NO 08256 23702,,80917,2 x 10 / 12.5MVA,No,9.12,1.31,13.56,0.00,0.00,Red,Substation Thermal Capacity & Upstream Thermal Capacity,200kW,1.39,1.39,No,0.00,13.10,8.06,Red,Upstream Thermal Capacity,,,,
S - BUMU - 03,S - BUMU - 03,Scotland / SHEPD,Goodlyburn Primary,Burghmuir GSP,N/A,Primary,33 / 11,56.40493108,-3.458598285,NO 10084 24586,,80911,2 x 10 / 12.5MVA,No,9.24,2.13,1.65,0.00,0.00,Red,Upstream Thermal Capacity,200kW,0.00,0.07,No,0.00,13.10,7.91,Red,Upstream Thermal Capacity,,,,
S - BUMU - 04,S - BUMU - 04,Scotland / SHEPD,Inveralmond Primary,Burghmuir GSP,N/A,Primary,33 / 11,56.415635,-3.4811013,NO 08721 25807,,80926,2 x 12 / 24MVA,No,6.89,1.02,14.47,0.00,0.00,Red,Substation Thermal Capacity & Upstream Thermal Capacity,200kW,0.00,0.00,No,0.00,25.00,7.70,Red,Upstream Thermal Capacity,"Reinforce the 33kV circuits between Burghmuir GSP and Inveralmond / Redgorton Primaries, establish a new 33kV switchboard at Inveralmond Primary",May-28,,
S - BUMU - 05,S - BUMU - 05,Scotland / SHEPD,Redgorton Primary,Burghmuir GSP,N/A,Primary,33 / 11,56.44284213,-3.499520557,NO 07650 28860,,80904,2 x 7.5 / 15MVA,No,6.43,1.00,4.25,0.00,0.00,Red,Upstream Thermal Capacity,200kW,1.12,0.20,No,0.00,13.10,7.17,Red,Upstream Thermal Capacity,"Reinforce the 33kV circuits between Burghmuir GSP and Inveralmond / Redgorton Primaries, establish a new 33kV switchboard at Inveralmond Primary",May-28,,
S - BUMU - 06,S - BUMU - 06,Scotland / SHEPD,Thimblerow Primary,Burghmuir GSP,N/A,Primary,33 / 11,56.39778292,-3.437715913,NO 11356 23764,,80915,2 x 15 / 30MVA,No,15.10,2.99,1.33,0.00,0.00,Red,Upstream Thermal Capacity,200kW,0.00,0.00,No,0.00,13.10,8.23,Red,Upstream Thermal Capacity,,,,
S - CAAD (1) - 01,S - CAAD (1) - 01,Scotland / SHEPD,Carradale 1 GSP,N/A,N/A,GSP,132 / 33,55.59006,-5.502763,NR 79375 38506,,"11530, 11579",2 x 120MVA,No,18.30,10.17,4.00,0.00,N/A,Green,,200kW,103.21,261.56,No,N/A,25.00,9.99,Red,Substation Thermal Capacity,,,,
S - CAAD (1) - 02,S - CAAD (1) - 02,Scotland / SHEPD,Balliekine Primary,Carradale 1 GSP,N/A,Primary,33 / 11,55.59634018,-5.379399776,NR 87179 38819,,81119,1 x 1MVA,Yes,0.51,0.07,0.00,0.00,0.00,Red,Upstream Voltage Constraint,200kW,0.48,0.00,No,0.00,10.00,1.00,Red,Upstream Thermal Capacity,Establish a new Primary substation in the Lochranza area including a 2.5MVA transformer,Mar-28,,
S - CAAD (1) - 03,S - CAAD (1) - 03,Scotland / SHEPD,Ballure Primary,Carradale 1 GSP,N/A,Primary,33 / 11,55.68895905,-5.638146308,NR 71425 49944,,81137,1 x 2.5MVA,Yes,1.27,0.18,0.16,0.00,1.59,Green,,200kW,0.90,0.00,No,0.00,13.10,1.18,Red,Upstream Thermal Capacity,Reinforce the 33kV circuit between Carradale 1 GSP and Claonaig Primary,Dec-27,,
S - CAAD (1) - 04,S - CAAD (1) - 04,Scotland / SHEPD,Brodick Primary,Carradale 1 GSP,N/A,Primary,33 / 11,55.57243766,-5.14255515,NS 01976 35459,,81106,2 x 4 / 8MVA,No,4.90,0.78,0.33,0.00,0.00,Red,Upstream Voltage Constraint,200kW,0.67,0.00,No,0.00,21.00,4.66,Red,Upstream Thermal Capacity,"Establish a 33kV switching station including 2 x 4MVAr STATCOMs at Brodick Primary

Establish a new Primary substation in the Lochranza area including a 2.5MVA transformer",Mar-28,,
S - CAAD (1) - 05,S - CAAD (1) - 05,Scotland / SHEPD,Campbeltown Primary,Carradale 1 GSP,N/A,Primary,33 / 11,55.4271733,-5.612677701,NR 71509 20746,,81127,2 x 7.5 / 15MVA,No,5.93,0.85,0.49,0.00,8.33,Green,,200kW,0.32,0.00,No,0.00,13.10,5.51,Red,Upstream Thermal Capacity,,,,
S - CAAD (1) - 06,S - CAAD (1) - 06,Scotland / SHEPD,Claonaig Primary,Carradale 1 GSP,N/A,Primary,33 / 11,55.75451262,-5.397290069,NR 86915 56467,,81134,1 x 0.315MVA,Yes,0.09,0.01,0.00,0.00,0.28,Green,,200kW,0.00,0.00,No,0.00,12.00,0.31,Red,Upstream Thermal Capacity,Reinforce the 33kV circuit between Carradale 1 GSP and Claonaig Primary,Dec-27,,
S - CAAD (1) - 07,S - CAAD (1) - 07,Scotland / SHEPD,Dippen Primary,Carradale 1 GSP,N/A,Primary,33 / 11,55.58216071,-5.491719462,NR 80026 37592,,81123,1 x 1MVA,Yes,0.44,0.06,0.02,0.00,0.73,Green,,200kW,0.00,0.00,No,0.00,5.20,1.00,Red,Upstream Thermal Capacity,,,,
S - CAAD (1) - 08,S - CAAD (1) - 08,Scotland / SHEPD,Machrie Primary,Carradale 1 GSP,N/A,Primary,33 / 11,55.55315658,-5.329497356,NR 90092 33864,,81114,1 x 2.5MVA,Yes,1.70,0.24,0.04,0.00,0.00,Red,Upstream Voltage Constraint,200kW,0.00,0.00,No,0.00,12.00,1.89,Red,Upstream Thermal Capacity,Establish a 33kV switching station including 2 x 4MVAr STATCOMs at Brodick Primary,Mar-28,Install a second 2.5MVA transformer and replace the 11kV board with 25kA break / 62.5kA make switchgear,Mar-28
S - CAAD (1) - 09,S - CAAD (1) - 09,Scotland / SHEPD,Whiting Bay Primary,Carradale 1 GSP,N/A,Primary,33 / 11,55.490936,-5.1012799,NS 04172 26276,,81111,1 x 8MVA,Yes,2.15,0.31,0.44,0.00,0.00,Red,Upstream Voltage Constraint,200kW,0.10,0.00,No,0.00,16.00,2.20,Red,Upstream Thermal Capacity,,,,
S - CAAD (2) - 01,S - CAAD (2) - 01,Scotland / SHEPD,Carradale 2 GSP,N/A,N/A,GSP,132 / 33,55.590255,-5.5022879,NR 79406 38526,,"11531, 11578",2 x 120MVA,No,0.00,0.00,0.00,105.05,N/A,Green,,200kW,86.41,152.70,No,N/A,25.00,10.60,Red,Substation Thermal Capacity,,,"Establish 2 new 33kV circuits between Carradale 2 GSP and a new 33kV switchboard at Port Ellen. Install 1 x 4MVAr STATCOM and 1 x 8MVAr STATCOM at Port Ellen and transfer Bowmore, Port Askaig and Port Ellen Primaries from port Ann GSP to Carradale 2 GSP",Dec-27
S - CAIN - 01,S - CAIN - 01,Scotland / SHEPD,Cairnford GSP,N/A,N/A,GSP,275 / 33,57.451995,-2.8498216,NJ 49101 40507,,10738,1 x 120MVA,Yes,0.00,0.00,0.00,51.96,N/A,Green,,200kW,37.00,222.70,No,N/A,25.00,9.05,Red,Substation Thermal Capacity,,,,
S - CASS - 01,S - CASS - 01,Scotland / SHEPD,Cassley GSP,N/A,N/A,GSP,132 / 33,58.18762857,-4.729262934,NC 39642 25338,,11830,1 x 30MVA,Yes,1.97,1.35,0.26,0.00,N/A,Green,,200kW,16.51,94.60,No,N/A,25.00,3.77,Red,Substation Thermal Capacity,"Transmission works:
Replace the transformer with a 90MVA unit",Apr-28,,
S - CASS - 02,S - CASS - 02,Scotland / SHEPD,Overscaig Primary,Cassley GSP,N/A,Primary,33 / 11,58.18805608,-4.728117417,NC 39711 25382,,81202,1 x 0.15MVA,Yes,0.02,0.01,0.00,0.00,0.16,Green,,200kW,0.00,0.00,No,0.00,N/A,0.13,Red,Upstream Thermal Capacity,,,,
S - CASS - 03,S - CASS - 03,Scotland / SHEPD,Rhiconich Primary,Cassley GSP,N/A,Primary,33 / 11,58.42970941,-4.989349002,NC 25554 52924,,81218,1 x 3.9MVA,Yes,1.66,0.29,0.21,0.00,2.84,Green,,200kW,0.19,0.10,No,0.00,18.40,1.51,Red,Upstream Thermal Capacity,,,,
S - CEAN - 01,S - CEAN - 01,Scotland / SHEPD,Ceannacroc GSP,N/A,N/A,GSP,132 / 11,57.15404624,-4.93709067,NH 22442 10847,,10005,1 x 30MVA,Yes,7.39,1.00,0.04,0.00,N/A,Green,,200kW,17.85,0.00,No,N/A,20.00,15.62,Green,,,,,
S - CHAR - 01,S - CHAR - 01,Scotland / SHEPD,Charleston GSP,N/A,N/A,GSP,132 / 33,56.47458506,-3.045185584,NO 35713 31875,,"11589, 12030",2 x 90MVA,No,67.64,10.71,11.00,52.53,N/A,Green,,200kW,51.55,116.08,Yes,N/A,17.50,13.99,Red,Substation Thermal Capacity,"Transmission works:
Replace both transformers with 120MVA units",Apr-31,,
S - CHAR - 02,S - CHAR - 02,Scotland / SHEPD,Charleston Primary,Charleston GSP,N/A,Primary,33 / 11,56.47408467,-3.044831659,NO 35734 31818,,81405,2 x 7.5 / 15MVA,No,9.20,1.51,1.96,0.00,4.03,Green,,200kW,0.00,0.00,Yes,0.00,13.10,8.69,Red,Upstream Thermal Capacity,,,,
S - CHAR - 03,S - CHAR - 03,Scotland / SHEPD,Gourdie Primary,Charleston GSP,N/A,Primary,33 / 11,56.47737724,-3.063777014,NO 34573 32203,,81401,1 x 6.3MVA,Yes,2.71,0.39,3.69,0.00,2.21,Green,,200kW,0.00,0.09,Yes,0.00,13.10,4.84,Red,Upstream Thermal Capacity,,,,
S - CHAR - 04,S - CHAR - 04,Scotland / SHEPD,Menzieshill Primary,Charleston GSP,N/A,Primary,33 / 11,56.46695099,-3.041659387,NO 35918 31022,,81410,2 x 18 / 21MVA,No,8.53,1.51,2.08,0.00,10.35,Green,,200kW,0.00,0.00,Yes,0.00,20.00,8.88,Red,Upstream Thermal Capacity,,,,
S - CHAR - 05,S - CHAR - 05,Scotland / SHEPD,Ninewells Primary,Charleston GSP,N/A,Primary,33 / 11,56.46342438,-3.054054317,NO 35148 30641,,81420,2 x 7.5 / 15MVA,No,4.72,1.65,3.27,0.00,7.57,Green,,200kW,4.14,0.85,Yes,0.00,20.00,8.27,Red,Upstream Thermal Capacity,,,,
S - CLAC - 01,S - CLAC - 01,Scotland / SHEPD,Clachan GSP,N/A,N/A,GSP,132 / 11,56.27748555,-4.921579261,NN 19218 13284,,10968,1 x 60MVA,Yes,4.39,0.39,1.59,0.00,N/A,Green,,200kW,10.25,39.71,No,N/A,40.00,21.97,Green,,,,,
S - CLAC - 02,S - CLAC - 02,Scotland / SHEPD,Butterbridge Primary,Clachan GSP,N/A,Primary,33 / 11,56.24748261,-4.917881513,NN 19306 09936,,81509,1 x 0.1MVA,Yes,0.01,0.00,0.00,0.00,0.11,Green,,200kW,0.00,0.00,No,0.10,N/A,0.10,Green,,,,,
S - CLAC - 03,S - CLAC - 03,Scotland / SHEPD,Douglas Pier Primary,Clachan GSP,N/A,Primary,33 / 11,56.15491882,-4.909403625,NS 19396 99616,,81515,1 x 2.5MVA,Yes,1.01,0.14,0.20,0.00,0.00,Red,Substation Thermal Capacity,200kW,0.00,0.00,No,1.20,12.50,1.32,Green,,,,,
S - CLAC - 04,S - CLAC - 04,Scotland / SHEPD,Inveraray Primary,Clachan GSP,N/A,Primary,33 / 11,56.24181321,-5.081041519,NN 09172 09746,,81521,1 x 2.5MVA,Yes,0.99,0.17,0.00,0.00,1.96,Green,,200kW,0.00,0.00,No,2.55,25.00,1.38,Green,,,,Replace the existing transformer with a 4MVA unit,Mar-30
S - CLAC - 05,S - CLAC - 05,Scotland / SHEPD,Lochgoilhead Primary,Clachan GSP,N/A,Primary,33 / 11,56.17535471,-4.898655178,NN 20159 01862,,81513,1 x 2.5MVA,Yes,1.03,0.15,0.07,0.00,1.88,Green,,200kW,1.28,0.00,No,0.00,18.40,1.39,Red,Substation Thermal Capacity & Upstream Thermal Capacity,,,,
S - CLAC - 06,S - CLAC - 06,Scotland / SHEPD,Strachur Primary,Clachan GSP,N/A,Primary,33 / 11,56.16476312,-5.082923943,NN 08672 01180,,81518,1 x 1MVA,Yes,0.78,0.11,0.13,0.00,0.33,Green,,200kW,0.48,0.00,No,0.59,13.10,0.83,Green,,,,,
S - CLAY - 01,S - CLAY - 01,Scotland / SHEPD,Clayhills GSP,N/A,N/A,GSP,132 / 33,57.14008711,-2.098646898,NJ 94129 05470,,"11625, 11626, 12230",2 x 60MVA,No,27.52,10.72,12.75,0.00,N/A,Green,,200kW,1.62,0.00,No,N/A,17.50,11.97,Green,,,,,
S - CLAY - 02,S - CLAY - 02,Scotland / SHEPD,Balnagask Primary,Clayhills GSP,N/A,Primary,33 / 11,57.13799145,-2.066815319,NJ 96055 05234,,81607,1 x 11.5 / 23MVA,Yes,4.06,0.58,0.00,0.00,8.47,Green,,200kW,0.00,0.95,No,10.56,13.10,5.50,Green,,,,,
S - CLAY - 03,S - CLAY - 03,Scotland / SHEPD,Clayhills Primary,Clayhills GSP,N/A,Primary,33 / 11,57.1405229,-2.100002691,NJ 94047 05518,,81604,2 x 12 / 24MVA,No,12.70,3.39,8.27,0.00,4.23,Green,,200kW,0.14,0.00,No,24.22,13.10,8.67,Green,,,,,
S - CLAY - 04,S - CLAY - 04,Scotland / SHEPD,Commerce Street Primary,Clayhills GSP,N/A,Primary,33 / 11,57.14739019,-2.087303639,NJ 94816 06282,,81602,2 x 11 / 23MVA,No,12.53,3.27,4.47,0.00,7.26,Green,,200kW,0.00,0.00,No,23.37,25.00,8.58,Green,,,,,
S - COUA - 01,S - COUA - 01,Scotland / SHEPD,Coupar Angus GSP,N/A,N/A,GSP,132 / 33,56.53845806,-3.273394134,NO 21788 39221,,"11594, 12430",2 x 120MVA,No,64.50,4.38,12.10,286.45,N/A,Green,,200kW,105.01,456.42,Yes,N/A,25.00,15.41,Red,Substation Thermal Capacity,,,,
S - COUA - 02,S - COUA - 02,Scotland / SHEPD,Alyth Primary,Coupar Angus GSP,N/A,Primary,33 / 11,56.62039833,-3.246954872,NO 23579 48311,,81712,2 x 5MVA,No,2.84,0.41,1.22,0.00,2.93,Green,,200kW,0.24,0.20,Yes,0.00,13.10,6.24,Red,Upstream Thermal Capacity,,,,
S - COUA - 03,S - COUA - 03,Scotland / SHEPD,Blairgowrie Primary,Coupar Angus GSP,N/A,Primary,33 / 11,56.58581781,-3.324603113,NO 18741 44551,,81708,2 x 11 / 23MVA,No,8.11,1.17,2.03,0.00,13.03,Green,,200kW,0.36,0.63,Yes,0.00,13.10,7.62,Red,Upstream Thermal Capacity,,,,
S - COUA - 04,S - COUA - 04,Scotland / SHEPD,Caputh Primary,Coupar Angus GSP,N/A,Primary,33 / 11,56.54558621,-3.477127644,NO 09277 40265,,81720,2 x 7.5 / 15MVA,No,5.56,0.84,0.87,0.00,5.92,Green,,200kW,1.19,0.00,Yes,0.00,20.00,5.88,Red,Upstream Thermal Capacity,,,,
S - COUA - 05,S - COUA - 05,Scotland / SHEPD,Coupar Angus Primary,Coupar Angus GSP,N/A,Primary,33 / 11,56.53837717,-3.273458174,NO 21784 39212,,81726,1 x 6.3MVA + 1 x 7.5 / 15MVA,No,6.06,1.08,7.40,0.00,0.00,Red,Substation Thermal Capacity,200kW,0.48,0.00,Yes,0.00,13.10,10.40,Red,Upstream Thermal Capacity,,,Replace the 6.3MVA transformer with a 7.5 / 15MVA unit to match T1 and replace the 11kV switchboard with 25kA break / 62.5kA make rated switchgear,Dec-26
S - COUA - 06,S - COUA - 06,Scotland / SHEPD,Dalrulzion Primary,Coupar Angus GSP,N/A,Primary,33 / 11,56.70703748,-3.414502692,NO 13498 58153,,81716,2 x 2.5MVA,No,2.39,0.34,0.07,0.00,0.52,Green,,200kW,0.35,0.00,Yes,0.00,21.00,3.44,Red,Upstream Thermal Capacity,,,,
S - COUA - 07,S - COUA - 07,Scotland / SHEPD,Leoch Primary,Coupar Angus GSP,N/A,Primary,33 / 11,56.51425542,-3.042507858,NO 35945 36287,,81705,1 x 6.3MVA,Yes,3.14,0.45,0.52,0.00,3.99,Green,,200kW,1.69,0.00,Yes,0.00,13.10,3.50,Red,Substation Thermal Capacity & Upstream Thermal Capacity,,,,
S - CRAI - 01,S - CRAI - 01,Scotland / SHEPD,Craigiebuckler GSP,N/A,N/A,GSP,132 / 33,57.13110983,-2.153897154,NJ 90783 04476,,"11632, 12530",2 x 30MVA,No,22.75,11.04,8.05,82.11,N/A,Green,,200kW,1.43,80.79,No,N/A,25.00,10.36,Red,Substation Thermal Capacity,,,,
S - CRAI - 02,S - CRAI - 02,Scotland / SHEPD,Craigiebuckler Primary,Craigiebuckler GSP,N/A,Primary,33 / 11,57.13148942,-2.154030098,NJ 90775 04519,,81800,2 x 12 / 24MVA,No,6.19,0.89,4.17,0.00,3.63,Green,,200kW,0.00,0.21,No,0.00,13.10,7.98,Red,Upstream Thermal Capacity,,,,
S - CRAI - 03,S - CRAI - 03,Scotland / SHEPD,Craigton Primary,Craigiebuckler GSP,N/A,Primary,33 / 11,57.12174895,-2.180082247,NJ 89195 03438,,81813,2 x 12 / 24MVA,No,6.09,1.75,1.18,0.00,3.63,Green,,200kW,0.95,0.20,No,0.00,25.00,7.95,Red,Upstream Thermal Capacity,,,,
S - CRAI - 04,S - CRAI - 04,Scotland / SHEPD,Culter Primary,Craigiebuckler GSP,N/A,Primary,33 / 11,57.0986554,-2.265564144,NJ 84009 00884,Culter Primary is split between Craigiebuckler and Kintore GSP's,"81817, 83814",2 x 12 / 24MVA,No,5.91,0.85,1.09,0.00,3.63,Green,,200kW,0.48,0.00,No,0.00,25.00,3.89,Red,Upstream Thermal Capacity,,,,
S - CRAI - 05,S - CRAI - 05,Scotland / SHEPD,Ruthrieston Primary,Craigiebuckler GSP,N/A,Primary,33 / 11,57.12740431,-2.124285897,NJ 92574 04060,,81821,2 x 12 / 24MVA,No,7.91,2.16,1.62,0.00,3.63,Green,,200kW,0.00,0.38,No,0.00,25.00,7.96,Red,Upstream Thermal Capacity,,,,
S - DAAS - 01,S - DAAS - 01,Scotland / SHEPD,Dallas GSP,N/A,N/A,GSP,275 / 33,57.556827,-3.4202802,NJ 15114 52748,,21930,1 x 120MVA,Yes,0.00,0.00,96.00,0.00,N/A,Green,,200kW,87.40,23.00,No,N/A,25.00,9.69,Red,Substation Thermal Capacity,,,,
S - DOUN - 01,S - DOUN - 01,Scotland / SHEPD,Dounreay GSP,N/A,N/A,GSP,132 / 33,58.57609915,-3.753741335,NC 98112 66674,,"11585, 13130",2 x 90MVA,No,53.80,3.95,0.25,229.67,N/A,Green,,200kW,62.68,234.80,No,N/A,25.00,11.05,Red,Substation Thermal Capacity,"Transmission works:
Replace both transformers with 120MVA units",Apr-27,,
S - DOUN - 02,S - DOUN - 02,Scotland / SHEPD,Bettyhill Primary,Dounreay GSP,N/A,Primary,33 / 11,58.52369078,-4.220790647,NC 70763 61645,,81909,1 x 2.5MVA,Yes,0.78,0.19,0.13,0.00,2.09,Green,,200kW,0.00,0.00,No,0.00,18.40,1.31,Red,Upstream Thermal Capacity,,,,
S - DOUN - 03,S - DOUN - 03,Scotland / SHEPD,Coldbackie Primary,Dounreay GSP,N/A,Primary,33 / 11,58.50261839,-4.366748795,NC 62182 59590,,81911,1 x 2.5MVA,Yes,0.81,0.28,0.61,0.00,1.79,Green,,200kW,0.00,0.00,No,0.00,18.40,1.12,Red,Upstream Thermal Capacity,,,,
S - DOUN - 04,S - DOUN - 04,Scotland / SHEPD,Forss Primary,Dounreay GSP,N/A,Primary,33 / 11,58.59933609,-3.677417136,ND 02614 69148,,81920,1 x 2.5MVA,Yes,2.15,0.31,0.80,0.00,0.33,Green,,200kW,0.81,0.00,No,0.00,13.10,2.24,Red,Upstream Thermal Capacity,,,,
S - DOUN - 05,S - DOUN - 05,Scotland / SHEPD,Melvich Primary,Dounreay GSP,N/A,Primary,33 / 11,58.55220852,-3.916940129,NC 88547 64274,,81904,1 x 2.5MVA,Yes,0.76,0.12,0.87,0.00,1.66,Green,,200kW,0.00,0.06,No,0.00,13.10,1.64,Red,Upstream Thermal Capacity,,,,
S - DUBE - 01,S - DUBE - 01,Scotland / SHEPD,Dunbeath GSP,N/A,N/A,GSP,132 / 33,58.265626,-3.4343557,ND 15946 31669,,13230,1 x 15MVA,Yes,0.00,0.00,0.00,0.00,N/A,Green,,200kW,14.25,0.00,Yes,N/A,25.00,5.74,Green,,,,,
S - DUDH - 01,S - DUDH - 01,Scotland / SHEPD,Dudhope GSP,N/A,N/A,GSP,132 / 33,56.46321693,-2.978339422,NO 39813 30549,,"11604, 11605, 13330",2 x 60MVA,No,38.14,16.72,10.90,42.00,N/A,Green,,200kW,0.00,80.25,No,N/A,25.00,12.54,Green,,,,,
S - DUDH - 02,S - DUDH - 02,Scotland / SHEPD,Constable Street Primary,Dudhope GSP,N/A,Primary,33 / 11,56.46580589,-2.960708267,NO 40903 30821,,82002,2 x 15 / 30MVA,No,12.68,1.83,4.36,0.00,12.99,Green,,200kW,0.00,0.00,No,28.05,20.00,8.68,Green,,,,,
S - DUDH - 03,S - DUDH - 03,Scotland / SHEPD,Overgate Primary,Dudhope GSP,N/A,Primary,33 / 11,56.45970642,-2.974681775,NO 40033 30155,,82010,2 x 15 / 21MVA,No,13.57,2.66,3.99,0.00,8.35,Green,,200kW,0.00,0.05,No,35.83,25.00,11.65,Green,,,,Replace the existing transformers with 2 x 15 / 30MVA units,Mar-26
S - DUDH - 04,S - DUDH - 04,Scotland / SHEPD,Rosebank Street Primary,Dudhope GSP,N/A,Primary,33 / 11,56.46863991,-2.976363227,NO 39943 31150,,82006,2 x 11.5 / 23MVA,No,10.61,2.01,1.88,0.00,10.20,Green,,200kW,0.00,0.40,No,21.71,25.00,8.58,Green,,,,,
S - DUDH - 05,S - DUDH - 05,Scotland / SHEPD,Walton Primary,Dudhope GSP,N/A,Primary,33 / 11,56.4611783,-2.991568041,NO 38995 30333,,82021,2 x 12 / 24MVA,No,4.89,0.98,0.67,0.00,16.16,Green,,200kW,0.00,0.00,No,21.96,13.10,8.25,Green,,,,,
S - DUGR - 01,S - DUGR - 01,Scotland / SHEPD,Dunvegan GSP,N/A,N/A,GSP,132 / 33,57.432694,-6.5395823,NG 27649 47144,,21030,1 x 60MVA,Yes,8.05,3.86,5.05,0.00,N/A,Green,,200kW,28.75,52.10,No,N/A,25.00,4.46,Red,Substation Thermal Capacity,,,"Establish a new 33kV switching station at Loch Poolteil to connect Ardmore GSP, Dunvegan GSP and Loch Carnan, replace the Dunvegan 33kV board with 31.5kA break / 78.8kA make switchgear and install a 2.5MVAr reactor at Dunvegan GSP (Oct-28)",Mar-31
S - DUGR - 02,S - DUGR - 02,Scotland / SHEPD,Dunvegan Primary,Dunvegan GSP,N/A,Primary,33 / 11,57.43248,-6.5397111,NG 27640 47121,,82311,1 x 4MVA,Yes,2.02,0.38,0.83,0.00,0.00,Red,Upstream Voltage Constraint,200kW,0.00,0.00,No,0.00,20.00,2.90,Red,Upstream Thermal Capacity,,,,
S - DUGR - 03,S - DUGR - 03,Scotland / SHEPD,Portree Primary,Dunvegan GSP,N/A,Primary,33 / 11,57.421592,-6.1971232,NG 48110 44587,,82304,1 x 4 / 8MVA + 1 x 7.5 / 15MVA,No,4.41,1.05,1.35,0.00,0.00,Red,Upstream Voltage Constraint,200kW,0.00,0.00,No,0.00,13.10,3.21,Red,Upstream Thermal Capacity,"Reinforce the 33kV circuit 301 between the Ben Aketil tee-off and Portree Primary (Nov-26)

Establish a new Primary substation in the Brogaig area including a 4MVA transformer",Mar-31,,
S - DUGR - 04,S - DUGR - 04,Scotland / SHEPD,Uig Primary,Dunvegan GSP,N/A,Primary,33 / 11,57.594068,-6.3673878,NG 39131 64409,,82309,1 x 2.5MVA,Yes,1.33,0.30,1.13,0.00,0.00,Red,Upstream Voltage Constraint,200kW,0.00,0.00,No,0.00,13.10,1.02,Red,Upstream Thermal Capacity,Establish a new Primary substation in the Brogaig area including a 4MVA transformer,Mar-31,,
S - DUNO - 01,S - DUNO - 01,Scotland / SHEPD,Dunoon GSP,N/A,N/A,GSP,132 / 33,55.97566296,-4.947866875,NS 16156 79776,,"11597, 42930",2 x 45MVA,No,25.84,9.72,3.55,47.89,N/A,Green,,200kW,38.41,93.14,No,N/A,13.10,10.80,Red,Substation Thermal Capacity,"Transmission works:
Replace both transformers with 120MVA units",Apr-30,,
S - DUNO - 02,S - DUNO - 02,Scotland / SHEPD,Bruchag Primary,Dunoon GSP,N/A,Primary,33 / 11,55.7711627,-5.008685591,NS 11372 57191,,82222,2 x 7.5 / 15MVA,No,2.61,0.38,0.50,2.89,0.00,Red,Upstream Thermal Capacity & Upstream Voltage Constraint,200kW,0.00,3.50,No,0.00,13.10,3.94,Red,Upstream Thermal Capacity,Reinforce both 33kV circuits feeding Rothesay Primay and establish a new 33kV switchboard that includes 2 x 8MVAr STATCOM's at Rothesay ,Apr-29,,
S - DUNO - 03,S - DUNO - 03,Scotland / SHEPD,Colintraive Primary,Dunoon GSP,N/A,Primary,33 / 11,55.92601059,-5.151381295,NS 03209 74814,,82240,1 x 0.5MVA,Yes,0.14,0.02,0.00,0.00,0.45,Green,,200kW,0.33,0.00,No,0.00,12.00,0.47,Red,Upstream Thermal Capacity,,,,
S - DUNO - 04,S - DUNO - 04,Scotland / SHEPD,Dunoon Primary,Dunoon GSP,N/A,Primary,33 / 11,55.9558872,-4.930669275,NS 17135 77531,,82204,2 x 12 / 24MVA,No,5.84,1.43,0.41,0.00,0.00,Red,Upstream Thermal Capacity & Upstream Voltage Constraint,200kW,0.00,0.00,No,0.00,13.10,9.64,Red,Upstream Thermal Capacity,,,,
S - DUNO - 05,S - DUNO - 05,Scotland / SHEPD,Glendaruel Primary,Dunoon GSP,N/A,Primary,33 / 11,56.033333,-5.216667,NN 03067 59147,,82237,1 x 0.315MVA,Yes,0.15,0.05,0.02,0.00,0.21,Green,,200kW,0.00,0.00,No,0.00,12.00,0.32,Red,Upstream Thermal Capacity,,,,
S - DUNO - 06,S - DUNO - 06,Scotland / SHEPD,Innellan Primary,Dunoon GSP,N/A,Primary,33 / 11,55.89540145,-4.958199542,NS 15129 70875,,82209,1 x 2.5MVA,Yes,1.13,0.22,0.01,0.00,0.00,Red,Upstream Thermal Capacity & Upstream Voltage Constraint,200kW,0.00,0.00,No,0.00,25.00,1.93,Red,Upstream Thermal Capacity,,,,
S - DUNO - 07,S - DUNO - 07,Scotland / SHEPD,Kames Primary,Dunoon GSP,N/A,Primary,33 / 11,55.89105552,-5.259000205,NR 96305 71237,,82245,1 x 2.5MVA,Yes,1.05,0.15,0.22,0.00,1.77,Green,,200kW,0.00,0.00,No,0.00,13.10,1.38,Red,Upstream Thermal Capacity,,,,
S - DUNO - 08,S - DUNO - 08,Scotland / SHEPD,Newton Primary,Dunoon GSP,N/A,Primary,33 / 11,56.14029965,-5.141053488,NS 04939 98621,,82233,1 x 0.3MVA,Yes,0.14,0.02,0.08,0.00,0.17,Green,,200kW,0.31,0.00,No,0.00,N/A,0.31,Red,Substation Thermal Capacity & Upstream Thermal Capacity,,,,
S - DUNO - 09,S - DUNO - 09,Scotland / SHEPD,Otter Ferry Primary,Dunoon GSP,N/A,Primary,33 / 11,56.01066915,-5.316467455,NR 93352 84713,,82249,1 x 2.5MVA,Yes,1.27,0.18,0.28,0.00,1.51,Green,,200kW,0.36,0.00,No,0.00,13.10,1.61,Red,Upstream Thermal Capacity,,,,
S - DUNO - 10,S - DUNO - 10,Scotland / SHEPD,Rothesay Primary,Dunoon GSP,N/A,Primary,33 / 11,55.83698537,-5.05747761,NS 08636 64647,,82218,2 x 7.5 / 15MVA,No,4.64,0.94,0.84,0.00,0.00,Red,Upstream Thermal Capacity & Upstream Voltage Constraint,200kW,0.00,0.00,No,0.00,25.00,5.07,Red,Upstream Thermal Capacity,Reinforce both 33kV circuits feeding Rothesay Primay and establish a new 33kV switchboard that includes 2 x 8MVAr STATCOM's at Rothesay ,Apr-29,,
S - DUNO - 11,S - DUNO - 11,Scotland / SHEPD,Sandbank Primary,Dunoon GSP,N/A,Primary,33 / 11,55.98976988,-4.963077997,NS 15274 81386,,82228,2 x 4 / 8MVA,No,3.42,0.59,0.44,0.00,4.09,Green,,200kW,1.09,0.19,No,0.00,13.10,7.66,Red,Upstream Thermal Capacity,,,,
S - DYCE - 01,S - DYCE - 01,Scotland / SHEPD,Dyce GSP,N/A,N/A,GSP,132 / 33,57.21574723,-2.189984109,NJ 88624 13904,,"11568, 13530",2 x 90MVA,No,34.78,11.40,6.14,232.69,N/A,Green,,200kW,32.32,259.50,Yes,N/A,25.00,12.58,Red,Substation Thermal Capacity,,,,
S - DYCE - 02,S - DYCE - 02,Scotland / SHEPD,Balmedie Primary,Dyce GSP,N/A,Primary,33 / 11,57.25829972,-2.07546644,NJ 95546 18627,,82416,2 x 4 / 8MVA,No,3.28,0.47,1.02,0.00,8.85,Green,,200kW,0.19,0.00,Yes,0.00,16.00,6.66,Red,Upstream Thermal Capacity,,,,
S - DYCE - 03,S - DYCE - 03,Scotland / SHEPD,Dyce North Primary,Dyce GSP,N/A,Primary,33 / 11,57.20498861,-2.182194464,NJ 89092 12705,,82406,2 x 12 / 24MVA,No,12.33,3.02,0.73,0.00,10.22,Green,,200kW,0.07,0.00,Yes,0.00,13.10,8.62,Red,Upstream Thermal Capacity,Reinforce both 33kV circuits feeding Dyce North Primary,Mar-28,,
S - DYCE - 04,S - DYCE - 04,Scotland / SHEPD,Ellon Primary,Dyce GSP,N/A,Primary,33 / 11,57.36093763,-2.076287847,NJ 95510 30054,,82427,2 x 10 / 12.5MVA,No,11.91,1.81,2.43,0.00,0.00,Red,Substation Thermal Capacity & Upstream Voltage Constraint,200kW,0.38,0.85,Yes,0.00,13.10,6.66,Red,Upstream Thermal Capacity,,,Replace both transformers with 20 / 40MVA units and replace the 11kV board with 25kA break / 62.5kA make switchgear,Aug-27
S - DYCE - 05,S - DYCE - 05,Scotland / SHEPD,Harvest Avenue Primary,Dyce GSP,N/A,Primary,33 / 11,57.196382,-2.2170965,NJ8698011753,,82440,2 x 12 / 24MVA,No,3.75,0.54,0.16,0.00,19.49,Green,,200kW,0.00,0.00,Yes,0.00,25.00,8.00,Red,Upstream Thermal Capacity,,,Replace both transformers with 7.5 / 15MVA units,Mar-26
S - DYCE - 06,S - DYCE - 06,Scotland / SHEPD,Kingseat Primary,Dyce GSP,N/A,Primary,33 / 11,57.26791318,-2.174985918,NJ 89545 19709,,82409,2 x 5MVA,No,4.14,0.60,1.80,0.00,1.28,Green,,200kW,2.02,1.00,Yes,0.00,21.00,7.76,Red,Upstream Thermal Capacity,,,,
S - DYCE - 07,S - DYCE - 07,Scotland / SHEPD,Stoneywood (T3) Primary,Dyce GSP,N/A,Primary,33 / 11,57.19055,-2.1790237,NJ 89279 11097,,82403,1 x 12 / 24MVA,Yes,3.53,0.71,0.00,0.00,19.47,Green,,200kW,9.50,0.00,Yes,0.00,25.00,5.29,Red,Upstream Thermal Capacity,,,,
S - ELGI - 01,S - ELGI - 01,Scotland / SHEPD,Elgin GSP,N/A,N/A,GSP,132 / 33,57.66492727,-3.321572627,NJ 21254 64662,,"11607, 13630",2 x 90MVA,No,45.42,18.92,22.33,253.24,N/A,Green,,200kW,1.19,302.16,No,N/A,25.00,10.69,Red,Substation Thermal Capacity,"Transmission works:
Replace both transformers with 120MVA units",Apr-30,,
S - ELGI - 02,S - ELGI - 02,Scotland / SHEPD,Ashgrove Primary,Elgin GSP,N/A,Primary,33 / 11,57.64240229,-3.30059587,NJ 22458 62130,,82513,1 x 10 / 12.5MVA,Yes,6.88,1.47,4.63,0.00,0.00,Red,Substation Thermal Capacity & Upstream Thermal Capacity,200kW,0.00,0.00,No,0.00,13.10,4.66,Red,Upstream Thermal Capacity,Remove Ashgrove Primary from the existing 33kV network via 2 new 33kV circuits fed from Elgin GSP,Jul-28,"Replace the existing transformer with a 20 / 40MVA unit and add a second matching 20 / 40MVA transformer, replace the 11kV board with 25kA break / 62.5kA make switchgear",Jul-28
S - ELGI - 03,S - ELGI - 03,Scotland / SHEPD,Bilbohall Primary,Elgin GSP,N/A,Primary,33 / 11,57.63695611,-3.328472076,NJ 20782 61556,,82502,1 x 12 / 24MVA,Yes,3.30,0.48,5.06,0.00,6.97,Green,,200kW,0.00,0.07,No,0.00,13.10,4.77,Red,Upstream Thermal Capacity,Install a new 33kV circuit between Bilbohall and Cumming Street Primaries,May-28,Install a second 12 / 24MVA transformer,May-28
S - ELGI - 04,S - ELGI - 04,Scotland / SHEPD,Burghead Primary,Elgin GSP,N/A,Primary,33 / 11,57.70033078,-3.466967886,NJ 12666 68781,,82534,2 x 7.5 / 15MVA,No,7.78,1.62,2.26,0.00,0.00,Red,Upstream Thermal Capacity,200kW,0.00,0.00,No,0.00,13.10,6.43,Red,Upstream Thermal Capacity,Reinforce the 33kV circuit 304 between Elgin GSP and Burghead Primary,Mar-29,,
S - ELGI - 05,S - ELGI - 05,Scotland / SHEPD,Cumming Street Primary,Elgin GSP,N/A,Primary,33 / 11,57.65011371,-3.316207839,NJ 21542 63007,,82518,2 x 15 / 30MVA,No,11.71,2.60,4.36,0.00,7.47,Green,,200kW,0.00,0.11,No,0.00,25.00,8.36,Red,Upstream Thermal Capacity,,,,
S - ELGI - 06,S - ELGI - 06,Scotland / SHEPD,Elgin Primary,Elgin GSP,N/A,Primary,33 / 11,57.66494449,-3.321545008,NJ 21256 64664,,82535,2 x 10MVA,No,4.67,0.67,1.44,0.00,7.20,Green,,200kW,0.00,0.00,No,0.00,13.10,9.82,Red,Upstream Thermal Capacity,,,,
S - ELGI - 07,S - ELGI - 07,Scotland / SHEPD,Fochabers Primary,Elgin GSP,N/A,Primary,33 / 11,57.62165806,-3.109302588,NC 94318 95432,Fochabers is split between Elgin and Keith 1 GSP's,"82505, 83661",2 x 7.5 / 15MVA,No,6.54,1.17,3.35,0.00,0.00,Red,Upstream Thermal Capacity & Upstream Voltage Constraint,200kW,0.00,0.00,No,0.00,13.10,3.32,Red,Upstream Thermal Capacity,,,,
S - ELGI - 08,S - ELGI - 08,Scotland / SHEPD,Kinloss Primary,Elgin GSP,N/A,Primary,33 / 11,57.63590706,-3.564382656,NJ 06695 61740,Kinloss primary is split between Elgin and Nairn GSP's,"82506, 84542",2 x 7.5 / 15MVA,No,3.35,0.48,0.09,0.00,0.00,Red,Upstream Thermal Capacity,200kW,0.95,2.08,No,0.00,13.10,3.17,Red,Upstream Thermal Capacity,Reinforce the 33kV circuits 303 and 306 between Nairn GSP and Forres Primary,Jun-32,,
S - ELGI - 09,S - ELGI - 09,Scotland / SHEPD,Lhanbryde Primary,Elgin GSP,N/A,Primary,33 / 11,57.63891311,-3.208642572,NJ 27940 61640,,82523,2 x 5MVA,No,1.52,0.22,0.36,0.00,0.00,Red,Upstream Thermal Capacity,200kW,0.24,0.00,No,0.00,13.10,6.24,Red,Upstream Thermal Capacity,,,,
S - ELGI - 10,S - ELGI - 10,Scotland / SHEPD,Lossiemouth Primary,Elgin GSP,N/A,Primary,33 / 11,57.7125072,-3.290602236,NJ 23203 69923,,82526,2 x 7.5 / 15MVA,No,3.81,0.55,0.79,0.00,0.00,Red,Upstream Thermal Capacity,200kW,0.00,0.00,No,0.00,18.40,6.67,Red,Upstream Thermal Capacity,Reinforce the 33kV circuit 304 between Elgin GSP and Burghead Primary,Mar-29,,
S - FASN - 01,S - FASN - 01,Scotland / SHEPD,Fasnakyle GSP,N/A,N/A,GSP,275 / 33,57.32945659,-4.793110903,NH 31948 29998,,13830,2 x 120MVA,No,0.52,0.05,0.18,49.90,N/A,Green,,200kW,86.50,112.30,No,N/A,25.00,17.70,Green,,,,,
S - FASN - 02,S - FASN - 02,Scotland / SHEPD,Fasnakyle Primary,Fasnakyle GSP,N/A,Primary,33 / 11,57.32945659,-4.793110903,NH 31948 29998,,82606,1 x 1MVA,Yes,0.49,0.07,0.09,0.00,0.64,Green,,200kW,0.10,0.00,No,0.93,16.00,1.04,Green,,,,,
S - FAUG - 01,S - FAUG - 01,Scotland / SHEPD,Fort Augustus GSP,N/A,N/A,GSP,132 / 33,57.13653522,-4.717476642,NH 35643 08347,,13930,1 x 90MVA,Yes,8.51,1.96,38.32,5.79,N/A,Green,,200kW,58.09,121.50,Yes,N/A,25.00,5.97,Red,Substation Thermal Capacity,,,,
S - FAUG - 02,S - FAUG - 02,Scotland / SHEPD,Aberchalder Primary,Fort Augustus GSP,N/A,Primary,33 / 11,57.09307198,-4.744013655,NH 33843 03575,,82807,1 x 0.2MVA,Yes,0.05,0.01,0.13,0.00,0.11,Green,,200kW,0.00,0.00,Yes,0.00,N/A,0.20,Red,Upstream Thermal Capacity,,,,
S - FAUG - 03,S - FAUG - 03,Scotland / SHEPD,Ardochy Primary,Fort Augustus GSP,N/A,Primary,33 / 11,57.178766,-4.520659,NH4772512589,,N/A,1 x 0.1MVA,Yes,0.02,0.00,0.00,0.00,0.10,Green,,200kW,0.00,0.00,Yes,0.00,N/A,N/A,Red,Upstream Thermal Capacity,,,,
S - FAUG - 04,S - FAUG - 04,Scotland / SHEPD,Bunoich Primary,Fort Augustus GSP,N/A,Primary,33 / 11,57.14913924,-4.685034123,NH 37662 09672,,82816,1 x 2MVA,Yes,0.20,0.03,0.00,0.00,1.80,Green,,200kW,0.00,0.00,Yes,0.00,12.00,1.76,Red,Upstream Thermal Capacity,,,,
S - FAUG - 05,S - FAUG - 05,Scotland / SHEPD,Drumnadrochit Primary,Fort Augustus GSP,N/A,Primary,33 / 11,57.33428841,-4.488413788,NH 50306 29824,,82814,1 x 6MVA,Yes,2.89,0.42,1.46,0.00,1.96,Green,,200kW,0.00,0.00,Yes,0.00,13.10,2.17,Red,Upstream Thermal Capacity,,,,
S - FAUG - 06,S - FAUG - 06,Scotland / SHEPD,Glen Laogh Primary,Fort Augustus GSP,N/A,Primary,33 / 11,57.066797,-4.8478845,NH 27430 00910,,N/A,1 x 0.1MVA,Yes,0.01,0.00,0.00,0.00,0.11,Green,,200kW,0.00,0.00,Yes,0.00,N/A,N/A,Red,Upstream Thermal Capacity,,,,
S - FAUG - 07,S - FAUG - 07,Scotland / SHEPD,Glendoe Primary,Fort Augustus GSP,N/A,Primary,33 / 11,57.14300156,-4.644939899,NH 40060 08894,,82823,1 x 7.5/15MVA,Yes,0.99,0.14,0.49,0.00,0.71,Green,,200kW,0.00,0.00,Yes,0.00,25.00,4.28,Red,Upstream Thermal Capacity,,,,
S - FAUG - 08,S - FAUG - 08,Scotland / SHEPD,Invergarry Primary,Fort Augustus GSP,N/A,Primary,33 / 11,57.0685089,-4.807896857,NH 29862 01000,,82810,1 x 1MVA,Yes,0.29,0.07,0.04,0.00,0.87,Green,,200kW,0.90,0.00,Yes,0.00,5.20,0.94,Red,Upstream Thermal Capacity,,,,
S - FAUG - 09,S - FAUG - 09,Scotland / SHEPD,Wester Drummond Primary,Fort Augustus GSP,N/A,Primary,33 / 11,57.182083,-4.5340079,NH4693212988,,82831,1 x 0.1MVA,Yes,0.02,0.00,0.00,0.00,0.10,Green,,200kW,0.00,0.00,Yes,0.00,6.00,0.10,Red,Upstream Thermal Capacity,,,,
S - FETT - 01,S - FETT - 01,Scotland / SHEPD,Fetteresso GSP,N/A,N/A,GSP,275 / 33,56.964449,-2.3473405,NO 78978 85967,,22631,1 x 120MVA,Yes,0.00,0.00,0.00,50.00,N/A,Green,,200kW,71.25,178.90,No,N/A,25.00,7.12,Red,Substation Thermal Capacity,"Transmission works:
Add a 2nd 120MVA transformer",Apr-28,,
S - FIDD - 01,S - FIDD - 01,Scotland / SHEPD,Fiddes GSP,N/A,N/A,GSP,132 / 33,56.9246125,-2.302029879,NO 81714 81519,,"11600, 14030",2 x 90MVA,No,21.23,2.14,10.88,157.79,N/A,Green,,200kW,97.85,308.93,Yes,N/A,25.00,9.91,Red,Substation Thermal Capacity,"Transmission works:
Replace both transformers with 120MVA units",Apr-28,,
S - FIDD - 02,S - FIDD - 02,Scotland / SHEPD,Edzell Primary,Fiddes GSP,N/A,Primary,33 / 11,56.82465924,-2.599637028,NO 63500 70513,,82706,1 x 4MVA,Yes,2.44,0.35,1.65,0.00,0.00,Red,Upstream Voltage Constraint,200kW,0.48,0.09,Yes,0.00,16.00,2.98,Red,Upstream Thermal Capacity,,,,
S - FIDD - 03,S - FIDD - 03,Scotland / SHEPD,Inverbervie Primary,Fiddes GSP,N/A,Primary,33 / 11,56.84753591,-2.282781953,NO 82850 72935,,82714,2 x 4 / 8MVA,No,3.49,0.50,0.45,0.00,0.00,Red,Upstream Voltage Constraint,200kW,3.80,0.15,Yes,0.00,16.00,4.48,Red,Upstream Thermal Capacity,,,,
S - FIDD - 04,S - FIDD - 04,Scotland / SHEPD,Laurencekirk Primary,Fiddes GSP,N/A,Primary,33 / 11,56.82981561,-2.478216953,NO 70915 71028,,82710,2 x 7.5 / 15MVA,No,4.89,0.70,2.74,0.00,0.00,Red,Upstream Voltage Constraint,200kW,1.52,0.17,Yes,0.00,25.00,4.97,Red,Upstream Thermal Capacity,,,,
S - FIDD - 05,S - FIDD - 05,Scotland / SHEPD,Stonehaven Primary,Fiddes GSP,N/A,Primary,33 / 11,56.96178636,-2.233437231,NO 85903 85641,,82703,2 x 12 / 24MVA,No,9.30,1.97,6.05,0.00,0.00,Red,Upstream Thermal Capacity,200kW,3.94,0.20,Yes,0.00,25.00,7.47,Red,Upstream Thermal Capacity,,,,
S - FRAS - 01,S - FRAS - 01,Scotland / SHEPD,Fraserburgh GSP,N/A,N/A,GSP,132 / 33,57.68624278,-2.024097002,NJ 98662 66267,,"11606, 14330",2 x 45MVA,No,16.71,7.21,4.60,154.76,N/A,Green,,200kW,4.10,246.19,Yes,N/A,25.00,9.48,Red,Substation Thermal Capacity,,,,
S - FRAS - 02,S - FRAS - 02,Scotland / SHEPD,Fraserburgh Primary,Fraserburgh GSP,N/A,Primary,33 / 11,57.68649802,-2.024227087,NH 51502 69028,,83000,2 x 20 / 40MVA,No,17.92,3.54,4.60,0.00,16.99,Green,,200kW,4.10,1.69,Yes,0.00,25.00,10.56,Red,Upstream Thermal Capacity,,,,
S - FWIL - 01,S - FWIL - 01,Scotland / SHEPD,Fort William GSP,N/A,N/A,GSP,132 / 33,56.82088488,-5.078296586,NN 12232 74158,,"11608, 11609, 14430",2 x 120MVA,No,72.97,16.49,11.48,0.00,N/A,Green,,200kW,33.39,1.77,No,N/A,25.00,12.96,Green,,,,,
S - FWIL - 02,S - FWIL - 02,Scotland / SHEPD,Annat Primary,Fort William GSP,N/A,Primary,33 / 11,56.84259484,-5.142075745,NN 08452 76751,,82961,1 x 7.5 / 15MVA,Yes,2.66,0.40,0.22,0.00,0.00,Red,Upstream Thermal Capacity & Upstream Voltage Constraint,200kW,0.24,0.00,No,6.34,25.00,5.14,Green,,,,,
S - FWIL - 03,S - FWIL - 03,Scotland / SHEPD,Arisaig Primary,Fort William GSP,N/A,Primary,33 / 11,56.91190391,-5.836323828,NM 66564 86619,,82966,1 x 2.5MVA,Yes,0.66,0.12,0.13,0.00,0.00,Red,Upstream Thermal Capacity & Upstream Voltage Constraint,200kW,0.00,0.00,No,2.50,13.10,1.32,Green,,At the Lochailort regulator site install a new 33kV switchboard including 2 x 4MVAr STATCOMs,Mar-28,,
S - FWIL - 04,S - FWIL - 04,Scotland / SHEPD,Bunarkaig Primary,Fort William GSP,N/A,Primary,33 / 11,56.939553,-4.9925284,NN 18043 87129,,82985,1 x 0.2MVA,Yes,0.02,0.01,0.00,0.00,0.00,Red,Upstream Thermal Capacity & Upstream Voltage Constraint,200kW,0.00,0.00,No,0.24,N/A,0.20,Green,,,,,
S - FWIL - 05,S - FWIL - 05,Scotland / SHEPD,Corran Primary,Fort William GSP,N/A,Primary,33 / 11,56.71792448,-5.22823608,NN 02545 63126,,82931,1 x 2.5MVA,Yes,1.26,0.25,0.75,0.00,0.00,Red,Upstream Voltage Constraint,200kW,0.27,0.00,No,0.93,13.10,1.77,Green,,Reinforce the 33kV circuit 303 between Fort William GSP and Corran Primary,Sep-28,,
S - FWIL - 06,S - FWIL - 06,Scotland / SHEPD,Fishnish Primary,Fort William GSP,N/A,Primary,33 / 11,56.513691,-5.7949791,NM 66623 42191,,N/A,1 x 0.2MVA,Yes,0.02,0.01,0.00,0.00,0.22,Green,,200kW,0.00,0.00,No,0.20,N/A,N/A,Green,,,,,
S - FWIL - 07,S - FWIL - 07,Scotland / SHEPD,Glenuig Primary,Fort William GSP,N/A,Primary,33 / 11,56.82707849,-5.816805562,NM 67224 77119,,N/A,1 x 0.1MVA,Yes,0.04,0.01,0.00,0.00,0.08,Green,,200kW,0.00,0.00,No,0.10,N/A,N/A,Green,,,,,
S - FWIL - 08,S - FWIL - 08,Scotland / SHEPD,Inverlochy Primary,Fort William GSP,N/A,Primary,33 / 11,56.8280802,-5.088384275,NN 11653 74987,,82956,2 x 7.5 / 15MVA,No,9.98,2.44,6.43,0.00,0.00,Red,Substation Thermal Capacity & Upstream Thermal Capacity & Upstream Voltage Constraint,200kW,3.14,0.20,No,12.21,25.00,8.81,Green,,Remove Inverlocky Primary from the existing 33kV ring via 2 new 33kV circuits between Fort William GSP and Inverlocky Primary,Sep-28,Replace both transformers with 15 / 30MVA units,Sep-28
S - FWIL - 09,S - FWIL - 09,Scotland / SHEPD,Kingairloch Primary,Fort William GSP,N/A,Primary,33 / 11,56.64833846,-5.640497006,NM 76917 56652,,N/A,1 x 0.1MVA,Yes,0.05,0.01,0.05,0.00,0.04,Green,,200kW,0.09,0.00,No,0.02,N/A,N/A,Green,,,,,
S - FWIL - 10,S - FWIL - 10,Scotland / SHEPD,Kinlochmoidart Primary,Fort William GSP,N/A,Primary,33 / 11,56.78408163,-5.743907475,NM 71407 72091,,82974,1 x 2MVA,Yes,0.04,0.01,0.00,0.00,2.32,Green,,200kW,0.90,0.00,No,0.06,12.00,1.24,Amber,Substation Thermal Capacity & Upstream Thermal Capacity,,,,
S - FWIL - 11,S - FWIL - 11,Scotland / SHEPD,Liddesdale Primary,Fort William GSP,N/A,Primary,33 / 11,56.67426134,-5.623420919,NM 78116 59480,,N/A,1 x 0.1MVA,Yes,0.01,0.00,0.00,0.00,0.11,Green,,200kW,0.00,0.00,No,0.10,N/A,N/A,Green,,,,,
S - FWIL - 12,S - FWIL - 12,Scotland / SHEPD,Lochaline Primary,Fort William GSP,N/A,Primary,33 / 11,56.54350271,-5.776543035,NM 67939 45444,,82980,1 x 5MVA,Yes,1.25,0.18,0.74,0.00,4.21,Green,,200kW,0.48,0.00,No,0.66,16.00,1.74,Green,,,,,
S - FWIL - 13,S - FWIL - 13,Scotland / SHEPD,Mallaig Primary,Fort William GSP,N/A,Primary,33 / 11,56.98586652,-5.826259633,NM 67637 94811,,82971,1 x 6.3MVA,Yes,1.34,0.19,0.13,0.00,0.00,Red,Upstream Thermal Capacity & Upstream Voltage Constraint,200kW,0.76,0.00,No,1.33,13.10,1.94,Green,,At the Lochailort regulator site install a new 33kV switchboard including 2 x 4MVAr STATCOMs,Mar-28,,
S - FWIL - 14,S - FWIL - 14,Scotland / SHEPD,Pinegrove Primary,Fort William GSP,N/A,Primary,33 / 11,56.81477562,-5.106245047,NN 10496 73556,,82935,2 x 10 / 12MVA,No,6.00,1.54,0.54,0.00,0.00,Red,Upstream Thermal Capacity & Upstream Voltage Constraint,200kW,0.00,0.00,No,12.03,13.10,8.07,Green,,Reinforce the 33kV circuit 303 between Fort William GSP and Corran Primary,Sep-28,,
S - FWIL - 15,S - FWIL - 15,Scotland / SHEPD,Poor House Primary,Fort William GSP,N/A,Primary,33 / 11,56.76684396,-5.736317331,NM 71766 70148,,N/A,1 x 0.1MVA,Yes,0.01,0.00,0.00,0.00,0.11,Green,,200kW,0.00,0.00,No,0.10,N/A,N/A,Green,,,,,
S - FWIL - 16,S - FWIL - 16,Scotland / SHEPD,Rahoy Primary,Fort William GSP,N/A,Primary,33 / 11,56.57820042,-5.7526085,NM 69621 49222,,82905,1 x 1MVA,Yes,0.01,0.00,0.00,0.00,1.17,Green,,200kW,0.29,0.00,No,0.67,12.50,0.72,Green,,,,,
S - FWIL - 17,S - FWIL - 17,Scotland / SHEPD,"Salen, Mull Primary",Fort William GSP,N/A,Primary,33 / 11,56.72398638,-5.77725799,NM 69002 65519,,82921,1 x 2.5MVA,Yes,2.58,0.37,0.33,0.00,0.20,Amber,Substation Thermal Capacity,200kW,0.00,0.00,No,2.75,13.10,1.56,Green,,Establish a new Primary substation in the Loch Mudle area including a 4MVA transformer,Dec-28,Replace the existing transformer with a 4MVA unit,Dec-28
S - FWIL - 18,S - FWIL - 18,Scotland / SHEPD,Shona Beg Primary,Fort William GSP,N/A,Primary,33 / 11,56.80234993,-5.815114553,NM 67173 74363,,N/A,1 x 0.1MVA,Yes,0.01,0.00,0.00,0.00,0.10,Green,,200kW,0.00,0.00,No,0.10,N/A,N/A,Green,,,,,
S - FWIL - 19,S - FWIL - 19,Scotland / SHEPD,Strontian Primary,Fort William GSP,N/A,Primary,33 / 11,56.69805558,-5.570070556,NM 81521 61955,,82919,1 x 2.5MVA,Yes,0.89,0.13,0.06,0.00,2.02,Green,,200kW,0.10,0.00,No,0.98,13.10,1.55,Green,,,,,
S - GLAG - 01,S - GLAG - 01,Scotland / SHEPD,Glenagnes GSP,N/A,N/A,GSP,132 / 33,56.46177377,-2.996723194,NO 38678 30404,,N/A,2 x 60MVA,No,0.00,0.00,0.00,0.00,N/A,Green,,200kW,0.00,0.00,No,N/A,N/A,N/A,Green,,,,,
S - GLEF - 01,S - GLEF - 01,Scotland / SHEPD,Glenfarclas GSP,N/A,N/A,GSP,132 / 33,57.416018,-3.3158938,NJ 21056 36948,,21830,1 x 90MVA,Yes,0.00,0.00,0.00,0.00,N/A,Green,,200kW,66.50,21.00,No,N/A,25.00,6.49,Red,Substation Thermal Capacity,,,,
S - GREM - 01,S - GREM - 01,Scotland / SHEPD,Shetland / Gremista,N/A,N/A,GSP,11 / 33,60.166622,-1.1645091,HU4646842756,,"89903, 89904, 89905",N/A,No,30.79,4.53,29.10,97.23,N/A,Green,,50kW,82.21,224.81,No,N/A,17.50,7.42,Red,Substation Thermal Capacity,"Transmission works:
Establish the new Gremista GSP including 2 x 90MVA transformers",Nov-26,Connect the existing 33kV Shetland network to the new Gremista GSP,Nov-26
S - GREM - 02,S - GREM - 02,Scotland / SHEPD,Brae Primary,Shetland / Gremista,N/A,Primary,33 / 11,60.40164,-1.3477523,HU3604068816,,89930,1 x 6MVA,Yes,2.30,0.39,1.00,0.00,0.00,Red,Upstream Voltage Constraint,50kW,0.19,0.00,No,0.00,18.40,2.83,Red,Upstream Thermal Capacity,"Run 2 new 33kV circuits from Gremista GSP to a new 33kV switchboard adjacent Sullom Voe and integrate existing sections of feeder 302 (towards Brae, Firth and Shetland Gas Plant) into the new 33kV switchboard",Mar-27,,
S - GREM - 03,S - GREM - 03,Scotland / SHEPD,Firth Primary,Shetland / Gremista,N/A,Primary,33 / 11,60.448888,-1.2027119,HU4396874166,,89941,1 x 6MVA,Yes,1.32,0.25,0.15,0.00,0.00,Red,Upstream Voltage Constraint,50kW,0.00,0.00,No,0.00,13.10,2.67,Red,Upstream Thermal Capacity,"Run 2 new 33kV circuits from Gremista GSP to a new 33kV switchboard adjacent Sullom Voe and integrate existing sections of feeder 302 (towards Brae, Firth and Shetland Gas Plant) into the new 33kV switchboard

Install a second 33kV circuit between feeder 303 and Firth Primary and replace the 33kV switchboard",Mar-27,,
S - GREM - 04,S - GREM - 04,Scotland / SHEPD,Lerwick Primary,Shetland / Gremista,N/A,Primary,33 / 11,60.165707,-1.1650395,HU4644042654,,"89903, 89904, 89905",3 x 12 / 18MVA,No,13.47,3.86,2.84,0.00,6.19,Green,,50kW,56.68,22.11,No,0.00,18.40,7.42,Red,Substation Thermal Capacity & Upstream Thermal Capacity,,,,
S - GREM - 05,S - GREM - 05,Scotland / SHEPD,Gutcher Primary,Shetland / Gremista,N/A,Primary,33 / 11,60.67591,-1.0036359,HU5453899599,,89951,1 x 4MVA,Yes,0.63,0.09,0.43,0.00,0.00,Red,Upstream Voltage Constraint,50kW,0.48,0.00,No,0.00,13.10,1.53,Red,Upstream Thermal Capacity,"Run 2 new 33kV circuits from Gremista GSP to a new 33kV switchboard adjacent Sullom Voe and integrate existing sections of feeder 302 (towards Brae, Firth and Shetland Gas Plant) into the new 33kV switchboard. Replace the 33kV switchboard at Mid Yell and install 2  x 4MVAr STATCOMs",Mar-27,Replace the existing 11kV single-switch arrangement with a new 3 panel 11kV switchboard with 25kA break / 62.5kA make rated switchgear,Jun-29
S - GREM - 06,S - GREM - 06,Scotland / SHEPD,Mid Yell Primary,Shetland / Gremista,N/A,Primary,33 / 11,60.6035,-1.1221279,HU4817291442,,89961,1 x 6MVA,Yes,1.06,0.15,0.01,0.00,0.00,Red,Upstream Voltage Constraint,50kW,0.00,0.00,No,0.00,13.10,2.06,Red,Upstream Thermal Capacity,"Run 2 new 33kV circuits from Gremista GSP to a new 33kV switchboard adjacent Sullom Voe and integrate existing sections of feeder 302 (towards Brae, Firth and Shetland Gas Plant) into the new 33kV switchboard. Replace the 33kV switchboard at Mid Yell and install 2  x 4MVAr STATCOMs",Mar-27,,
S - GREM - 07,S - GREM - 07,Scotland / SHEPD,Scalloway Primary,Shetland / Gremista,N/A,Primary,33 / 11,60.139181,-1.2564688,HU4139939639,,89972,1 x 4MVA,Yes,3.70,0.83,0.05,0.00,0.00,Red,Upstream Voltage Constraint,50kW,0.00,0.00,No,0.00,13.10,3.25,Red,Upstream Thermal Capacity,Install a 2nd 33kV circuit to Scalloway & Sandwick primaries,Jun-29,Install a second 8MVA transformer,Jun-29
S - GREM - 08,S - GREM - 08,Scotland / SHEPD,Sandwick Primary,Shetland / Gremista,N/A,Primary,33 / 11,60.016169,-1.2289716,HU4308625957,,89981,1 x 4MVA,Yes,2.54,0.37,0.15,0.00,0.00,Red,Substation Thermal Capacity & Upstream Voltage Constraint,50kW,0.00,0.00,No,0.00,6.00,1.99,Red,Upstream Thermal Capacity,Install a 2nd 33kV circuit to Scalloway & Sandwick primaries,Jun-29,Install a second 8MVA transformer,Jun-29
S - GREM - 09,S - GREM - 09,Scotland / SHEPD,Sumburgh Primary,Shetland / Gremista,N/A,Primary,33 / 11,59.898043,-1.3046518,HU3900512755,,89936,1 x 4MVA,Yes,1.60,0.35,0.11,0.00,0.00,Red,Upstream Voltage Constraint,50kW,0.00,0.00,No,0.00,18.40,1.50,Red,Upstream Thermal Capacity,Install a 2nd 33kV circuit to Scalloway & Sandwick primaries,Jun-29,,
S - GREM - 10,S - GREM - 10,Scotland / SHEPD,Tumblin Primary,Shetland / Gremista,N/A,Primary,33 / 11,60.263133,-1.3993035,HU3334053363,,89967,1 x 6MVA,Yes,2.07,0.30,0.04,0.00,0.00,Red,Upstream Voltage Constraint,50kW,0.00,0.00,No,0.00,12.50,2.22,Red,Upstream Thermal Capacity,"Run 2 new 33kV circuits from Gremista GSP to a new 33kV switchboard adjacent Sullom Voe and integrate existing sections of feeder 302 (towards Brae, Firth and Shetland Gas Plant) into the new 33kV switchboard. Replace the 33kV switchboard at Mid Yell and install 2  x 4MVAr STATCOMs",Mar-27,,
S - GREM - 11,S - GREM - 11,Scotland / SHEPD,Unst Primary,Shetland / Gremista,N/A,Primary,33 / 11,60.798492,-0.82632476,HP6398113411,,89956,1 x 4MVA,Yes,1.13,0.35,0.64,0.00,0.00,Red,Upstream Voltage Constraint,50kW,0.00,0.00,No,0.00,13.10,1.23,Red,Upstream Thermal Capacity,"Run 2 new 33kV circuits from Gremista GSP to a new 33kV switchboard adjacent Sullom Voe and integrate existing sections of feeder 302 (towards Brae, Firth and Shetland Gas Plant) into the new 33kV switchboard. Replace the 33kV switchboard at Mid Yell and install 2  x 4MVAr STATCOMs (Mar-27) 

Establish a new Primary substation in the South Unst area including a 4MVA transformer",Mar-29,,
S - GREM - 12,S - GREM - 12,Scotland / SHEPD,Voe Primary,Shetland / Gremista,N/A,Primary,33 / 11,60.349646,-1.255726,HU4117663079,,89992,1 x 8MVA,Yes,3.24,0.47,0.20,0.00,0.00,Red,Upstream Voltage Constraint,50kW,0.00,0.00,No,0.00,13.10,3.16,Red,Upstream Thermal Capacity,"Run 2 new 33kV circuits from Gremista GSP to a new 33kV switchboard adjacent Sullom Voe and integrate existing sections of feeder 302 (towards Brae, Firth and Shetland Gas Plant) into the new 33kV switchboard. Replace the 33kV switchboard at Mid Yell and install 2  x 4MVAr STATCOMs",Mar-27,,
S - GRUB - 01,S - GRUB - 01,Scotland / SHEPD,Grudie Bridge GSP,N/A,N/A,GSP,132 / 33,57.61937415,-4.831252616,NH 30998 62352,,"11596, 14830",2 x 90MVA,No,16.32,3.79,3.85,201.83,N/A,Green,,200kW,54.74,206.20,Yes,N/A,25.00,11.91,Red,Substation Thermal Capacity,,,,
S - GRUB - 02,S - GRUB - 02,Scotland / SHEPD,Achiltibuie Primary,Grudie Bridge GSP,N/A,Primary,33 / 11,58.03068991,-5.361491623,NC 01618 09557,,83335,1 x 1MVA,Yes,0.90,0.13,0.30,0.00,0.00,Red,Substation Thermal Capacity & Upstream Voltage Constraint,200kW,0.95,0.00,Yes,0.00,8.00,0.70,Red,Upstream Thermal Capacity,Install 2 x 4MVAr STATCOM's at Achiltbuie,Mar-29,,
S - GRUB - 03,S - GRUB - 03,Scotland / SHEPD,Aultbea Primary,Grudie Bridge GSP,N/A,Primary,33 / 11,57.83882578,-5.582250946,NG 87458 88885,,83310,1 x 6MVA,Yes,1.48,0.23,0.21,0.00,5.47,Green,,200kW,0.28,0.00,Yes,0.00,25.00,2.09,Red,Upstream Thermal Capacity,Install 2 x 4MVAr STATCOM's at Achiltbuie,Mar-29,,
S - GRUB - 04,S - GRUB - 04,Scotland / SHEPD,Biden Clan Raonaild Primary,Grudie Bridge GSP,N/A,Primary,33 / 11,57.573751,-5.2303974,NH 06927 58342,,N/A,1 x 0.1MVA,Yes,0.01,0.00,0.00,0.00,0.11,Green,,200kW,0.00,0.00,Yes,0.00,N/A,N/A,Red,Upstream Thermal Capacity,,,,
S - GRUB - 05,S - GRUB - 05,Scotland / SHEPD,Drumrunie Primary,Grudie Bridge GSP,N/A,Primary,33 / 11,57.99895324,-5.103817207,NC 16664 05298,,83332,1 x 0.2MVA,Yes,0.16,0.02,0.00,0.00,0.00,Red,Substation Thermal Capacity & Upstream Voltage Constraint,200kW,0.00,0.00,Yes,0.00,N/A,0.20,Red,Upstream Thermal Capacity,,,,
S - GRUB - 06,S - GRUB - 06,Scotland / SHEPD,Garbat Forest Primary,Grudie Bridge GSP,N/A,Primary,33 / 11,57.67370988,-4.663457703,NH 41255 67993,,N/A,1 x 0.1MVA,Yes,0.02,0.01,0.00,0.00,0.10,Green,,200kW,0.00,0.00,Yes,0.00,N/A,N/A,Red,Upstream Thermal Capacity,,,,
S - GRUB - 07,S - GRUB - 07,Scotland / SHEPD,Inverbroom Primary,Grudie Bridge GSP,N/A,Primary,33 / 11,57.81441723,-5.06736639,NH 17885 84667,,83321,1 x 0.2MVA,Yes,0.12,0.03,0.01,0.00,0.11,Green,,200kW,0.00,0.00,Yes,0.00,N/A,0.20,Red,Upstream Thermal Capacity,,,,
S - GRUB - 08,S - GRUB - 08,Scotland / SHEPD,Kerry Falls Primary,Grudie Bridge GSP,N/A,Primary,33 / 11,57.68509284,-5.643413179,NG 82909 71978,,83308,1 x 6MVA,Yes,1.82,0.26,0.56,0.00,1.54,Green,,200kW,1.43,2.00,Yes,0.00,12.50,2.48,Red,Upstream Thermal Capacity,Install 2 x 4MVAr STATCOM's at Achiltbuie,Mar-29,,
S - GRUB - 09,S - GRUB - 09,Scotland / SHEPD,Kinlochewe Primary,Grudie Bridge GSP,N/A,Primary,33 / 11,57.60804837,-5.287106077,NH 03723 62321,,83347,1 x 1MVA,Yes,0.82,0.24,0.18,0.00,0.27,Green,,200kW,0.48,0.00,Yes,0.00,12.00,0.94,Red,Upstream Thermal Capacity,,,,
S - GRUB - 10,S - GRUB - 10,Scotland / SHEPD,Letterewe Primary,Grudie Bridge GSP,N/A,Primary,33 / 11,57.67309369,-5.463736451,NG 93546 70082,,83367,1 x 0.1MVA,Yes,0.02,0.01,0.00,0.00,0.10,Green,,200kW,0.00,0.00,Yes,0.00,N/A,0.10,Red,Upstream Thermal Capacity,Install 2 x 4MVAr STATCOM's at Achiltbuie,Mar-29,,
S - GRUB - 11,S - GRUB - 11,Scotland / SHEPD,Loch Glascarnoch Primary,Grudie Bridge GSP,N/A,Primary,33 / 11,57.70612932,-4.827585491,NH 31620 71996,,N/A,1 x 0.5MVA,Yes,0.02,0.01,0.02,0.00,0.56,Green,,200kW,0.00,0.00,Yes,0.00,N/A,N/A,Red,Upstream Thermal Capacity,,,,
S - GRUB - 12,S - GRUB - 12,Scotland / SHEPD,Lochcarron Primary,Grudie Bridge GSP,N/A,Primary,33 / 11,57.419135,-5.4663853,NG 91944 41839,,83400,1 x 2.5MVA,Yes,1.09,0.19,0.04,0.00,1.84,Green,,200kW,0.00,0.00,Yes,0.00,20.00,1.43,Red,Upstream Thermal Capacity,,,,
S - GRUB - 13,S - GRUB - 13,Scotland / SHEPD,Lochinver Primary,Grudie Bridge GSP,N/A,Primary,33 / 11,58.14790557,-5.238293879,NC 09516 22243,,83340,1 x 2.5MVA,Yes,1.25,0.18,0.24,0.00,0.00,Red,Upstream Voltage Constraint,200kW,0.23,0.00,Yes,0.00,13.10,0.84,Red,Upstream Thermal Capacity,Install 2 x 4MVAr STATCOM's at Achiltbuie,Mar-29,,
S - GRUB - 14,S - GRUB - 14,Scotland / SHEPD,Ullapool Primary,Grudie Bridge GSP,N/A,Primary,33 / 11,57.90139001,-5.156941985,NH 13018 94588,,83324,1 x 2.5MVA + 1 x 4MVA,No,2.07,0.30,0.14,0.00,1.10,Green,,200kW,0.00,0.00,Yes,0.00,25.00,1.33,Red,Upstream Thermal Capacity,,,Replace T1 with a 4MVA transformer to match T2,Mar-29
S - INNE - 01,S - INNE - 01,Scotland / SHEPD,Inverness GSP,N/A,N/A,GSP,132 / 33,57.45381701,-4.246704136,NH 65293 42620,,"11569, 11570, 15130",2 x 60MVA + 1 x 90MVA,No,63.91,30.99,92.67,97.27,N/A,Red,Substation Thermal Capacity,200kW,74.19,116.08,Yes,N/A,25.00,17.12,Red,Substation Thermal Capacity,,,,
S - INNE - 02,S - INNE - 02,Scotland / SHEPD,Culloden Primary,Inverness GSP,N/A,Primary,33 / 11,57.48141944,-4.149190807,NH 71240 45502,,83504,2 x 15MVA,No,9.80,1.81,3.89,0.00,0.00,Red,Upstream Thermal Capacity,200kW,0.23,0.06,Yes,0.00,13.10,9.91,Red,Upstream Thermal Capacity,Reinforce the 33kV circuit between Culloden and Raigmore primaries,Dec-25,Replace both transformers with 15 / 30MVA units and replace the 11kV board with 25kA break / 62.5kA make switchgear,Jul-28
S - INNE - 03,S - INNE - 03,Scotland / SHEPD,Dalneigh Primary,Inverness GSP,N/A,Primary,33 / 11,57.47485659,-4.24347627,NH 65564 44955,,83517,1 x 12 / 24MVA,Yes,8.46,2.05,2.49,0.00,0.00,Red,Substation Thermal Capacity & Upstream Thermal Capacity,200kW,0.00,0.28,Yes,0.00,13.10,5.58,Red,Upstream Thermal Capacity,,,,
S - INNE - 04,S - INNE - 04,Scotland / SHEPD,Errogie Primary,Inverness GSP,N/A,Primary,33 / 11,57.27338398,-4.378662345,NH 56674 22810,,83532,1 x 1.5MVA,Yes,0.13,0.04,0.05,0.00,0.00,Red,Upstream Thermal Capacity,200kW,1.19,0.00,Yes,0.00,25.00,1.23,Red,Substation Thermal Capacity & Upstream Thermal Capacity,,,,
S - INNE - 05,S - INNE - 05,Scotland / SHEPD,Foyers Primary,Inverness GSP,N/A,Primary,33 / 11,57.25531414,-4.492469902,NH 49740 21044,,83535,1 x 2.5MVA,Yes,0.36,0.05,0.24,0.00,0.00,Red,Upstream Thermal Capacity,200kW,0.00,0.00,Yes,0.00,13.10,1.39,Red,Upstream Thermal Capacity,,,,
S - INNE - 06,S - INNE - 06,Scotland / SHEPD,Hilton Primary,Inverness GSP,N/A,Primary,33 / 11,57.46018374,-4.213187299,NH 67326 43262,,83513,2 x 12 / 24MVA,No,11.17,2.66,6.82,0.00,0.00,Red,Upstream Thermal Capacity,200kW,0.00,0.53,Yes,0.00,13.10,8.88,Red,Upstream Thermal Capacity,,,,
S - INNE - 07,S - INNE - 07,Scotland / SHEPD,Inverarnie Primary,Inverness GSP,N/A,Primary,33 / 11,57.3862013,-4.183710872,NH 68830 34971,,83528,1 x 2.5MVA,Yes,0.95,0.14,0.75,0.00,0.00,Red,Upstream Thermal Capacity,200kW,0.48,0.00,Yes,0.00,13.10,1.84,Red,Upstream Thermal Capacity,,,,
S - INNE - 08,S - INNE - 08,Scotland / SHEPD,Inverness Primary,Inverness GSP,N/A,Primary,33 / 11,57.45386636,-4.246552016,NH 65302 42625,,83523,2 x 7.5 / 15MVA,No,8.23,1.19,4.55,0.00,0.00,Red,Upstream Thermal Capacity,200kW,0.00,0.00,Yes,0.00,25.00,11.22,Red,Upstream Thermal Capacity,,,,
S - INNE - 09,S - INNE - 09,Scotland / SHEPD,Longman Drive Primary,Inverness GSP,N/A,Primary,33 / 11,57.491613,-4.218218,NH 67139 46770,,10741,2 x 12 / 24MVA,No,11.30,1.63,3.85,0.00,0.00,Red,Upstream Thermal Capacity,200kW,0.00,0.00,Yes,0.00,25.00,8.25,Red,Upstream Thermal Capacity,,,,
S - INNE - 10,S - INNE - 10,Scotland / SHEPD,Raigmore Primary,Inverness GSP,N/A,Primary,33 / 11,57.47334734,-4.195631584,NH 68427 44693,,83508,2 x 12 / 24MVA,No,17.34,4.07,4.99,0.00,0.00,Red,Substation Thermal Capacity & Upstream Thermal Capacity,200kW,0.00,0.51,Yes,0.00,13.10,9.29,Red,Upstream Thermal Capacity,"Reinforce the 33kV circuit between Culloden and Raigmore primaries (Dec-25)

Establish a new Primary substation south of Raigmore Primary including 2 x 15 / 30MVA transformers. The new substation will be fed via 2 new 33kV circuits from Inverness GSP which will be extended to also connect into Raigmore Primary.",Aug-29,,
S - INNE - 11,S - INNE - 11,Scotland / SHEPD,Waterloo Place Primary,Inverness GSP,N/A,Primary,33 / 11,57.48266446,-4.231656861,NH 66301 45800,,83519,2 x 11.5 / 23MVA,No,16.42,2.64,4.97,0.00,0.00,Red,Substation Thermal Capacity & Upstream Thermal Capacity,200kW,0.00,0.00,Yes,0.00,18.40,9.22,Red,Upstream Thermal Capacity,,,Replace both transformers with 20 / 40MVA units and replace the 11kV board with 25kA break / 62.5kA make switchgear,Mar-27
S - KEIT (1) - 01,S - KEIT (1) - 01,Scotland / SHEPD,Keith 1 GSP,N/A,N/A,GSP,132 / 33,57.54081211,-2.93850355,NJ 43916 50464,,"10899, 10901",2 x 90MVA,No,23.84,11.47,17.81,271.65,N/A,Green,,200kW,86.88,291.47,No,N/A,31.50,12.26,Red,Substation Thermal Capacity,,,,
S - KEIT (1) - 02,S - KEIT (1) - 02,Scotland / SHEPD,Buckie Primary,Keith 1 GSP,N/A,Primary,33 / 11,57.66950712,-2.952311374,NJ 43291 64802,,83645,2 x 12 / 24MVA,No,9.92,2.17,3.57,0.00,0.00,Red,Upstream Thermal Capacity & Upstream Voltage Constraint,200kW,0.00,2.37,No,0.00,13.10,5.79,Red,Upstream Thermal Capacity,Install a new 33kV circuit between Keith 1 GSP and Buckie Primary to allow Cullen to be removed from the existing 33kV ring,Mar-29,,
S - KEIT (1) - 03,S - KEIT (1) - 03,Scotland / SHEPD,Cullen Primary,Keith 1 GSP,N/A,Primary,33 / 11,57.67254344,-2.813251121,NJ 51590 65032,,83641,2 x 7.5 / 15MVA,No,2.52,0.36,0.28,0.00,0.00,Red,Substation Thermal Capacity & Upstream Thermal Capacity & Upstream Voltage Constraint,200kW,0.48,0.00,No,0.00,20.00,4.04,Red,Upstream Thermal Capacity,Install a new 33kV circuit between Keith 1 GSP and Buckie Primary to allow Cullen to be removed from the existing 33kV ring,Mar-29,,
S - KEIT (1) - 04,S - KEIT (1) - 04,Scotland / SHEPD,Limehillocks Primary,Keith 1 GSP,N/A,Primary,33 / 11,57.5439002,-2.80197129,NJ 52093 50703,,83651,1 x 2.5MVA,Yes,1.81,0.26,0.10,0.00,0.00,Red,Substation Thermal Capacity,200kW,1.10,0.00,No,0.00,12.50,2.02,Red,Upstream Thermal Capacity,,,,
S - KEIT (1) - 05,S - KEIT (1) - 05,Scotland / SHEPD,Marnoch Primary,Keith 1 GSP,N/A,Primary,33 / 11,57.56547817,-2.637598806,NJ 61955 53001,,"83653, 83681",1 x 5MVA + 1 x 6MVA,No,4.49,0.65,0.79,0.00,1.54,Green,,200kW,5.39,0.00,No,0.00,13.10,3.66,Red,Substation Thermal Capacity & Upstream Thermal Capacity,,,,
S - KEIT (2) - 01,S - KEIT (2) - 01,Scotland / SHEPD,Keith 2 GSP,N/A,N/A,GSP,132 / 33,57.540585,-2.9373616,NJ 43984 50438,,"10900, 10902",2 x 90MVA,No,31.08,16.21,9.48,312.33,N/A,Green,,200kW,72.71,376.00,No,N/A,31.50,13.59,Red,Substation Thermal Capacity,,,Transfer existing embedded generation alongside Insch Primary from Keith 2 GSP to Rothienorman GSP,Mar-28
S - KEIT (2) - 02,S - KEIT (2) - 02,Scotland / SHEPD,Aberlour Primary,Keith 2 GSP,N/A,Primary,33 / 11,57.45195066,-3.254637737,NJ 24809 40878,,83612,2 x 5MVA,No,5.20,0.75,2.92,0.00,0.00,Red,Substation Thermal Capacity & Upstream Voltage Constraint,200kW,0.00,0.00,No,0.00,13.10,5.60,Red,Upstream Thermal Capacity,,,,
S - KEIT (2) - 03,S - KEIT (2) - 03,Scotland / SHEPD,Dufftown Primary,Keith 2 GSP,N/A,Primary,33 / 11,57.44271539,-3.133518194,NJ 32060 39722,,83618,2 x 5MVA,No,5.37,0.96,1.48,0.00,0.07,Red,Substation Thermal Capacity,200kW,0.00,0.00,No,0.00,13.10,5.61,Red,Upstream Thermal Capacity,,,Replace both transformers with 7.5 / 15MVA units,Mar-30
S - KEIT (2) - 04,S - KEIT (2) - 04,Scotland / SHEPD,Huntly Primary,Keith 2 GSP,N/A,Primary,33 / 11,57.44080417,-2.788577282,NJ 52762 39217,,83625,2 x 7.5 / 15MVA,No,5.87,0.85,1.00,0.00,8.08,Green,,200kW,1.31,0.00,No,0.00,13.10,6.29,Red,Upstream Thermal Capacity,,,,
S - KEIT (2) - 05,S - KEIT (2) - 05,Scotland / SHEPD,Insch Primary,Keith 2 GSP,N/A,Primary,33 / 11,57.34685796,-2.614782433,NJ 63100 28651,,83630,2 x 5MVA,No,6.42,0.93,0.56,0.00,0.53,Amber,Substation Thermal Capacity,200kW,0.85,0.00,No,0.00,13.10,3.94,Red,Upstream Thermal Capacity,Transfer Insch Primary from Keith 2 GSP to Rothienorman GSP,Dec-27,Replace both transformers with 7.5 / 15MVA units and replace the 11kV board with 25kA break / 62.5kA make switchgear,Dec-27
S - KEIT (2) - 06,S - KEIT (2) - 06,Scotland / SHEPD,Keith Primary,Keith 2 GSP,N/A,Primary,33 / 11,57.54027935,-2.938334223,NJ 43925 50405,,83602,2 x 7.5 / 15MVA,No,7.45,1.63,1.13,0.00,6.42,Green,,200kW,1.12,0.00,No,0.00,13.10,8.59,Red,Upstream Thermal Capacity,,,,
S - KEIT (2) - 07,S - KEIT (2) - 07,Scotland / SHEPD,Rothes Primary,Keith 2 GSP,N/A,Primary,33 / 11,57.53161469,-3.205740113,NJ 27901 49693,,83605,2 x 5MVA,No,5.00,0.81,1.65,0.00,0.51,Amber,Substation Thermal Capacity,200kW,0.00,0.00,No,0.00,13.10,6.06,Red,Upstream Thermal Capacity,,,Replace the 11kV board with 25kA break / 62.5kA make switchgear,Mar-29
S - KIIN - 01,S - KIIN - 01,Scotland / SHEPD,Killin GSP,N/A,N/A,GSP,132 / 33,56.47711417,-4.329514163,NN 56618 34099,,"11595, 15630",2 x 45MVA,No,9.43,3.54,15.43,102.34,N/A,Green,,200kW,27.14,92.50,No,N/A,25.00,11.33,Red,Substation Thermal Capacity,"Transmission works:
Replace both transformers with 120MVA units",Apr-28,,
S - KIIN - 02,S - KIIN - 02,Scotland / SHEPD,Ardchyle Primary,Killin GSP,N/A,Primary,33 / 11,56.432149,-4.3897625,NN 52734 29223,,N/A,1 x 0.1MVA,Yes,0.02,0.01,0.00,0.00,0.00,Red,Upstream Voltage Constraint,200kW,0.00,0.00,No,0.00,N/A,N/A,Red,Upstream Thermal Capacity,,,,
S - KIIN - 03,S - KIIN - 03,Scotland / SHEPD,Cashlie Primary,Killin GSP,N/A,Primary,33 / 11,56.54749371,-4.429939459,NN 50711 42144,,83724,1 x 1MVA,Yes,0.13,0.03,0.02,0.00,1.04,Green,,200kW,0.00,0.00,No,0.00,N/A,0.89,Red,Upstream Thermal Capacity,,,,
S - KIIN - 04,S - KIIN - 04,Scotland / SHEPD,Chaorach Primary,Killin GSP,N/A,Primary,33 / 11,56.414816,-4.5074531,NN4540827553,,83751,1 x 4MVA,Yes,1.23,0.18,0.02,0.00,0.00,Red,Upstream Voltage Constraint,200kW,3.52,0.00,No,0.00,20.00,2.49,Red,Substation Thermal Capacity & Upstream Thermal Capacity,,,,
S - KIIN - 05,S - KIIN - 05,Scotland / SHEPD,Killin Town Primary,Killin GSP,N/A,Primary,33 / 11,56.46430908,-4.323650434,NN 56931 32662,,83715,1 x 2.5MVA,Yes,1.19,0.17,0.13,0.00,0.00,Red,Upstream Voltage Constraint,200kW,0.10,0.00,No,0.00,13.10,2.10,Red,Upstream Thermal Capacity,,,,
S - KIIN - 06,S - KIIN - 06,Scotland / SHEPD,Lochearnhead Primary,Killin GSP,N/A,Primary,33 / 11,56.38869972,-4.28931867,NN 58766 24177,,83712,1 x 2.5MVA,Yes,1.64,0.24,0.07,0.00,0.00,Red,Upstream Voltage Constraint,200kW,2.02,0.10,No,0.00,13.10,3.68,Red,Substation Thermal Capacity & Upstream Thermal Capacity,,,,
S - KIIN - 07,S - KIIN - 07,Scotland / SHEPD,Lubnaig Primary,Killin GSP,N/A,Primary,33 / 11,56.295147,-4.304893,NN 57455 13800,,83706,1 x 0.2MVA,Yes,0.01,0.00,0.00,0.00,0.00,Red,Upstream Voltage Constraint,200kW,0.14,0.00,No,0.00,N/A,0.20,Red,Upstream Thermal Capacity,,,,
S - KINL - 01,S - KINL - 01,Scotland / SHEPD,Kinlochleven GSP,N/A,N/A,GSP,132 / 33,56.71461923,-4.954314481,NN 19285 62002,,21630,1 x 45MVA,Yes,26.45,4.27,0.17,0.00,N/A,Green,,200kW,5.08,0.00,No,N/A,25.00,4.94,Green,,,,,
S - KINL - 02,S - KINL - 02,Scotland / SHEPD,Glencoe Primary,Kinlochleven GSP,N/A,Primary,33 / 11,56.68244934,-5.092689991,NN 10658 58797,,86607,1 x 6.9MVA,Yes,2.09,0.30,0.10,0.00,1.12,Green,,200kW,0.67,0.00,No,2.72,13.10,3.18,Green,,,,,
S - KINL - 03,S - KINL - 03,Scotland / SHEPD,Glenetive Primary,Kinlochleven GSP,N/A,Primary,33 / 11,56.6532631,-4.842386563,NN 25850 54886,,85002,1 x 0.3MVA,Yes,0.01,0.00,0.00,0.00,0.34,Green,,200kW,0.00,0.00,No,0.29,N/A,0.29,Green,,,,,
S - KINL - 04,S - KINL - 04,Scotland / SHEPD,Kinlochleven Primary,Kinlochleven GSP,N/A,Primary,33 / 11,56.71461923,-4.954314481,NN 19285 62002,,"86601, 86602",2 x 2.5MVA,No,1.18,0.17,0.07,0.00,2.03,Green,,200kW,2.00,0.00,No,0.54,N/A,2.20,Green,,,,,
S - KINT - 01,S - KINT - 01,Scotland / SHEPD,Kintore GSP,N/A,N/A,GSP,132 / 33,57.21864599,-2.381487091,NJ 77060 14275,,"11581, 11582, 15830",2 x 60MVA + 1 x 90MVA,No,101.39,19.15,14.66,213.48,N/A,Green,,200kW,80.88,352.67,Yes,N/A,25.00,20.77,Red,Substation Thermal Capacity,,,Transfer existing embedded generation alongside both Fyvie and Methlick primaries from Kintore GSP to Rothienorman GSP,Mar-28
S - KINT - 02,S - KINT - 02,Scotland / SHEPD,Banchory Primary,Kintore GSP,N/A,Primary,33 / 11,57.05669291,-2.508377176,NO 69262 96297,,83818,2 x 7 / 14MVA,No,9.34,1.58,4.12,0.00,0.00,Red,Substation Thermal Capacity,200kW,0.00,2.00,Yes,0.00,25.00,6.19,Red,Upstream Thermal Capacity,Reinforce both the 33kV circuit 304 between Kintore GSP and Park Primary and the 33kV circuit between Banchory Primary and Park Primary,Oct-29,Replace both transformers with 20 / 40MVA units,Oct-29
S - KINT - 03,S - KINT - 03,Scotland / SHEPD,Fyvie Primary,Kintore GSP,N/A,Primary,33 / 11,57.42846293,-2.388671682,NJ 76759 37635,,83852,1 x 4 / 8MVA + 1 x 6MVA,No,4.56,0.66,0.48,0.00,0.00,Red,Upstream Voltage Constraint,200kW,5.99,0.18,Yes,0.00,12.50,5.75,Red,Substation Thermal Capacity & Upstream Thermal Capacity,"Transfer Fyvie Primary from Kintore GSP to Rothienorman GSP (Dec-26)

Reinforce the Fyvie to Methlick 33kV circuit",Sep-27,,
S - KINT - 04,S - KINT - 04,Scotland / SHEPD,Inverurie Primary,Kintore GSP,N/A,Primary,33 / 11,57.28516353,-2.405318297,NJ 75665 21688,,83837,1 x 7.5 / 15MVA + 2 x 14 / 17MVA,No,13.93,2.01,3.21,0.00,12.21,Green,,200kW,1.75,0.16,Yes,0.00,25.00,11.40,Red,Upstream Thermal Capacity,,,,
S - KINT - 05,S - KINT - 05,Scotland / SHEPD,Kemnay Primary,Kintore GSP,N/A,Primary,33 / 11,57.24115299,-2.446005426,NJ 73180 16804,,83830,2 x 7.5 / 15MVA,No,3.67,0.53,0.22,0.00,10.76,Green,,200kW,0.00,0.00,Yes,0.00,13.10,7.27,Red,Upstream Thermal Capacity,,,,
S - KINT - 06,S - KINT - 06,Scotland / SHEPD,Methlick Primary,Kintore GSP,N/A,Primary,33 / 11,57.4216348,-2.245754204,NJ 85339 36835,,83849,1 x 5MVA + 1 x 6.3MVA,No,1.95,0.31,0.24,0.00,0.00,Red,Upstream Voltage Constraint,200kW,0.12,0.11,Yes,0.00,13.10,3.62,Red,Upstream Thermal Capacity,"Reinforce the Fyvie to Methlick 33kV circuit (Sep-27)

Transfer Methlick Primary from Kintore GSP to Rothienorman GSP",Mar-28,Replace T1 with a 6.3MVA transformer to match T2,Mar-28
S - KINT - 07,S - KINT - 07,Scotland / SHEPD,Midmar Primary,Kintore GSP,N/A,Primary,33 / 11,57.15165103,-2.526367447,NJ 68253 06875,,83825,1 x 5MVA,Yes,2.56,0.37,0.45,0.00,3.09,Green,,200kW,1.50,0.00,Yes,0.00,21.00,2.84,Red,Upstream Thermal Capacity,,,Replace the existing transformer with 2 x 8MVA units,Mar-30
S - KINT - 08,S - KINT - 08,Scotland / SHEPD,Oldmeldrum Primary,Kintore GSP,N/A,Primary,33 / 11,57.33638992,-2.306316263,NJ 81659 27360,,83845,2 x 4 / 8MVA,No,5.51,0.79,1.10,0.00,0.00,Red,Upstream Voltage Constraint,200kW,1.52,0.22,Yes,0.00,13.10,4.70,Red,Upstream Thermal Capacity,,,Replace both transformers with 15 / 30MVA units and replace the 11kV board with 25kA break / 62.5kA make switchgear,Mar-29
S - KINT - 09,S - KINT - 09,Scotland / SHEPD,Park Primary,Kintore GSP,N/A,Primary,33 / 11,57.08542806,-2.346339842,NO 79107 99434,,85103,1 x 6MVA,Yes,2.06,0.30,0.20,0.00,4.91,Green,,200kW,0.00,0.00,Yes,0.00,20.00,4.33,Red,Upstream Thermal Capacity,"Reinforce the 33kV circuit 301 between Kintore GSP and Skene Primary (Mar-29)

Reinforce both the 33kV circuit 304 between Kintore GSP and Park Primary and the 33kV circuit between Banchory Primary and Park Primary",Oct-29,,
S - KINT - 10,S - KINT - 10,Scotland / SHEPD,Skene Primary,Kintore GSP,N/A,Primary,33 / 11,57.14899155,-2.295766602,NJ 82203 06495,,83836,2 x 15 / 30MVA,No,13.13,2.79,2.22,0.00,13.43,Green,,200kW,0.43,0.04,Yes,0.00,25.00,8.43,Red,Upstream Thermal Capacity,Reinforce the 33kV circuit 301 between Kintore GSP and Skene Primary,Mar-29,,
S - KINT - 11,S - KINT - 11,Scotland / SHEPD,Torryburn Primary,Kintore GSP,N/A,Primary,33 / 11,57.231121,-2.347342218,NJ 79129 15653,,"83801, 83807",2 x 12 / 24MVA,No,9.56,1.38,2.42,0.00,0.00,Red,Upstream Voltage Constraint,200kW,1.05,0.81,Yes,0.00,13.10,9.16,Red,Upstream Thermal Capacity,,,,
S - LAIR - 01,S - LAIR - 01,Scotland / SHEPD,Lairg GSP,N/A,N/A,GSP,132 / 33,58.03061379,-4.392786981,NC 58798 07111,,16230,1 x 90MVA,Yes,8.11,1.30,0.14,104.78,N/A,Green,,200kW,58.29,134.77,No,N/A,20.00,5.91,Red,Substation Thermal Capacity,,,,
S - LAIR - 02,S - LAIR - 02,Scotland / SHEPD,Lairg Primary,Lairg GSP,N/A,Primary,33 / 11,58.03061379,-4.392786981,NC 58798 07111,,83909,1 x 2.5MVA,Yes,1.28,0.19,0.14,0.00,1.59,Green,,200kW,0.00,0.00,No,0.00,13.10,2.20,Red,Upstream Thermal Capacity,,,Add a 2nd 4MVA transformer and associated 33kV switchgear,Mar-29
S - LAIR - 03,S - LAIR - 03,Scotland / SHEPD,Torboll Primary,Lairg GSP,N/A,Primary,33 / 11,57.9745213,-4.101881738,NC 75779 00296,,83902,1 x 0.1MVA,Yes,0.01,0.00,0.00,0.00,0.11,Green,,200kW,0.00,0.00,No,0.00,N/A,0.10,Red,Upstream Thermal Capacity,,,,
S - LAIR - 04,S - LAIR - 04,Scotland / SHEPD,Tressady Primary,Lairg GSP,N/A,Primary,33 / 11,58.0033845,-4.192297053,NC 70537 03678,,83905,1 x 0.5MVA,Yes,0.34,0.08,0.00,0.00,0.25,Green,,200kW,0.00,0.00,No,0.00,12.00,0.49,Red,Upstream Thermal Capacity,Establish an additional pole mounted 33/11kV 0.315MVA transformer in the Tressaday area,Mar-29,,
S - LUNA - 01,S - LUNA - 01,Scotland / SHEPD,Lunanhead GSP,N/A,N/A,GSP,132 / 33,56.65422079,-2.865593766,NO 47028 51715,,"11601, 17130",2 x 90MVA,No,51.32,1.79,4.70,250.13,N/A,Green,,200kW,12.92,477.90,Yes,N/A,25.00,13.68,Red,Substation Thermal Capacity,"Transmission works:
Replace the existing transformers with 120MVA units",Apr-26,,
S - LUNA - 02,S - LUNA - 02,Scotland / SHEPD,Friockheim Primary,Lunanhead GSP,N/A,Primary,33 / 11,56.63386405,-2.672668025,NO 58834 49317,,84113,1 x 6.3MVA,Yes,3.25,0.47,0.22,0.00,2.52,Green,,200kW,1.80,0.00,Yes,0.00,16.00,3.71,Red,Upstream Thermal Capacity,,,,
S - LUNA - 03,S - LUNA - 03,Scotland / SHEPD,Inverarity Primary,Lunanhead GSP,N/A,Primary,33 / 11,56.58642582,-2.90441343,NO 44549 44200,,84112,1 x 2.5MVA,Yes,0.69,0.10,0.00,0.00,2.26,Green,,200kW,0.69,0.00,Yes,0.00,13.10,1.91,Red,Upstream Thermal Capacity,,,,
S - LUNA - 04,S - LUNA - 04,Scotland / SHEPD,Lochside Primary,Lunanhead GSP,N/A,Primary,33 / 11,56.6435188,-2.895953422,NO 45151 50548,,84105,2 x 12 / 24MVA,No,14.03,3.99,2.43,0.00,7.52,Green,,200kW,0.22,5.98,Yes,0.00,20.00,8.86,Red,Upstream Thermal Capacity,,,,
S - LUNA - 05,S - LUNA - 05,Scotland / SHEPD,Lunanhead Primary,Lunanhead GSP,N/A,Primary,33 / 11,56.65438431,-2.865370858,NO 47042 51733,,84101,2 x 7.5 / 15MVA,No,6.84,0.99,0.93,0.00,7.15,Green,,200kW,3.73,0.97,Yes,0.00,13.10,8.72,Red,Upstream Thermal Capacity,,,,
S - LUNA - 06,S - LUNA - 06,Scotland / SHEPD,Maryton Primary,Lunanhead GSP,N/A,Primary,33 / 11,56.66548568,-2.993472767,NO 39206 53075,,84109,2 x 7.5 / 15MVA,No,6.64,0.96,1.12,0.00,7.41,Green,,200kW,1.66,0.00,Yes,0.00,13.10,7.02,Red,Upstream Thermal Capacity,,,,
S - LYND - 01,S - LYND - 01,Scotland / SHEPD,Lyndhurst GSP,N/A,N/A,GSP,132 / 33,56.48110591,-3.017429319,NO 37434 32575,,"11631, 17230",2 x 60MVA,No,68.39,6.78,7.87,52.53,N/A,Red,Substation Thermal Capacity,200kW,47.41,210.00,No,N/A,17.50,15.28,Red,Substation Thermal Capacity,"Transmission works:
Replace both transformers with 90MVA units",Apr-31,,
S - LYND - 02,S - LYND - 02,Scotland / SHEPD,Lochee Primary,Lyndhurst GSP,N/A,Primary,33 / 11,56.47078273,-3.006905134,NO 38065 31416,,84218,2 x 11.5 / 23MVA,No,5.70,1.08,0.91,0.00,0.00,Red,Upstream Thermal Capacity,200kW,0.00,0.10,No,0.00,20.00,8.52,Red,Upstream Thermal Capacity,,,,
S - LYND - 03,S - LYND - 03,Scotland / SHEPD,Lyndhurst Primary,Lyndhurst GSP,N/A,Primary,33 / 11,56.48110547,-3.017432214,NO 37434 32575,,84203,2 x 7.5 / 15MVA,No,5.82,1.31,2.90,0.00,0.00,Red,Upstream Thermal Capacity,200kW,0.00,0.00,No,0.00,20.00,8.64,Red,Upstream Thermal Capacity,,,,
S - LYND - 04,S - LYND - 04,Scotland / SHEPD,MacAlpine Road Primary,Lyndhurst GSP,N/A,Primary,33 / 11,56.4912128,-3.007947092,NO 38034 33691,,84207,2 x 15MVA,No,5.87,1.18,1.20,0.00,0.00,Red,Upstream Thermal Capacity,200kW,0.00,0.00,No,0.00,13.10,10.64,Red,Upstream Thermal Capacity,,,,
S - LYND - 05,S - LYND - 05,Scotland / SHEPD,West Kirkton Primary,Lyndhurst GSP,N/A,Primary,33 / 11,56.49230789,-2.989146647,NO 39194 33796,,84214,2 x 11.5 / 23MVA,No,7.39,1.06,2.86,0.00,0.00,Red,Upstream Thermal Capacity,200kW,0.00,0.00,No,0.00,25.00,8.57,Red,Upstream Thermal Capacity,,,,
S - MACD - 01,S - MACD - 01,Scotland / SHEPD,Macduff GSP,N/A,N/A,GSP,132 / 33,57.66407281,-2.498399062,NJ 70363 63908,,"11006, 17330",2 x 90MVA,No,21.97,6.22,2.24,175.06,N/A,Green,,200kW,93.92,328.17,Yes,N/A,25.00,10.15,Red,Substation Thermal Capacity,,,,
S - MACD - 02,S - MACD - 02,Scotland / SHEPD,Macduff Primary,Macduff GSP,N/A,Primary,33 / 11,57.66407315,-2.49839807,NJ 70363 63908,,83207,2 x 12 / 24MVA,No,9.85,1.42,1.23,0.00,12.77,Green,,200kW,5.83,0.02,Yes,0.00,13.10,8.57,Red,Upstream Thermal Capacity,,,,
S - MACD - 03,S - MACD - 03,Scotland / SHEPD,Portsoy Primary,Macduff GSP,N/A,Primary,33 / 11,57.67327455,-2.697560555,NJ 58491 65037,,83211,1 x 5MVA,Yes,2.85,0.41,0.08,0.00,0.00,Red,Substation Thermal Capacity,200kW,1.42,0.35,Yes,0.00,18.40,4.17,Red,Upstream Thermal Capacity,,,,
S - MACD - 04,S - MACD - 04,Scotland / SHEPD,Turriff Primary,Macduff GSP,N/A,Primary,33 / 11,57.54171995,-2.462576771,NJ 72407 50271,,83214,2 x 7.5 / 15MVA,No,10.03,1.45,0.93,0.00,0.00,Red,Substation Thermal Capacity,200kW,9.25,0.11,Yes,0.00,13.10,7.54,Red,Upstream Thermal Capacity,,,,
S - MILC - 01,S - MILC - 01,Scotland / SHEPD,Milton of Craigie GSP,N/A,N/A,GSP,132 / 33,56.47538295,-2.924684704,NO 43137 31857,,"17430, 17431",2 x 60MVA,No,44.33,19.36,17.22,99.90,N/A,Green,,200kW,23.86,168.00,No,N/A,17.50,12.40,Red,Substation Thermal Capacity,,,,
S - MILC - 02,S - MILC - 02,Scotland / SHEPD,Ashludie Primary,Milton of Craigie GSP,N/A,Primary,33 / 11,56.49159561,-2.826264415,NO 49222 33584,,84331,2 x 10MVA,No,8.88,2.00,1.06,0.00,0.00,Red,Substation Thermal Capacity,200kW,1.13,0.00,No,0.00,25.00,7.99,Red,Upstream Thermal Capacity,,,Replace both transformers with 15 / 30MVA units and replace the 11kV board with 25kA break / 62.5kA make switchgear,Mar-29
S - MILC - 03,S - MILC - 03,Scotland / SHEPD,Baldovie Primary,Milton of Craigie GSP,N/A,Primary,33 / 11,56.47824526,-2.889987606,NO 45279 32147,,84318,2 x 12 / 24MVA,No,8.82,1.27,0.95,0.00,7.55,Green,,200kW,4.34,0.03,No,0.00,13.10,8.69,Red,Upstream Thermal Capacity,,,,
S - MILC - 04,S - MILC - 04,Scotland / SHEPD,Broughty Ferry Primary,Milton of Craigie GSP,N/A,Primary,33 / 11,56.46592677,-2.867317075,NO 46658 30758,,84327,2 x 10MVA,No,6.60,1.34,1.81,0.00,5.52,Green,,200kW,0.00,0.00,No,0.00,20.00,9.91,Red,Upstream Thermal Capacity,,,,
S - MILC - 05,S - MILC - 05,Scotland / SHEPD,Edzell Street Primary,Milton of Craigie GSP,N/A,Primary,33 / 11,56.47775845,-2.860360316,NO 47103 32070,,84322,1 x 10MVA,Yes,2.69,0.39,0.01,0.00,7.55,Green,,200kW,0.00,0.00,No,0.00,13.10,5.19,Red,Upstream Thermal Capacity,,,,
S - MILC - 06,S - MILC - 06,Scotland / SHEPD,Longhaugh Primary,Milton of Craigie GSP,N/A,Primary,33 / 11,56.49269784,-2.931097566,NO 42768 33789,,84304,2 x 15 / 30MVA,No,8.33,1.97,5.32,0.00,7.55,Green,,200kW,0.48,5.00,No,0.00,13.10,8.32,Red,Upstream Thermal Capacity,,,,
S - MILC - 07,S - MILC - 07,Scotland / SHEPD,Milton of Craigie Primary,Milton of Craigie GSP,N/A,Primary,33 / 11,56.4753818,-2.924682411,NO 43137 31857,,84314,2 x 7.5 / 15MVA,No,9.52,1.37,6.76,0.00,0.32,Red,Substation Thermal Capacity,200kW,8.27,0.00,No,0.00,18.40,9.01,Red,Upstream Thermal Capacity,,,,
S - MILC - 08,S - MILC - 08,Scotland / SHEPD,Old Craigie Road Primary,Milton of Craigie GSP,N/A,Primary,33 / 11,56.47771526,-2.940676057,NO 42156 32130,,84310,2 x 10MVA,No,5.38,0.85,1.31,0.00,6.86,Green,,200kW,0.14,0.00,No,0.00,13.10,10.10,Red,Upstream Thermal Capacity,,,,
S - MYBS (1) - 01,S - MYBS (1) - 01,Scotland / SHEPD,Mybster 1 GSP,N/A,N/A,GSP,132 / 33,58.44625534,-3.424440169,ND 16953 51766,,"11628, 17830",2 x 120MVA,No,21.12,5.16,4.34,89.73,N/A,Green,,200kW,84.93,287.39,Yes,N/A,25.00,11.68,Red,Substation Thermal Capacity,,,,
S - MYBS (1) - 02,S - MYBS (1) - 02,Scotland / SHEPD,Latheron Primary,Mybster 1 GSP,N/A,Primary,33 / 11,58.28395385,-3.367246921,ND 19924 33627,,84427,1 x 4MVA,Yes,1.84,0.33,0.07,0.00,1.12,Green,,200kW,0.26,0.08,Yes,0.00,18.40,2.25,Red,Upstream Thermal Capacity,,,,
S - MYBS (1) - 03,S - MYBS (1) - 03,Scotland / SHEPD,Wick Primary,Mybster 1 GSP,N/A,Primary,33 / 11,58.44205409,-3.105134182,ND 35583 50947,,84401,2 x 12 / 24MVA,No,8.26,1.19,2.67,0.00,5.05,Green,,200kW,1.57,0.15,Yes,0.00,25.00,5.79,Red,Upstream Thermal Capacity,,,,
S - MYBS (2) - 01,S - MYBS (2) - 01,Scotland / SHEPD,Mybster 2 GSP,N/A,N/A,GSP,132 / 33,58.446651,-3.4230933,ND 17033 51808,,"11629, 17831",2 x 120MVA,No,0.00,0.00,0.00,76.35,N/A,Green,,200kW,106.00,215.90,No,N/A,25.00,10.60,Red,Substation Thermal Capacity,,,,
S - NAIR - 01,S - NAIR - 01,Scotland / SHEPD,Nairn GSP,N/A,N/A,GSP,132 / 33,57.57667696,-3.848292004,NH 89567 55574,,"11587, 17930",2 x 60MVA,No,33.35,17.32,75.03,181.91,N/A,Red,Substation Thermal Capacity,200kW,1.64,180.02,No,N/A,25.00,10.32,Red,Substation Thermal Capacity,"Transmission works:
Replace both transformers with 120MVA units",Apr-27,,
S - NAIR - 02,S - NAIR - 02,Scotland / SHEPD,Ardersier Primary,Nairn GSP,N/A,Primary,33 / 11,57.57733403,-4.00037933,NH 80475 55905,,84526,2 x 5MVA,No,2.29,0.42,0.32,0.00,0.00,Red,Upstream Thermal Capacity,200kW,0.00,0.00,No,0.00,13.10,5.92,Red,Upstream Thermal Capacity,Reinforce the 33kV circuit 304 between Nairn GSP and the Ardisier Primary tee-off,Dec-26,,
S - NAIR - 03,S - NAIR - 03,Scotland / SHEPD,Dalcross Primary,Nairn GSP,N/A,Primary,33 / 11,57.53978838,-4.067532735,NH 76333 51847,,84530,2 x 7.5 / 15MVA,No,3.41,0.49,3.27,0.00,0.00,Red,Upstream Thermal Capacity,200kW,0.47,0.00,No,0.00,12.50,5.41,Red,Upstream Thermal Capacity,Reinforce the 33kV circuit 304 between Nairn GSP and the Ardisier Primary tee-off,Dec-26,,
S - NAIR - 04,S - NAIR - 04,Scotland / SHEPD,Forres Primary,Nairn GSP,N/A,Primary,33 / 11,57.61441679,-3.619257757,NJ 03362 59425,,84504,2 x 7.5 / 15MVA,No,10.14,1.80,2.07,0.00,0.00,Red,Upstream Thermal Capacity,200kW,1.07,0.06,No,0.00,13.10,5.91,Red,Upstream Thermal Capacity,Reinforce the 33kV circuits 303 and 306 between Nairn GSP and Forres Primary,Jun-32,Replace both transformers with 20 / 40MVA units,Jun-32
S - NAIR - 05,S - NAIR - 05,Scotland / SHEPD,Lethen Primary,Nairn GSP,N/A,Primary,33 / 11,57.53442952,-3.800376186,NH 92307 50795,,84502,1 x 4MVA,Yes,1.72,0.26,0.26,0.00,0.00,Red,Substation Thermal Capacity & Upstream Thermal Capacity,200kW,0.09,0.00,No,0.00,13.10,2.67,Red,Upstream Thermal Capacity,Reinforce the 33kV circuits 303 and 306 between Nairn GSP and Forres Primary,Jun-32,,
S - NAIR - 06,S - NAIR - 06,Scotland / SHEPD,Nairn Central Primary,Nairn GSP,N/A,Primary,33 / 11,57.58288953,-3.866509946,NH 88496 56295,,84516,2 x 7.5 / 15MVA,No,9.60,2.13,3.16,0.00,0.00,Red,Upstream Thermal Capacity,200kW,0.00,0.71,No,0.00,13.10,8.13,Red,Upstream Thermal Capacity,,,,
S - ORRI - 01,S - ORRI - 01,Scotland / SHEPD,Orrin GSP,N/A,N/A,GSP,132 / 33,57.553801,-4.6160468,NH 43566 54539,,18130,1 x 60MVA,Yes,0.00,0.00,0.00,0.00,N/A,Green,,200kW,40.00,0.00,No,N/A,25.00,8.25,Green,,,,,
S - PEHG - 01,S - PEHG - 01,Scotland / SHEPD,Peterhead Grange GSP,N/A,N/A,GSP,132 / 33,57.50869061,-1.805750919,NK 11738 46516,,"11047, 18330",2 x 45MVA,No,33.80,8.03,117.15,100.69,N/A,Red,Substation Thermal Capacity,200kW,29.31,201.28,Yes,N/A,13.10,10.59,Red,Substation Thermal Capacity,,,,
S - PEHG - 02,S - PEHG - 02,Scotland / SHEPD,Peterhead Grange Primary,Peterhead Grange GSP,N/A,Primary,33 / 11,57.50869061,-1.805750919,NK 11738 46516,,84700,2 x 12 / 24MVA,No,12.09,2.54,6.00,0.00,0.00,Red,Upstream Thermal Capacity,200kW,0.81,0.91,Yes,0.00,13.10,8.44,Red,Upstream Thermal Capacity,,,,
S - PEHG - 03,S - PEHG - 03,Scotland / SHEPD,Peterhead North Street Primary,Peterhead Grange GSP,N/A,Primary,33 / 11,57.508074,-1.776852,NK1347046453,,84702,2 x 12 / 24MVA,No,15.33,2.21,4.15,0.00,0.00,Red,Upstream Thermal Capacity,200kW,0.00,0.53,Yes,0.00,13.10,10.23,Red,Upstream Thermal Capacity,,,,
S - PEHS - 01,S - PEHS - 01,Scotland / SHEPD,Peterhead Shell GSP,N/A,N/A,GSP,132 / 11,57.47450862,-1.800652632,NK 12055 42712,,10483,1 x 15MVA,Yes,8.88,6.05,0.00,0.00,N/A,Red,Substation Thermal Capacity,200kW,0.00,0.00,No,N/A,18.40,11.85,Green,,,,,
S - PEHS - 02,S - PEHS - 02,Scotland / SHEPD,Boddam Primary,Peterhead Shell GSP,N/A,Primary,33 / 11,57.47270916,-1.797929752,NK 12219 42512,,84801,1 x 7.5 / 15MVA,Yes,7.14,1.17,1.41,0.00,0.00,Red,Substation Thermal Capacity & Upstream Thermal Capacity & Upstream Voltage Constraint,200kW,0.00,0.05,No,7.30,13.10,11.76,Green,,,,,
S - PERS - 01,S - PERS - 01,Scotland / SHEPD,Persley GSP,N/A,N/A,GSP,132 / 33,57.17421725,-2.138061287,NJ 91751 09273,,"11583, 18430",2 x 90MVA,No,41.36,18.34,17.01,0.00,N/A,Green,,200kW,5.89,113.88,No,N/A,26.20,11.82,Green,,,,,
S - PERS - 02,S - PERS - 02,Scotland / SHEPD,Bridge of Don Primary,Persley GSP,N/A,Primary,33 / 11,57.18244026,-2.098743339,NJ 94130 10184,,84607,2 x 7.5 / 15MVA,No,13.50,2.50,6.33,0.00,5.08,Green,,200kW,3.89,0.26,No,11.46,25.00,8.71,Green,,Replace the 33kV circuits between Persley GSP and Bridge of Don Primary,Feb-29,,
S - PERS - 03,S - PERS - 03,Scotland / SHEPD,Haudagain Primary,Persley GSP,N/A,Primary,33 / 11,57.17234805,-2.143450493,NJ 91425 09066,,84619,2 x 10 / 20MVA,No,6.51,1.59,3.38,0.00,10.31,Green,,200kW,0.00,0.13,No,18.94,25.00,8.23,Green,,,,,
S - PERS - 04,S - PERS - 04,Scotland / SHEPD,St Machar Primary,Persley GSP,N/A,Primary,33 / 11,57.16372426,-2.107708797,NJ 93584 08102,,84603,2 x 12 / 24MVA,No,7.65,1.10,0.18,0.00,15.14,Green,,200kW,2.00,0.19,No,19.89,25.00,8.35,Green,,,,,
S - PERS - 05,S - PERS - 05,Scotland / SHEPD,Stoneywood (T1 & T2) Primary,Persley GSP,N/A,Primary,33 / 11,57.19041702,-2.178921149,NJ 89285 11082,,82401,2 x 12 / 24MVA,No,8.95,1.29,0.46,0.00,14.05,Green,,200kW,0.00,0.00,No,22.27,18.40,10.00,Green,,Reinforce the 33kV circuits between Persley and Stoneywood (T1 & T2),Mar-30,,
S - PERS - 06,S - PERS - 06,Scotland / SHEPD,Whitestripes Primary,Persley GSP,N/A,Primary,33 / 11,57.19023284,-2.119943953,NJ 92850 11054,,84611,2 x 7.5 / 15MVA,No,7.00,1.51,6.67,0.00,2.27,Green,,200kW,0.00,0.00,No,14.62,13.10,8.16,Green,,,,,
S - PORA - 01,S - PORA - 01,Scotland / SHEPD,Port Ann GSP,N/A,N/A,GSP,132 / 33,56.02833622,-5.356730531,NR 90938 86799,,"11591, 18530",2 x 30MVA,No,33.63,11.71,9.91,0.00,N/A,Red,Substation Thermal Capacity,200kW,35.69,105.77,No,N/A,25.00,9.48,Red,Substation Thermal Capacity,"Transmission works:
Establish the replacement GSP Craig Murrail with 2 x 120MVA units",Apr-28,"Establish 2 new 33kV circuits between Carradale 2 GSP and a new 33kV switchboard at Port Ellen. Install 1 x 4MVAr STATCOM and 1 x 8MVAr STATCOM at Port Ellen and transfer Bowmore, Port Askaig and Port Ellen Primaries from port Ann GSP to Carradale 2 GSP",Dec-27
S - PORA - 02,S - PORA - 02,Scotland / SHEPD,Airigh-Na-Brodaig Primary,Port Ann GSP,N/A,Primary,33 / 11,55.91839829,-5.42869682,NR 85849 74792,,84942,1 x 0.315MVA,Yes,0.03,0.00,0.00,0.00,0.00,Red,Upstream Thermal Capacity & Upstream Voltage Constraint,200kW,0.00,0.00,No,0.00,N/A,0.31,Red,Upstream Thermal Capacity,Reinforce the 33kV circuit between Lochgilphead and Airigh-Na-Brodaig Primaries,Dec-27,,
S - PORA - 03,S - PORA - 03,Scotland / SHEPD,Bowmore Primary,Port Ann GSP,N/A,Primary,33 / 11,55.76080712,-6.273310594,NR 32021 60211,,84928,2 x 4 / 8MVA,No,2.86,0.41,0.84,0.00,0.00,Red,Upstream Thermal Capacity & Upstream Voltage Constraint,200kW,5.70,0.00,No,0.00,13.10,1.64,Red,Upstream Thermal Capacity,"Establish 2 new 33kV circuits between Carradale 2 GSP and a new 33kV switchboard at Port Ellen. Install 1 x 4MVAr STATCOM and 1 x 8MVAr STATCOM at Port Ellen and transfer Bowmore, Port Askaig and Port Ellen Primaries from port Ann GSP to Carradale 2 GSP

Reinforce the 33kV circuits 301 - 308 between Port Askaig and Bowmore Primaries (Dec-27)",Dec-27,,
S - PORA - 04,S - PORA - 04,Scotland / SHEPD,Crinan Primary,Port Ann GSP,N/A,Primary,33 / 11,56.07301117,-5.54255222,NR 79620 92347,,84915,1 x 1MVA,Yes,0.89,0.13,0.08,0.00,0.00,Red,Upstream Thermal Capacity & Upstream Voltage Constraint,200kW,0.00,0.00,No,0.00,8.00,1.05,Red,Upstream Thermal Capacity,,,,
S - PORA - 05,S - PORA - 05,Scotland / SHEPD,Cromalt Primary,Port Ann GSP,N/A,Primary,33 / 11,56.223619,-5.0922433,NN0838707753,,84952,1 x 2.5MVA,Yes,0.80,0.14,0.00,0.00,0.00,Red,Upstream Thermal Capacity,200kW,0.00,0.00,No,0.00,25.00,1.47,Red,Upstream Thermal Capacity,,,Replace the existing transformer with a 4MVA unit,Mar-30
S - PORA - 06,S - PORA - 06,Scotland / SHEPD,Inverneil Primary,Port Ann GSP,N/A,Primary,33 / 11,55.96983902,-5.450221694,NR 84790 80580,,84907,1 x 6.3MVA,Yes,0.74,0.11,0.06,0.00,0.00,Red,Upstream Thermal Capacity & Upstream Voltage Constraint,200kW,0.10,0.00,No,0.00,13.10,3.33,Red,Upstream Thermal Capacity,Reinforce the 33kV circuit between Lochgilphead and Airigh-Na-Brodaig Primaries,Dec-27,,
S - PORA - 07,S - PORA - 07,Scotland / SHEPD,Lochgilphead Primary,Port Ann GSP,N/A,Primary,33 / 11,56.04029755,-5.435611766,NR 86092 88371,,84911,2 x 12 / 24MVA,No,6.48,0.93,1.28,0.00,0.00,Red,Upstream Thermal Capacity & Upstream Voltage Constraint,200kW,0.00,0.17,No,0.00,13.10,7.29,Red,Upstream Thermal Capacity,,,,
S - PORA - 08,S - PORA - 08,Scotland / SHEPD,Lussagiven Primary,Port Ann GSP,N/A,Primary,33 / 11,56.01555055,-5.796680093,NR 63461 86798,,84918,1 x 0.1MVA,Yes,0.06,0.01,0.00,0.00,0.00,Red,Upstream Thermal Capacity & Upstream Voltage Constraint,200kW,0.00,0.00,No,0.00,N/A,0.10,Red,Upstream Thermal Capacity,,,,
S - PORA - 09,S - PORA - 09,Scotland / SHEPD,Port Askaig Primary,Port Ann GSP,N/A,Primary,33 / 11,55.8434053,-6.121552162,NR 42082 68818,,84925,2 x 2.5MVA,No,1.21,0.35,1.16,0.00,0.00,Red,Substation Thermal Capacity & Upstream Thermal Capacity & Upstream Voltage Constraint,200kW,0.00,0.00,No,0.00,12.00,1.38,Red,Upstream Thermal Capacity,"Establish 2 new 33kV circuits between Carradale 2 GSP and a new 33kV switchboard at Port Ellen. Install 1 x 4MVAr STATCOM and 1 x 8MVAr STATCOM at Port Ellen and transfer Bowmore, Port Askaig and Port Ellen Primaries from port Ann GSP to Carradale 2 GSP (Dec-27)

Reinforce the 33kV circuits 301 - 308 between Port Askaig and Bowmore Primaries (Dec-27)

Install a new 33kV circuit between Port Ann GSP and Knocklearoch Switching Station ",Dec-32,,
S - PORA - 10,S - PORA - 10,Scotland / SHEPD,Port Ellen Primary,Port Ann GSP,N/A,Primary,33 / 11,55.63153646,-6.188639497,NR 36459 45513,,84930,1 x 4MVA,Yes,3.49,0.60,3.19,0.00,0.00,Red,Substation Thermal Capacity & Upstream Thermal Capacity & Upstream Voltage Constraint,200kW,0.31,0.00,No,0.00,13.10,1.14,Red,Upstream Thermal Capacity,"Establish 2 new 33kV circuits between Carradale 2 GSP and a new 33kV switchboard at Port Ellen. Install 1 x 4MVAr STATCOM and 1 x 8MVAr STATCOM at Port Ellen and transfer Bowmore, Port Askaig and Port Ellen Primaries from port Ann GSP to Carradale 2 GSP",Dec-27,,
S - PORA - 11,S - PORA - 11,Scotland / SHEPD,Stonefield Primary,Port Ann GSP,N/A,Primary,33 / 11,55.90609552,-5.421289678,NR 86244 73400,,84955,1 x 0.315MVA,Yes,0.02,0.00,0.00,0.00,0.00,Red,Upstream Thermal Capacity & Upstream Voltage Constraint,200kW,0.00,0.00,No,0.00,N/A,0.30,Red,Upstream Thermal Capacity,Reinforce the 33kV circuit between Lochgilphead and Airigh-Na-Brodaig Primaries,Dec-27,,
S - PORA - 12,S - PORA - 12,Scotland / SHEPD,"Tarbert, Jura Primary",Port Ann GSP,N/A,Primary,33 / 11,55.97258186,-5.839106357,NR 60552 82166,,84921,1 x 0.315MVA,Yes,0.01,0.00,0.09,0.00,0.00,Red,Upstream Thermal Capacity & Upstream Voltage Constraint,200kW,0.00,0.00,No,0.00,N/A,0.30,Red,Upstream Thermal Capacity,,,,
S - PORA - 13,S - PORA - 13,Scotland / SHEPD,"Tarbert, Loch Fyne Primary",Port Ann GSP,N/A,Primary,33 / 11,55.86184998,-5.421244577,NR 86003 68479,,"81140, 84900",2 x 2.5MVA,No,2.09,0.30,1.69,0.00,0.00,Red,Upstream Thermal Capacity & Upstream Voltage Constraint,200kW,0.00,0.00,No,0.00,25.00,1.69,Red,Upstream Thermal Capacity,Reinforce the 33kV circuit between Lochgilphead and Airigh-Na-Brodaig Primaries,Dec-27,,
S - QUOI - 01,S - QUOI - 01,Scotland / SHEPD,Quoich GSP,N/A,N/A,GSP,132 / 11,57.06265887,-5.123527363,NH 10703 01181,,10500,1 x 30MVA,Yes,1.90,0.18,0.02,0.00,N/A,Green,,200kW,21.85,0.00,No,N/A,25.00,13.68,Green,,,,,
S - RANN - 01,S - RANN - 01,Scotland / SHEPD,Rannoch GSP,N/A,N/A,GSP,132 / 33,56.69323401,-4.400768172,NN 53072 58298,,"11599, 18731",2 x 90MVA,No,3.27,2.46,0.75,0.00,N/A,Green,,200kW,62.00,0.00,No,N/A,25.00,11.21,Green,,,,,
S - RANN - 02,S - RANN - 02,Scotland / SHEPD,Blackmount Primary,Rannoch GSP,N/A,Primary,33 / 11,56.53383786,-4.764672774,NN 30077 41404,,85007,1 x 0.05MVA,Yes,0.02,0.01,0.00,0.00,0.04,Green,,200kW,0.00,0.00,No,0.05,N/A,0.10,Green,,,,,
S - RANN - 03,S - RANN - 03,Scotland / SHEPD,Bridge of Gaur Primary,Rannoch GSP,N/A,Primary,33 / 11,56.68770448,-4.439547259,NN 50676 57767,,85020,1 x 1MVA,Yes,0.20,0.06,0.07,0.00,0.94,Green,,200kW,0.00,0.00,No,1.01,6.00,0.85,Green,,,,Replace the existing transformer with a 1MVA unit,Mar-29
S - RANN - 04,S - RANN - 04,Scotland / SHEPD,Kinloch Rannoch Primary,Rannoch GSP,N/A,Primary,33 / 11,56.69891189,-4.191141756,NN 65927 58500,,86225,1 x 2.5MVA,Yes,1.00,0.14,0.09,0.00,1.89,Green,,200kW,0.62,0.00,No,0.48,N/A,1.92,Green,,,,,
S - RANN - 05,S - RANN - 05,Scotland / SHEPD,Tyndrum Primary,Rannoch GSP,N/A,Primary,33 / 11,56.44022714,-4.712157917,NN 32894 30860,,85011,1 x 2.5MVA,Yes,1.04,0.15,0.48,0.00,0.39,Green,,200kW,0.56,0.00,No,1.20,20.00,1.34,Green,,,,,
S - REDM - 01,S - REDM - 01,Scotland / SHEPD,Redmoss GSP,N/A,N/A,GSP,132 / 33,57.10844593,-2.091586654,NJ 94551 01947,,"11588, 18830",2 x 60MVA,No,53.55,3.88,30.14,110.96,N/A,Red,Substation Thermal Capacity,200kW,77.55,132.12,No,N/A,25.00,12.73,Red,Substation Thermal Capacity,"Transmission works:
Replace both transformers with 120MVA units",Apr-31,,
S - REDM - 02,S - REDM - 02,Scotland / SHEPD,Craiginches Primary,Redmoss GSP,N/A,Primary,33 / 11,57.12772,-2.0893596,NJ9468904092,,85102,2 x 15 / 30MVA,No,11.79,1.93,1.90,0.00,0.00,Red,Upstream Thermal Capacity,200kW,0.00,0.54,No,0.00,21.90,8.60,Red,Upstream Thermal Capacity,,,,
S - REDM - 03,S - REDM - 03,Scotland / SHEPD,Kincorth Primary,Redmoss GSP,N/A,Primary,33 / 11,57.12017123,-2.093374349,NJ 94445 03252,,85120,2 x 10 / 12.5MVA,No,6.48,1.18,6.72,4.75,0.00,Red,Substation Thermal Capacity & Upstream Thermal Capacity,200kW,0.00,5.08,No,0.00,20.00,8.32,Red,Upstream Thermal Capacity,,,,
S - REDM - 04,S - REDM - 04,Scotland / SHEPD,Newtonhill Primary,Redmoss GSP,N/A,Primary,33 / 11,57.03387412,-2.163262489,NO 90190 93653,,85107,2 x 7.5 / 15MVA,No,10.02,2.28,6.81,0.00,0.00,Red,Substation Thermal Capacity & Upstream Thermal Capacity & Upstream Voltage Constraint,200kW,3.26,0.30,No,0.00,13.10,6.58,Red,Upstream Thermal Capacity,,,Replace both transformers with 15/30MVA units and replace the 11kV switchboard with 25kA break / 62.5kA make rated switchgear,Mar-29
S - REDM - 05,S - REDM - 05,Scotland / SHEPD,Redmoss Primary,Redmoss GSP,N/A,Primary,33 / 11,57.10819924,-2.091406503,NJ 94562 01919,,85117,2 x 20 / 40MVA,No,17.36,3.67,14.70,0.00,0.00,Red,Upstream Thermal Capacity,200kW,0.00,0.50,No,0.00,25.00,11.08,Red,Upstream Thermal Capacity,,,,
S - ROTI - 01,S - ROTI - 01,Scotland / SHEPD,Rothienorman GSP,N/A,N/A,GSP,400 / 33,57.40997,-2.5158676,NJ 69106 35627,,15030,2 x 120MVA,No,1.34,0.20,0.00,224.80,N/A,Green,,200kW,16.80,230.80,No,N/A,31.50,13.95,Red,Substation Thermal Capacity,,,Transfer existing embedded generation from both Keith 1 and Kintore GSP's alongside Insch Primary from Keith 1 GSP and both Fyvie and Methlick primaries from Kintore GSP,Mar-28
S - SFEG - 01,S - SFEG - 01,Scotland / SHEPD,St Fergus GSP,N/A,N/A,GSP,132 / 11,57.575107,-1.8548248,NK 08782 53903,,21350,2 x 30MVA,No,8.11,4.91,1.95,0.00,N/A,Green,,200kW,27.84,19.33,No,N/A,18.40,24.56,Red,Substation Fault Level,Complete the transfer between the existing St Fergus Gas Terminal GSP and the new St Fergus East GSP with 2 x 36MVA transformers,Nov-27,Replace the 11kV switchboard with with 25kA break / 62.5kA make switchgear,Nov-27
S - SFIL - 01,S - SFIL - 01,Scotland / SHEPD,St Fillans GSP,N/A,N/A,GSP,132 / 11,56.39545635,-4.123562129,NN 69020 24601,,10557,1 x 25MVA,Yes,5.82,0.76,0.65,0.00,N/A,Green,,200kW,26.98,0.00,No,N/A,31.50,13.30,Red,Substation Thermal Capacity,,,,
S - SFIL - 02,S - SFIL - 02,Scotland / SHEPD,Dalchonzie Primary,St Fillans GSP,N/A,Primary,33 / 11,56.37276914,-4.040374403,NN 74079 21921,,85302,1 x 6MVA,Yes,2.25,0.32,0.65,0.00,4.44,Green,,200kW,0.00,0.00,No,0.00,25.00,2.28,Red,Upstream Thermal Capacity,,,,
S - SHIN - 01,S - SHIN - 01,Scotland / SHEPD,Shin GSP,N/A,N/A,GSP,132 / 33,57.94354058,-4.413217726,NH 57246 97463,,"11580, 19130",2 x 90MVA,No,19.76,1.33,0.40,0.00,N/A,Green,,200kW,41.69,167.60,No,N/A,25.00,10.68,Red,Substation Thermal Capacity,"Transmission works:
Replace both 132 / 33 transformers with 120MVA units",Apr-31,,
S - SHIN - 02,S - SHIN - 02,Scotland / SHEPD,Gledfield Primary,Shin GSP,N/A,Primary,33 / 11,57.88459886,-4.381769668,NH 58876 90837,,85407,1 x 2.5MVA,Yes,0.99,0.18,0.38,0.00,1.73,Green,,200kW,0.08,0.00,No,0.00,13.10,1.86,Red,Upstream Thermal Capacity,,,,
S - SHIN - 03,S - SHIN - 03,Scotland / SHEPD,Shin Primary,Shin GSP,N/A,Primary,33 / 11,57.94353844,-4.413218021,NH 57246 97463,,85401,1 x 2.5MVA,Yes,0.45,0.06,0.02,0.00,2.49,Green,,200kW,0.00,0.00,No,0.00,18.40,2.07,Red,Upstream Thermal Capacity,,,,
S - SLOY - 01,S - SLOY - 01,Scotland / SHEPD,Sloy GSP,N/A,N/A,GSP,132 / 11,56.24505983,-4.730437906,NN 30906 09190,,"10552, 10553",2 x 50MVA,No,4.29,2.05,1.62,0.00,N/A,Green,,200kW,79.47,0.10,No,N/A,40.00,30.31,Green,,,,,
S - SPD- 01,S - SPD- 01,Scotland / SHEPD,Strathleven GSP,N/A,N/A,GSP,33 / 11,55.960875,-4.5616133,NS 40190 77170,Strathleven GSP is operated by Scottish Power Distribution who will charge separate connection offer expenses for applicable network studies. The stated headroom values cover only SSEN's circuits fed from Strathleven GSP and observed demand figures account for SSEN's load only,"11633, 41033",2 x 90MVA (Shared with SPEN),No,24.16,8.03,2.61,0.00,N/A,Green,,200kW,29.84,29.95,No,N/A,17.50,10.88,Red,Substation Thermal Capacity,,,,
S - SPD- 02,S - SPD- 02,Scotland / SHEPD,Aberfoyle Primary,Strathleven GSP,N/A,Primary,33 / 11,56.16732802,-4.365538221,NS 53215 99705,The upstream Strathleven GSP is operated by Scottish Power Distribution who will charge separate connection offer expenses for applicable network studies,85711,1 x 5MVA,Yes,2.24,0.32,0.38,0.00,3.46,Green,,200kW,1.60,0.00,No,0.00,13.10,3.15,Red,Upstream Thermal Capacity,Reinforce the 33kV circuit 304 between Strathleven GSP and the Blairlinnans Primary tee-off,Mar-30,,
S - SPD- 03,S - SPD- 03,Scotland / SHEPD,Blairlinnans Primary,Strathleven GSP,N/A,Primary,33 / 11,56.0324145,-4.558024724,NS 40709 85121,The upstream Strathleven GSP is operated by Scottish Power Distribution who will charge separate connection offer expenses for applicable network studies,85715,1 x 2.5MVA,Yes,0.54,0.08,0.07,0.00,2.37,Green,,200kW,0.19,0.93,No,0.00,13.10,1.90,Red,Substation Thermal Capacity & Upstream Thermal Capacity,Reinforce the 33kV circuit 304 between Strathleven GSP and the Blairlinnans Primary tee-off,Mar-30,,
S - SPD- 04,S - SPD- 04,Scotland / SHEPD,Drymen Primary,Strathleven GSP,N/A,Primary,33 / 11,56.06101811,-4.434859102,NS 48494 88026,The upstream Strathleven GSP is operated by Scottish Power Distribution who will charge separate connection offer expenses for applicable network studies,85714,1 x 6MVA,Yes,2.62,0.38,0.53,0.00,4.15,Green,,200kW,1.24,0.00,No,0.00,13.10,3.74,Red,Substation Thermal Capacity & Upstream Thermal Capacity,,,Replace the existing transformer with a 7.5 / 15MVA unit,Jun-27
S - SPD- 05,S - SPD- 05,Scotland / SHEPD,Kepculloch Primary,Strathleven GSP,N/A,Primary,33 / 11,56.09475531,-4.350638483,NS 53864 91598,The upstream Strathleven GSP is operated by Scottish Power Distribution who will charge separate connection offer expenses for applicable network studies,85712,2 x 5MVA,No,3.09,0.44,1.18,0.00,2.31,Green,,200kW,0.56,0.02,No,0.00,13.10,5.22,Red,Upstream Thermal Capacity,Reinforce the 33kV circuit 304 between Strathleven GSP and the Blairlinnans Primary tee-off,Mar-30,Replace the existing transformers with a 7.5 / 15MVA units,Mar-30
S - SPD- 06,S - SPD- 06,Scotland / SHEPD,Killearn Primary,Strathleven GSP,N/A,Primary,33 / 11,56.05051479,-4.38891376,NS 51313 86758,The upstream Strathleven GSP is operated by Scottish Power Distribution who will charge separate connection offer expenses for applicable network studies,85718,1 x 5MVA,Yes,1.96,0.28,0.46,0.00,3.67,Green,,200kW,0.10,0.00,No,0.00,13.10,3.69,Red,Upstream Thermal Capacity,Reinforce the 33kV circuit 304 between Strathleven GSP and the Blairlinnans Primary tee-off,Mar-30,Replace the existing transformer with a 7.5 / 15MVA unit,Jun-27
S - SPD- 07,S - SPD- 07,Scotland / SHEPD,Dumfin 11kV Network,N/A,N/A,Primary,11,56.024445,-4.671818,NS 33586 84503,"SSEN only operate 11kV network in the Dumfin area which is fed from Scottish Power Distribution's Craigendoran Primary, SPD will charge separate connection offer expenses for applicable network studies. The stated headroom values cover only SSEN's circuits and further limitations may apply on the SPD network",N/A,N/A,N/A,1.29,0.49,0.35,0.00,4.19,Green,,200kW,0.00,0.00,No,0.49,N/A,N/A,Green,,,,,
S - STRI - 01,S - STRI - 01,Scotland / SHEPD,Strichen GSP,N/A,N/A,GSP,132 / 33,57.5860943,-2.06981782,NJ 95925 55119,,"11617, 19530",2 x 90MVA,No,19.28,1.41,52.72,103.20,N/A,Green,,200kW,35.60,188.05,Yes,N/A,16.00,10.80,Red,Substation Thermal Capacity,,,,
S - STRI - 02,S - STRI - 02,Scotland / SHEPD,Hatton Primary,Strichen GSP,N/A,Primary,33 / 11,57.42643973,-1.894396039,NK 06441 37348,,85813,2 x 6.3MVA,No,3.18,0.46,0.24,0.00,0.00,Red,Upstream Voltage Constraint,200kW,0.49,0.36,Yes,0.00,13.10,5.05,Red,Upstream Thermal Capacity,,,,
S - STRI - 03,S - STRI - 03,Scotland / SHEPD,Maud Primary,Strichen GSP,N/A,Primary,33 / 11,57.51753255,-2.126389271,NJ 92528 47491,,85817,2 x 4 / 8MVA,No,3.24,0.47,0.32,0.00,0.00,Red,Upstream Voltage Constraint,200kW,1.33,0.00,Yes,0.00,13.10,6.23,Red,Upstream Thermal Capacity,Reinforce the 33kV circuits 302 and 303 between Strichen GSP and the Mintlaw and Maud primaries. Establish new 33kV switchboards at both Primary substations,May-30,,
S - STRI - 04,S - STRI - 04,Scotland / SHEPD,Mintlaw Primary,Strichen GSP,N/A,Primary,33 / 11,57.52811333,-1.986678526,NK 00897 48662,,85807,2 x 7.5 / 15MVA,No,6.39,0.92,2.23,0.00,0.00,Red,Upstream Voltage Constraint,200kW,3.47,0.09,Yes,0.00,13.10,6.53,Red,Upstream Thermal Capacity,Reinforce the 33kV circuits 302 and 303 between Strichen GSP and the Mintlaw and Maud primaries. Establish new 33kV switchboards at both Primary substations,May-30,,
S - STRI - 05,S - STRI - 05,Scotland / SHEPD,New Pitsligo Primary,Strichen GSP,N/A,Primary,33 / 11,57.58357237,-2.193488093,NJ 88529 54853,,85802,2 x 2.5MVA,No,2.09,0.30,0.09,0.00,1.10,Green,,200kW,2.74,0.00,Yes,0.00,13.10,5.23,Red,Upstream Thermal Capacity,,,Replace the existing transformers with 6.3MVA units,Feb-26
S - STRI - 06,S - STRI - 06,Scotland / SHEPD,Stoneyhill Primary,Strichen GSP,N/A,Primary,33 / 11,57.460364,-1.8729929,NK 07719 41127,,85823,1 x 5MVA,Yes,2.15,0.31,0.00,0.00,3.75,Green,,200kW,1.94,0.00,Yes,0.00,N/A,3.07,Red,Substation Thermal Capacity & Upstream Thermal Capacity,,,,
S - STRI - 07,S - STRI - 07,Scotland / SHEPD,Strichen Primary,Strichen GSP,N/A,Primary,33 / 11,57.58625307,-2.070237189,NJ 95900 55137,,85804,2 x 10MVA,No,4.03,0.58,0.49,0.00,5.68,Green,,200kW,7.03,0.65,Yes,0.00,13.10,10.31,Red,Upstream Thermal Capacity,,,,
S - TARL - 01,S - TARL - 01,Scotland / SHEPD,Tarland GSP,N/A,N/A,GSP,132 / 33,57.15194466,-2.78727408,NJ 52468 07060,,"11590, 21430",2 x 30MVA,No,18.53,3.92,5.96,52.53,N/A,Green,,200kW,28.65,102.30,No,N/A,25.00,7.13,Red,Substation Thermal Capacity,,,,
S - TARL - 02,S - TARL - 02,Scotland / SHEPD,Aboyne Primary,Tarland GSP,N/A,Primary,33 / 11,57.0769512,-2.792610183,NO 52048 98716,,86704,2 x 7.5 / 15MVA,No,6.30,0.91,1.65,0.00,0.00,Red,Upstream Voltage Constraint,200kW,0.00,0.00,No,0.00,25.00,5.44,Red,Upstream Thermal Capacity,"Establish a new Primary substation in the Ruthven area including a 8MVA transformer (Jan-29)

Separate Aboyne Primary from the Tarland 33kV ring via 2 new 33kV circuits, replace the 33kV switchgear at Ballater Primary to allow the connection of 2 x 4MVAr STATCOMs and establish a new Primary substation in Braemar including 2 x 6.3MVA transformers",Jan-30,,
S - TARL - 03,S - TARL - 03,Scotland / SHEPD,Ballater Primary,Tarland GSP,N/A,Primary,33 / 11,57.06097075,-3.031462748,NO 37542 97131,,86708,2 x 7.5 / 15MVA,No,5.83,0.84,0.94,0.00,0.00,Red,Upstream Voltage Constraint,200kW,2.00,0.00,No,0.00,16.00,4.73,Red,Upstream Thermal Capacity,"Establish a new Primary substation in the Ruthven area including a 8MVA transformer (Jan-29)

Separate Aboyne Primary from the Tarland 33kV ring via 2 new 33kV circuits, replace the 33kV switchgear at Ballater Primary to allow the connection of 2 x 4MVAr STATCOMs and establish a new Primary substation in Braemar including 2 x 6.3MVA transformers",Jan-30,,
S - TARL - 04,S - TARL - 04,Scotland / SHEPD,Mossat Primary,Tarland GSP,N/A,Primary,33 / 11,57.26669947,-2.872595228,NJ 47470 19897,,86711,2 x 2.5MVA,No,1.69,0.24,2.09,0.00,0.14,Red,Substation Thermal Capacity,200kW,0.21,0.00,No,0.00,16.00,2.64,Red,Upstream Thermal Capacity,Reinforce the 33kV circuit 304 between Tarland GSP and Strathdon Primary,Jun-27,Replace both transformers with 8MVA units,Mar-29
S - TARL - 05,S - TARL - 05,Scotland / SHEPD,Strathdon Primary,Tarland GSP,N/A,Primary,33 / 11,57.19362932,-3.03844321,NJ 37343 11904,,86715,1 x 2.5MVA,Yes,0.93,0.13,0.17,0.00,1.92,Green,,200kW,0.08,0.00,No,0.00,13.10,1.62,Red,Upstream Thermal Capacity,Reinforce the 33kV circuit 304 between Tarland GSP and Strathdon Primary,Jun-27,,
S - TARL - 06,S - TARL - 06,Scotland / SHEPD,Whitehouse Primary,Tarland GSP,N/A,Primary,33 / 11,57.2246438,-2.636624199,NJ 61658 15058,,86717,2 x 4 / 8MVA,No,4.35,0.63,1.11,0.00,2.76,Green,,200kW,0.00,2.40,No,0.00,13.10,4.26,Red,Upstream Thermal Capacity,Reinforce the 33kV circuit 303 between Tarland GSP and Whitehouse Primary,,,
S - TAYN - 01,S - TAYN - 01,Scotland / SHEPD,Taynuilt GSP,N/A,N/A,GSP,132 / 33,56.43005877,-5.214059879,NN 01911 31063,,"11614, 19730",2 x 90MVA,No,33.15,8.03,13.16,52.53,N/A,Green,,200kW,70.44,216.67,No,N/A,25.00,10.39,Red,Substation Thermal Capacity,,,,
S - TAYN - 02,S - TAYN - 02,Scotland / SHEPD,Barcaldine Primary,Taynuilt GSP,N/A,Primary,33 / 11,56.52741383,-5.312665588,NM 96356 42181,,85910,1 x 7.5 / 15MVA,Yes,3.86,1.18,2.01,0.00,3.49,Green,,200kW,2.90,0.52,No,0.00,13.10,3.57,Red,Substation Thermal Capacity & Upstream Thermal Capacity,,,,
S - TAYN - 03,S - TAYN - 03,Scotland / SHEPD,Connel Primary,Taynuilt GSP,N/A,Primary,33 / 11,56.45152046,-5.389545484,NM 91213 33970,,85912,1 x 4MVA,Yes,1.56,0.22,0.89,0.00,0.00,Red,Upstream Voltage Constraint,200kW,0.10,0.00,No,0.00,13.10,4.20,Red,Upstream Thermal Capacity,,,,
S - TAYN - 04,S - TAYN - 04,Scotland / SHEPD,Dalmally Primary,Taynuilt GSP,N/A,Primary,33 / 11,56.39850043,-4.99049874,NN 15538 26930,,85955,1 x 1MVA,Yes,0.09,0.01,0.01,0.00,1.08,Green,,200kW,0.00,0.00,No,0.00,N/A,0.90,Red,Upstream Thermal Capacity,,,,
S - TAYN - 05,S - TAYN - 05,Scotland / SHEPD,Dalmally School Primary,Taynuilt GSP,N/A,Primary,33 / 11,56.400945,-4.9629624,NN 17249 27128,,N/A,1 x 0.315MVA,Yes,0.31,0.04,0.00,0.00,0.07,Green,,200kW,0.00,0.00,No,0.00,N/A,N/A,Red,Upstream Thermal Capacity,,,,
S - TAYN - 06,S - TAYN - 06,Scotland / SHEPD,Dervaig Primary,Taynuilt GSP,N/A,Primary,33 / 11,56.58204098,-6.195863846,NM 42441 51227,,85939,1 x 4 / 8MVA,Yes,3.40,0.49,0.55,0.00,0.00,Red,Upstream Voltage Constraint,200kW,4.91,0.00,No,0.00,13.10,1.64,Red,Substation Thermal Capacity & Upstream Thermal Capacity,"Reinforce the 33kV circuits 305 and 306 between Taynuilt GSP and Tullich Switching Station (Aug-26)

Install 3 x 2MVAr STATCOMs at Dervaig Primary",Sep-31,,
S - TAYN - 07,S - TAYN - 07,Scotland / SHEPD,Eredine Primary,Taynuilt GSP,N/A,Primary,33 / 11,56.23351557,-5.274534063,NM 97142 09376,,85972,1 x 0.2MVA,Yes,0.04,0.01,0.00,0.00,0.19,Green,,200kW,0.00,0.00,No,0.00,N/A,0.21,Red,Upstream Thermal Capacity,,,,
S - TAYN - 08,S - TAYN - 08,Scotland / SHEPD,Kenmore Primary,Taynuilt GSP,N/A,Primary,33 / 11,56.45611357,-5.242003001,NN 00325 34042,,85908,1 x 1.5MVA,Yes,0.13,0.02,0.00,0.00,1.64,Green,,200kW,0.95,0.00,No,0.00,12.00,1.42,Red,Substation Thermal Capacity & Upstream Thermal Capacity,,,,
S - TAYN - 09,S - TAYN - 09,Scotland / SHEPD,Kerrera Primary,Taynuilt GSP,N/A,Primary,33 / 11,56.39394608,-5.528242181,NM 82340 27997,,85926,1 x 0.3MVA,Yes,0.06,0.01,0.00,0.00,0.00,Red,Upstream Voltage Constraint,200kW,0.00,0.00,No,0.00,N/A,0.30,Red,Upstream Thermal Capacity,Reinforce the 33kV circuits 305 and 306 between Taynuilt GSP and Tullich Switching Station,Aug-26,,
S - TAYN - 10,S - TAYN - 10,Scotland / SHEPD,Kilchrenan Primary,Taynuilt GSP,N/A,Primary,33 / 11,56.36588992,-5.183000649,NN 03495 23835,,85945,1 x 1MVA,Yes,0.73,0.10,0.05,0.00,0.43,Green,,200kW,0.33,0.00,No,0.00,13.10,1.01,Red,Upstream Thermal Capacity,,,,
S - TAYN - 11,S - TAYN - 11,Scotland / SHEPD,Kilmelford Primary,Taynuilt GSP,N/A,Primary,33 / 11,56.27313994,-5.489374565,NM 84056 14437,,85986,1 x 2MVA,Yes,2.93,0.42,0.32,0.00,0.00,Red,Substation Thermal Capacity,200kW,0.35,0.00,No,0.00,25.00,1.75,Red,Upstream Thermal Capacity,"Establish a new 33kV circuit between Tullich Switching Station and Kilmelford Primary, install 2 x 2MVAr STATCOM's in the vicinity of Kilmelford and establish a new Primary substation south of Kilmelford including a 4MVA transformer",Apr-34,Replace the existing transformer with a 6MVA unit,Apr-34
S - TAYN - 12,S - TAYN - 12,Scotland / SHEPD,Kilninver Primary,Taynuilt GSP,N/A,Primary,33 / 11,56.34274579,-5.512039314,NM 83049 22251,,85920,1 x 2.5MVA,Yes,1.91,0.27,0.31,0.00,0.86,Green,,200kW,0.10,0.08,No,0.00,8.00,1.76,Red,Upstream Thermal Capacity,,,,
S - TAYN - 13,S - TAYN - 13,Scotland / SHEPD,Kinloch Primary,Taynuilt GSP,N/A,Primary,33 / 11,56.37224043,-6.010304356,NM 52465 27215,,85935,1 x 2.5MVA,Yes,1.37,0.20,0.99,0.00,0.00,Red,Upstream Voltage Constraint,200kW,0.00,0.00,No,0.00,13.10,1.05,Red,Upstream Thermal Capacity,"Reinforce the 33kV circuits 305 and 306 between Taynuilt GSP and Tullich Switching Station (Aug-26)

Establish a new 33kV circuit between Lochdonhead and a new Primary substation in the Bunessan area including a 2.5MVA transformer, establish a 33kV circuit between this new Primary substation and Kinloch Primary",Apr-29,,
S - TAYN - 14,S - TAYN - 14,Scotland / SHEPD,Lochdonhead Primary,Taynuilt GSP,N/A,Primary,33 / 11,56.44453418,-5.686144507,NM 72902 34134,,85929,1 x 1MVA,Yes,0.85,0.19,0.06,0.00,0.00,Red,Upstream Voltage Constraint,200kW,0.00,0.00,No,0.00,18.40,0.93,Red,Upstream Thermal Capacity,Reinforce the 33kV circuits 305 and 306 between Taynuilt GSP and Tullich Switching Station,Aug-26,,
S - TAYN - 15,S - TAYN - 15,Scotland / SHEPD,Oban Primary,Taynuilt GSP,N/A,Primary,33 / 11,56.4074857,-5.475934596,NM 85643 29338,,85916,2 x 12 / 24MVA,No,13.32,3.54,5.54,0.00,0.00,Red,Upstream Thermal Capacity & Upstream Voltage Constraint,200kW,0.00,0.00,No,0.00,20.00,6.66,Red,Upstream Thermal Capacity,"Reinforce the 33kV circuits 305 and 306 between Taynuilt GSP and Tullich Switching Station (Aug-26)

Reinforce the 33kV circuits between Tullich Switching Station and Oban Primary",Aug-27,,
S - TAYN - 16,S - TAYN - 16,Scotland / SHEPD,"Salen, Acharacle Primary",Taynuilt GSP,N/A,Primary,33 / 11,56.51484392,-5.947518111,NM 57252 42849,,"85936, 85990",2 x 6.3MVA,No,1.97,0.40,1.09,0.00,0.00,Red,Upstream Voltage Constraint,200kW,0.00,0.00,No,0.00,13.10,2.32,Red,Upstream Thermal Capacity,Reinforce the 33kV circuits 305 and 306 between Taynuilt GSP and Tullich Switching Station,Aug-26,,
S - TAYN - 17,S - TAYN - 17,Scotland / SHEPD,Scammadale Primary,Taynuilt GSP,N/A,Primary,33 / 11,56.31984388,-5.491199987,NM 84207 19638,,85923,1 x 0.1MVA,Yes,0.05,0.02,0.00,0.00,0.06,Green,,200kW,0.00,0.00,No,0.00,N/A,0.10,Red,Upstream Thermal Capacity,,,,
S - TAYN - 18,S - TAYN - 18,Scotland / SHEPD,Taynuilt Primary,Taynuilt GSP,N/A,Primary,33 / 11,56.43018243,-5.214968866,NN 01856 31079,,85902,2 x 2.5MVA,No,1.06,0.15,0.26,0.00,1.48,Green,,200kW,0.00,0.00,No,0.00,25.00,4.32,Red,Upstream Thermal Capacity,,,,
S - TAYN - 19,S - TAYN - 19,Scotland / SHEPD,Tiroran Bridge Primary,Taynuilt GSP,N/A,Primary,33 / 11,56.38380897,-6.073100302,NM 48666 28729,,85933,1 x 0.2MVA,Yes,0.03,0.01,0.00,0.00,0.00,Red,Upstream Voltage Constraint,200kW,0.00,0.00,No,0.00,N/A,0.19,Red,Upstream Thermal Capacity,Reinforce the 33kV circuits 305 and 306 between Taynuilt GSP and Tullich Switching Station,Aug-26,,
S - THSO - 01,S - THSO - 01,Scotland / SHEPD,Thurso South GSP,N/A,N/A,GSP,132 / 33,58.57403542,-3.511703759,ND 12180 66102,Note that the lower TIA threshold of 50kW applies to any generation application on any of the Orkney Islands,"11598, 19930",2 x 120MVA,No,45.30,19.41,52.27,222.95,N/A,Green,,200kW,129.98,380.45,No,N/A,17.50,11.99,Red,Substation Thermal Capacity,"Transmission works:
Establish the new GSP Finstown with 2 x 90MVA transformers",Jun-29,"On completion of the new GSP Finstown Burgar Hill, Rousay, Westray, Eday, Eday Tidal, Sanday, Stronsay, Shapinsay, Kirkwall and St Mary's Primaries will all be transferred from Thurso South GSP to Finstown GSP",Jun-29
S - THSO - 02,S - THSO - 02,Scotland / SHEPD,Burgar Hill Primary,Thurso South GSP,N/A,Primary,33 / 11,59.1164807,-3.146725438,HY 34441 26078,,86109,1 x 8MVA,Yes,2.86,0.41,0.09,0.00,0.00,Red,Substation Thermal Capacity & Upstream Thermal Capacity,200kW,0.00,0.00,No,0.00,13.10,3.47,Red,Upstream Thermal Capacity,"On completion of the new GSP Finstown Burgar Hill, Rousay, Westray, Eday, Eday Tidal, Sanday, Stronsay, Shapinsay, Kirkwall and St Mary's Primaries will all be transferred from Thurso South GSP to Finstown GSP",Jun-29,,
S - THSO - 03,S - THSO - 03,Scotland / SHEPD,Eday Primary,Thurso South GSP,N/A,Primary,33 / 11,59.18524174,-2.765759133,HY 56341 33422,,86116,1 x 2.5MVA,Yes,0.21,0.03,0.56,0.00,0.00,Red,Upstream Thermal Capacity,200kW,0.00,0.00,No,0.00,13.10,1.51,Red,Upstream Thermal Capacity,"On completion of the new GSP Finstown Burgar Hill, Rousay, Westray, Eday, Eday Tidal, Sanday, Stronsay, Shapinsay, Kirkwall and St Mary's Primaries will all be transferred from Thurso South GSP to Finstown GSP",Jun-29,,
S - THSO - 04,S - THSO - 04,Scotland / SHEPD,Eday Tidal Primary,Thurso South GSP,N/A,Primary,33 / 11,59.16614,-2.8023251,HY 54226 31320,,10626,1 x 4 / 8MVA,Yes,0.00,0.00,0.00,0.00,0.00,Red,Upstream Thermal Capacity,200kW,4.66,0.00,No,0.00,25.00,2.75,Red,Substation Thermal Capacity & Upstream Thermal Capacity,"On completion of the new GSP Finstown Burgar Hill, Rousay, Westray, Eday, Eday Tidal, Sanday, Stronsay, Shapinsay, Kirkwall and St Mary's Primaries will all be transferred from Thurso South GSP to Finstown GSP",Jun-29,,
S - THSO - 05,S - THSO - 05,Scotland / SHEPD,Flotta Primary,Thurso South GSP,N/A,Primary,33 / 11,58.83332532,-3.127310705,NC 94318 95432,,86136,1 x 2.5MVA,Yes,1.42,0.20,0.00,0.00,1.53,Green,,200kW,2.07,0.00,No,0.00,13.10,1.77,Red,Substation Thermal Capacity & Upstream Thermal Capacity,,,,
S - THSO - 06,S - THSO - 06,Scotland / SHEPD,Halkirk Primary,Thurso South GSP,N/A,Primary,33 / 11,58.50350582,-3.490380956,ND 13246 58223,,86017,1 x 2.5MVA,Yes,2.02,0.42,0.27,0.00,0.04,Red,Substation Thermal Capacity,200kW,0.00,0.00,No,0.00,20.00,1.93,Red,Upstream Thermal Capacity,,,Replace the existing transformer with 2 x 6.3MVA units,Dec-27
S - THSO - 07,S - THSO - 07,Scotland / SHEPD,Hastigrow Primary,Thurso South GSP,N/A,Primary,33 / 11,58.52886096,-3.262531335,ND 26576 60773,,86002,1 x 5MVA,Yes,2.75,0.40,0.45,0.00,0.00,Red,Substation Thermal Capacity,200kW,0.48,0.00,No,0.00,25.00,2.77,Red,Upstream Thermal Capacity,,,,
S - THSO - 08,S - THSO - 08,Scotland / SHEPD,Kirkwall Primary,Thurso South GSP,N/A,Primary,33 / 11,58.98242988,-2.964322658,HY 44669 10987,,"86124, 86125, 86142",2 x 12 / 24MVA,No,15.18,2.84,2.95,0.00,0.00,Red,Upstream Thermal Capacity,200kW,16.57,7.50,No,0.00,13.10,5.92,Red,Substation Thermal Capacity & Upstream Thermal Capacity,"On completion of the new GSP Finstown Burgar Hill, Rousay, Westray, Eday, Eday Tidal, Sanday, Stronsay, Shapinsay, Kirkwall and St Mary's Primaries will all be transferred from Thurso South GSP to Finstown GSP",Jun-29,,
S - THSO - 09,S - THSO - 09,Scotland / SHEPD,Lyness Primary,Thurso South GSP,N/A,Primary,33 / 11,58.83342642,-3.208218122,ND 30350 94625,,86133,1 x 1MVA,Yes,0.93,0.13,0.01,0.00,0.25,Green,,200kW,0.00,0.00,No,0.00,18.40,0.92,Red,Upstream Thermal Capacity,,,Replace the existing transformer with a 2.5MVA unit,Nov-26
S - THSO - 10,S - THSO - 10,Scotland / SHEPD,Mount Pleasant Primary,Thurso South GSP,N/A,Primary,33 / 11,58.58966698,-3.503341662,ND 12706 67832,,86011,1 x 7.5 / 15MVA,Yes,4.76,1.20,1.44,0.00,3.49,Green,,200kW,0.00,0.45,No,0.00,13.10,9.83,Red,Upstream Thermal Capacity,,,Install a second 7.5 / 15MVA transformer,Oct-26
S - THSO - 11,S - THSO - 11,Scotland / SHEPD,North Hoy Primary,Thurso South GSP,N/A,Primary,33 / 11,58.9037905,-3.29172617,HY 25681 02549,,86130,1 x 0.2MVA,Yes,0.08,0.02,0.00,0.00,0.16,Green,,200kW,0.00,0.00,No,0.00,N/A,0.20,Red,Upstream Thermal Capacity,,,,
S - THSO - 12,S - THSO - 12,Scotland / SHEPD,Ormlie Primary,Thurso South GSP,N/A,Primary,33 / 11,58.58546707,-3.536676358,ND 10757 67408,,86007,2 x 7.5 / 15MVA,Yes,4.20,0.61,0.81,0.00,9.87,Green,,200kW,0.21,0.00,No,0.00,13.10,11.06,Red,Upstream Thermal Capacity,,,,
S - THSO - 13,S - THSO - 13,Scotland / SHEPD,Rackwick Primary,Thurso South GSP,N/A,Primary,33 / 11,58.878639,-3.3857578,ND 20206 99857,,N/A,1 x 0.1MVA,Yes,0.02,0.01,0.00,0.00,0.10,Green,,200kW,0.00,0.00,No,0.00,N/A,N/A,Red,Upstream Thermal Capacity,,,,
S - THSO - 14,S - THSO - 14,Scotland / SHEPD,Rousay Primary,Thurso South GSP,N/A,Primary,33 / 11,59.15818701,-2.98312878,HY 43876 30573,,86112,1 x 2.5MVA,Yes,0.74,0.11,0.02,0.00,0.00,Red,Upstream Thermal Capacity,200kW,0.86,0.00,No,0.00,13.10,1.65,Red,Upstream Thermal Capacity,"On completion of the new GSP Finstown Burgar Hill, Rousay, Westray, Eday, Eday Tidal, Sanday, Stronsay, Shapinsay, Kirkwall and St Mary's Primaries will all be transferred from Thurso South GSP to Finstown GSP",Jun-29,,
S - THSO - 15,S - THSO - 15,Scotland / SHEPD,Sanday Primary,Thurso South GSP,N/A,Primary,33 / 11,59.20704043,-2.68143791,HY 61184 35797,,86118,1 x 1MVA,Yes,0.78,0.11,0.06,0.00,0.00,Red,Upstream Thermal Capacity,200kW,0.00,0.00,No,0.00,13.10,0.87,Red,Upstream Thermal Capacity,"On completion of the new GSP Finstown Burgar Hill, Rousay, Westray, Eday, Eday Tidal, Sanday, Stronsay, Shapinsay, Kirkwall and St Mary's Primaries will all be transferred from Thurso South GSP to Finstown GSP",Jun-29,"Replace the 33kV switchboard, reactor and replace the existing transformer with a 2.5MVA unit",Mar-26
S - THSO - 16,S - THSO - 16,Scotland / SHEPD,Shapinsay Primary,Thurso South GSP,N/A,Primary,33 / 11,59.03821123,-2.902372188,HY 48313 17148,,86122,1 x 2.5MVA,Yes,0.32,0.05,0.00,0.00,0.00,Red,Upstream Thermal Capacity,200kW,0.00,0.00,No,0.00,18.40,1.73,Red,Upstream Thermal Capacity,"On completion of the new GSP Finstown Burgar Hill, Rousay, Westray, Eday, Eday Tidal, Sanday, Stronsay, Shapinsay, Kirkwall and St Mary's Primaries will all be transferred from Thurso South GSP to Finstown GSP",Jun-29,,
S - THSO - 17,S - THSO - 17,Scotland / SHEPD,St Mary's Primary,Thurso South GSP,N/A,Primary,33 / 11,58.89660615,-2.922070115,HY 46965 01396,,86127,1 x 4MVA,Yes,4.44,0.64,0.30,0.00,0.00,Red,Substation Thermal Capacity & Upstream Thermal Capacity,200kW,0.00,0.00,No,0.00,13.10,2.72,Red,Upstream Thermal Capacity,"Establish a new Primary substation on South Ronaldsay including 2 x 4MVA transformers. Install a new submarine cable between Thurso South GSP and the new Primary, install a 2.5MVAr reactor at South Ronaldsay, on completion the new Primary will be transferred to Thurso South GSP (Dec-28)

On completion of the new GSP Finstown Burgar Hill, Rousay, Westray, Eday, Eday Tidal, Sanday, Stronsay, Shapinsay, Kirkwall and St Mary's Primaries will all be transferred from Thurso South GSP to Finstown GSP",Jun-29,,
S - THSO - 18,S - THSO - 18,Scotland / SHEPD,Stromness Primary,Thurso South GSP,N/A,Primary,33 / 11,58.97441004,-3.289194263,HY 25978 10409,,"86103, 86105",2 x 7.5 / 15MVA,No,5.45,1.16,0.29,0.00,2.39,Green,,200kW,7.51,0.00,No,0.00,13.10,5.23,Red,Upstream Thermal Capacity,,,,
S - THSO - 19,S - THSO - 19,Scotland / SHEPD,Stronsay Primary,Thurso South GSP,N/A,Primary,33 / 11,59.12848348,-2.621110801,HY 64548 27016,,86120,1 x 1MVA,Yes,0.36,0.05,0.04,0.00,0.00,Red,Upstream Thermal Capacity,200kW,0.00,0.00,No,0.00,13.10,1.16,Red,Upstream Thermal Capacity,"On completion of the new GSP Finstown Burgar Hill, Rousay, Westray, Eday, Eday Tidal, Sanday, Stronsay, Shapinsay, Kirkwall and St Mary's Primaries will all be transferred from Thurso South GSP to Finstown GSP",Jun-29,,
S - THSO - 20,S - THSO - 20,Scotland / SHEPD,Westray Primary,Thurso South GSP,N/A,Primary,33 / 11,59.23835269,-2.874358211,HY 50213 39413,,86114,1 x 4MVA,Yes,1.17,0.17,0.08,0.00,0.00,Red,Upstream Thermal Capacity,200kW,2.66,0.05,No,0.00,25.00,2.04,Red,Substation Thermal Capacity & Upstream Thermal Capacity,"On completion of the new GSP Finstown Burgar Hill, Rousay, Westray, Eday, Eday Tidal, Sanday, Stronsay, Shapinsay, Kirkwall and St Mary's Primaries will all be transferred from Thurso South GSP to Finstown GSP",Jun-29,,
S - TUMB - 01,S - TUMB - 01,Scotland / SHEPD,Tummel Bridge GSP,N/A,N/A,GSP,132 / 11,56.70718364,-4.029221577,NN 75868 59115,,"20150, 20151",2 x 21MVA,No,14.89,6.06,4.94,0.00,N/A,Green,,200kW,45.66,6.56,No,N/A,25.00,10.85,Red,Substation Thermal Capacity,"Transmission works:
Establish the replacement GSP Errochty with 2 x 120MVA units",Apr-26,Transfer 5 x 33kV circuits from the existing Tummel Bridge 33kV switchboard to the new Errochty GSP 33kV switchboard,Sep-29
S - TUMB - 02,S - TUMB - 02,Scotland / SHEPD,Aberfeldy Primary,Tummel Bridge GSP,N/A,Primary,33 / 11,56.61755677,-3.877377959,NN 84889 48876,,86236,2 x 4 / 8MVA,No,3.72,0.64,0.33,0.00,3.72,Green,,200kW,2.42,0.00,No,0.00,13.10,3.56,Red,Upstream Thermal Capacity,,,,
S - TUMB - 03,S - TUMB - 03,Scotland / SHEPD,Bonskeid Primary,Tummel Bridge GSP,N/A,Primary,33 / 11,56.72479359,-3.784166999,NN 90919 60658,,86212,1 x 5MVA,Yes,3.34,0.48,0.30,0.00,2.38,Green,,200kW,0.43,0.00,No,0.00,13.10,2.76,Red,Upstream Thermal Capacity,,,,
S - TUMB - 04,S - TUMB - 04,Scotland / SHEPD,Calvine Primary,Tummel Bridge GSP,N/A,Primary,33 / 11,56.76356854,-3.961622322,NN 80186 65270,,86222,1 x 2.5MVA,Yes,1.44,0.21,0.59,0.00,1.16,Green,,200kW,0.10,0.00,No,0.00,12.50,1.54,Red,Upstream Thermal Capacity,,,Replace the existing transformer with a 6.3MVA unit,Feb-27
S - TUMB - 05,S - TUMB - 05,Scotland / SHEPD,Coshieville Primary,Tummel Bridge GSP,N/A,Primary,33 / 11,56.61387002,-4.002612519,NN 77193 48683,,86229,1 x 2.5MVA,Yes,2.40,0.35,1.43,0.00,0.00,Red,Substation Thermal Capacity,200kW,1.69,0.00,No,0.00,13.10,1.81,Red,Upstream Thermal Capacity,,,Replace the existing transformer with a 6.3MVA unit,Dec-27
S - TUMB - 06,S - TUMB - 06,Scotland / SHEPD,Fincastle Primary,Tummel Bridge GSP,N/A,Primary,33 / 11,56.72848813,-3.832449771,NN 87976 61147,,86220,1 x 0.1MVA,Yes,0.04,0.01,0.00,0.00,0.08,Green,,200kW,0.00,0.00,No,0.00,12.00,0.10,Red,Upstream Thermal Capacity,,,,
S - TUMB - 07,S - TUMB - 07,Scotland / SHEPD,Pitlochry Primary,Tummel Bridge GSP,N/A,Primary,33 / 11,56.71093244,-3.704487109,NN 95756 58991,,86216,2 x 5MVA,No,3.89,0.56,2.06,0.00,0.73,Green,,200kW,1.64,0.10,No,0.00,13.10,3.59,Red,Upstream Thermal Capacity,,,,
S - TUMB - 08,S - TUMB - 08,Scotland / SHEPD,Tummel Bridge Primary,Tummel Bridge GSP,N/A,Primary,33 / 11,56.70687791,-4.028590807,NN 75906 59080,,86241,1 x 2.5MVA,Yes,1.41,0.20,0.15,0.00,1.45,Green,,200kW,0.00,0.00,No,0.00,13.10,1.86,Red,Upstream Thermal Capacity,,,,
S - WIOW - 01,S - WIOW - 01,Scotland / SHEPD,Willowdale GSP,N/A,N/A,GSP,132 / 33,57.15380209,-2.097219171,NJ 94217 06996,,"11620, 20230",2 x 60MVA,No,25.08,11.74,6.30,2.22,N/A,Green,,200kW,2.26,2.16,No,N/A,17.50,12.30,Green,,,,,
S - WIOW - 02,S - WIOW - 02,Scotland / SHEPD,Denburn Primary,Willowdale GSP,N/A,Primary,33 / 11,57.14791206,-2.109329345,NJ 93484 06342,,86320,2 x 15 / 21MVA,No,12.06,1.74,0.78,0.00,7.87,Green,,200kW,0.00,0.00,No,20.09,18.40,8.60,Green,,,,,
S - WIOW - 03,S - WIOW - 03,Scotland / SHEPD,Greyfriars Primary,Willowdale GSP,N/A,Primary,33 / 11,57.15446875,-2.095402563,NJ 94327 07070,,86314,2 x 12 / 24MVA,No,8.22,1.74,4.69,0.00,11.07,Green,,200kW,0.95,0.16,No,21.61,13.10,8.47,Green,,,,,
S - WIOW - 04,S - WIOW - 04,Scotland / SHEPD,Hayton Primary,Willowdale GSP,N/A,Primary,33 / 11,57.17096815,-2.12148066,NJ 92753 08909,,86302,2 x 11.5 / 23MVA,No,3.49,0.50,0.26,0.00,18.67,Green,,200kW,1.32,0.00,No,19.29,13.10,8.00,Green,,,,,
S - WIOW - 05,S - WIOW - 05,Scotland / SHEPD,St Nicholas Primary,Willowdale GSP,N/A,Primary,33 / 11,57.15186894,-2.105149547,NJ 93737 06782,,86324,2 x 12 / 24MVA,No,5.94,1.21,0.58,0.00,10.02,Green,,200kW,0.00,0.00,No,16.69,25.00,8.29,Green,,,,,
S - WOHI - 01,S - WOHI - 01,Scotland / SHEPD,Woodhill GSP,N/A,N/A,GSP,132 / 33,57.15428078,-2.146242205,NJ 91252 07055,,"11618, 11619, 20330",2 x 90MVA,No,34.84,15.74,12.58,0.00,N/A,Green,,200kW,2.16,0.21,No,N/A,13.10,11.55,Green,,,,,
S - WOHI - 02,S - WOHI - 02,Scotland / SHEPD,Queens Lane North Primary,Woodhill GSP,N/A,Primary,33 / 11,57.14323754,-2.130129317,NJ 92224 05823,,86400,2 x 10 / 12.5MVA,No,9.19,2.25,0.89,0.00,2.41,Green,,200kW,0.00,0.00,No,13.18,18.40,8.24,Green,,,,Replace both transformers with 15 / 30MVA units and replace the 11kV board with 25kA break / 62.5kA make switchgear,Jun-29
S - WOHI - 03,S - WOHI - 03,Scotland / SHEPD,Springhill Primary,Woodhill GSP,N/A,Primary,33 / 11,57.14855707,-2.169391131,NJ 89850 06421,,86405,2 x 15 / 21MVA,No,13.83,4.06,5.87,0.00,0.00,Red,Substation Thermal Capacity,200kW,0.26,0.15,No,22.01,25.00,8.64,Green,,,,Replace both transformers with 20 / 40MVA units and replace the 11kV board with 25kA break / 62.5kA make switchgear,Oct-27
S - WOHI - 04,S - WOHI - 04,Scotland / SHEPD,Woodhill Primary,Woodhill GSP,N/A,Primary,33 / 11,57.15426579,-2.146123043,NJ 91259 07053,,86403,2 x 12 / 24MVA,No,12.82,1.85,5.81,0.00,6.27,Green,,200kW,1.89,0.06,No,20.87,13.10,8.69,Green,,,,,
