Activity Class,District,Representative Station,OSM Type,OSM ID,Building Name,Roof Shape,Roof Angle,Footprint m2,Type Tags,OSM URL
Office: A/C standard,East Anglia,Norwich,way,106366983,Norse Group,gabled,,2158.9,building=office; office=company,https://www.openstreetmap.org/way/106366983
Office: A/C standard,East Anglia,Norwich,way,114943344,Colman Road Health Centre,gabled,,432.5,building=office,https://www.openstreetmap.org/way/114943344
Office: A/C standard,East Anglia,Norwich,way,129052800,Tarmac,flat,,257.4,building=commercial; office=company,https://www.openstreetmap.org/way/129052800
Office: A/C standard,East Anglia,Norwich,way,147937775,,flat,,111.5,building=office,https://www.openstreetmap.org/way/147937775
Office: A/C standard,East Anglia,Norwich,way,147938269,,gabled,,2391.0,building=office,https://www.openstreetmap.org/way/147938269
Office: A/C standard,East Anglia,Norwich,way,171338043,,gabled,,55.2,building=office,https://www.openstreetmap.org/way/171338043
Office: A/C standard,East Anglia,Norwich,way,188348586,Wensum Trust,gabled,,130.0,building=office,https://www.openstreetmap.org/way/188348586
Office: A/C standard,East Anglia,Norwich,way,326240069,,gabled,,339.6,building=office,https://www.openstreetmap.org/way/326240069
Office: A/C standard,East Anglia,Norwich,way,540017272,Bob Champion Research and Education Building,flat,,1923.0,building=office,https://www.openstreetmap.org/way/540017272
Office: A/C standard,East Anglia,Norwich,way,623549400,Kingdom Hall,gabled,,310.4,building=office; amenity=place_of_worship,https://www.openstreetmap.org/way/623549400
Office: A/C standard,East Anglia,Norwich,way,638271972,Bunzl Cleaning and Hygiene,flat,,934.6,building=office; office=company,https://www.openstreetmap.org/way/638271972
Office: A/C standard,East Anglia,Norwich,way,638271983,Vodafone,gabled,,427.4,building=commercial; office=telecommunication,https://www.openstreetmap.org/way/638271983
Office: A/C standard,East Anglia,Norwich,way,643123072,Affinity Marketing,flat,,209.2,building=office; office=yes,https://www.openstreetmap.org/way/643123072
Office: A/C standard,East Anglia,Norwich,way,699369497,,gabled,,198.5,building=office,https://www.openstreetmap.org/way/699369497
Office: A/C standard,East Anglia,Norwich,way,848067597,,flat,,440.9,building=office,https://www.openstreetmap.org/way/848067597
Office: A/C standard,England E and NE,Newcastle,way,96417310,Leeds Building Society,flat,,1167.6,building=yes; office=yes,https://www.openstreetmap.org/way/96417310
Office: A/C standard,England E and NE,Newcastle,way,96630460,,flat,,994.2,building=office,https://www.openstreetmap.org/way/96630460
Office: A/C standard,England E and NE,Newcastle,way,145812857,,flat,,810.5,building=office; office=yes,https://www.openstreetmap.org/way/145812857
Office: A/C standard,England E and NE,Newcastle,way,266890160,Cobalt Central,flat,,1525.8,building=office,https://www.openstreetmap.org/way/266890160
Office: A/C standard,England E and NE,Newcastle,way,333353750,I M S L House,flat,,264.4,building=yes; office=yes,https://www.openstreetmap.org/way/333353750
Office: A/C standard,England NW and N Wales,Manchester,way,29449838,Castlefield House,flat,,1055.9,building=office,https://www.openstreetmap.org/way/29449838
Office: A/C standard,England NW and N Wales,Manchester,way,29460591,,flat,,2487.6,building=office,https://www.openstreetmap.org/way/29460591
Office: A/C standard,England NW and N Wales,Manchester,way,30342727,,flat,,2709.0,building=office,https://www.openstreetmap.org/way/30342727
Office: A/C standard,England NW and N Wales,Manchester,way,35277659,,flat,,564.1,building=office,https://www.openstreetmap.org/way/35277659
Office: A/C standard,England NW and N Wales,Manchester,way,65624073,USDAW,gabled,,1087.2,building=office; office=union,https://www.openstreetmap.org/way/65624073
Office: A/C standard,England NW and N Wales,Manchester,way,67234749,BBC,flat,,3264.8,building=office; amenity=studio; office=broadcaster,https://www.openstreetmap.org/way/67234749
Office: A/C standard,England NW and N Wales,Manchester,way,121702270,BBC,flat,,2238.4,building=office; office=broadcaster,https://www.openstreetmap.org/way/121702270
Office: A/C standard,England NW and N Wales,Manchester,way,126383070,,flat,,3121.4,building=office,https://www.openstreetmap.org/way/126383070
Office: A/C standard,England NW and N Wales,Manchester,way,136853130,Optimum House,hipped,,929.0,building=office,https://www.openstreetmap.org/way/136853130
Office: A/C standard,England NW and N Wales,Manchester,way,143166148,Magnetic House,flat,,828.6,building=office,https://www.openstreetmap.org/way/143166148
Office: A/C standard,England NW and N Wales,Manchester,way,145005317,,flat,,1400.6,building=office,https://www.openstreetmap.org/way/145005317
Office: A/C standard,England NW and N Wales,Manchester,way,147863063,,hipped,,296.5,building=office,https://www.openstreetmap.org/way/147863063
Office: A/C standard,England NW and N Wales,Manchester,way,166407645,brand addition.,gabled,,670.1,building=yes; office=yes,https://www.openstreetmap.org/way/166407645
Office: A/C standard,England NW and N Wales,Manchester,way,190109376,Northwood House,hipped,,960.6,building=office,https://www.openstreetmap.org/way/190109376
Office: A/C standard,England NW and N Wales,Manchester,way,190109383,Westwood House,hipped,,767.2,building=office,https://www.openstreetmap.org/way/190109383
Office: A/C standard,England NW and N Wales,Manchester,way,191005389,Laser House,flat,,1281.2,building=office,https://www.openstreetmap.org/way/191005389
Office: A/C standard,England NW and N Wales,Manchester,way,195773697,The Co-operative Bank,hipped,,2021.4,building=office; office=company,https://www.openstreetmap.org/way/195773697
Office: A/C standard,England NW and N Wales,Manchester,way,204800332,Building 2,hipped,,557.9,building=office,https://www.openstreetmap.org/way/204800332
Office: A/C standard,England NW and N Wales,Manchester,way,204800352,Boatshed,hipped,,1726.9,building=office,https://www.openstreetmap.org/way/204800352
Office: A/C standard,England NW and N Wales,Manchester,way,204800353,,hipped,,462.3,building=office,https://www.openstreetmap.org/way/204800353
Office: A/C standard,England NW and N Wales,Manchester,way,204804018,Hilti,gabled,,944.7,building=office,https://www.openstreetmap.org/way/204804018
Office: A/C standard,England NW and N Wales,Manchester,way,205197165,The Manchester College,flat,,1155.9,building=yes; office=educational_institution,https://www.openstreetmap.org/way/205197165
Office: A/C standard,England NW and N Wales,Manchester,way,254769038,,pyramidal,,351.6,building=office,https://www.openstreetmap.org/way/254769038
Office: A/C standard,England NW and N Wales,Manchester,way,255507419,,pyramidal,,294.7,building=office,https://www.openstreetmap.org/way/255507419
Office: A/C standard,England NW and N Wales,Manchester,way,255507420,Southwood House,hipped,,831.8,building=office,https://www.openstreetmap.org/way/255507420
Office: A/C standard,England NW and N Wales,Manchester,way,256067186,Building 10,pyramidal,,352.1,building=office,https://www.openstreetmap.org/way/256067186
Office: A/C standard,England NW and N Wales,Manchester,way,256067187,Building 6,hipped,,1031.7,building=office,https://www.openstreetmap.org/way/256067187
Office: A/C standard,England NW and N Wales,Manchester,way,276269682,,pyramidal,,105.2,building=office,https://www.openstreetmap.org/way/276269682
Office: A/C standard,England NW and N Wales,Manchester,way,482021103,K&A Solicitors,half-hipped,,53.8,building=yes; office=lawyer,https://www.openstreetmap.org/way/482021103
Office: A/C standard,England NW and N Wales,Manchester,way,483240785,M19 Tires,flat,,27.4,building=yes; office=taxi; shop=tyres,https://www.openstreetmap.org/way/483240785
Office: A/C standard,England NW and N Wales,Manchester,way,499233202,101 Embankment,flat,,1981.9,building=office,https://www.openstreetmap.org/way/499233202
Office: A/C standard,England NW and N Wales,Manchester,way,799402435,,gabled,,79.1,building=office,https://www.openstreetmap.org/way/799402435
Office: A/C standard,England NW and N Wales,Manchester,way,799402436,,gabled,,79.1,building=office,https://www.openstreetmap.org/way/799402436
Office: A/C standard,England NW and N Wales,Manchester,way,799402437,,gabled,,79.0,building=office,https://www.openstreetmap.org/way/799402437
Office: A/C standard,England NW and N Wales,Manchester,way,799402438,,gabled,,79.0,building=office,https://www.openstreetmap.org/way/799402438
Office: A/C standard,England NW and N Wales,Manchester,way,799402439,,gabled,,79.0,building=office,https://www.openstreetmap.org/way/799402439
Office: A/C standard,England NW and N Wales,Manchester,way,799402440,,gabled,,79.1,building=office,https://www.openstreetmap.org/way/799402440
Office: A/C standard,England NW and N Wales,Manchester,way,799402441,,gabled,,79.1,building=office,https://www.openstreetmap.org/way/799402441
Office: A/C standard,England NW and N Wales,Manchester,way,799402442,,gabled,,79.1,building=office,https://www.openstreetmap.org/way/799402442
Office: A/C standard,England NW and N Wales,Manchester,way,799403260,,gabled,,114.1,building=office,https://www.openstreetmap.org/way/799403260
Office: A/C standard,England NW and N Wales,Manchester,way,799403261,,gabled,,114.1,building=office,https://www.openstreetmap.org/way/799403261
Office: A/C standard,England NW and N Wales,Manchester,way,799403262,,gabled,,114.1,building=office,https://www.openstreetmap.org/way/799403262
Office: A/C standard,England NW and N Wales,Manchester,way,799403264,,gabled,,85.6,building=office,https://www.openstreetmap.org/way/799403264
Office: A/C standard,England NW and N Wales,Manchester,way,799403265,,gabled,,85.7,building=office,https://www.openstreetmap.org/way/799403265
Office: A/C standard,England NW and N Wales,Manchester,way,799403266,,gabled,,85.7,building=office,https://www.openstreetmap.org/way/799403266
Office: A/C standard,England NW and N Wales,Manchester,way,799403267,,gabled,,85.7,building=office,https://www.openstreetmap.org/way/799403267
Office: A/C standard,England NW and N Wales,Manchester,way,799404895,,gabled,,111.2,building=office,https://www.openstreetmap.org/way/799404895
Office: A/C standard,England NW and N Wales,Manchester,way,799404896,,gabled,,111.3,building=office,https://www.openstreetmap.org/way/799404896
Office: A/C standard,England NW and N Wales,Manchester,way,799404897,,gabled,,111.2,building=office,https://www.openstreetmap.org/way/799404897
Office: A/C standard,England NW and N Wales,Manchester,way,799404898,,gabled,,111.2,building=office,https://www.openstreetmap.org/way/799404898
Office: A/C standard,England NW and N Wales,Manchester,way,799404899,,gabled,,126.9,building=office,https://www.openstreetmap.org/way/799404899
Office: A/C standard,England NW and N Wales,Manchester,way,799404900,,gabled,,91.4,building=office,https://www.openstreetmap.org/way/799404900
Office: A/C standard,England NW and N Wales,Manchester,way,799404901,,gabled,,91.4,building=office,https://www.openstreetmap.org/way/799404901
Office: A/C standard,England NW and N Wales,Manchester,way,799404902,,gabled,,76.3,building=office,https://www.openstreetmap.org/way/799404902
Office: A/C standard,England NW and N Wales,Manchester,way,799404903,,gabled,,66.4,building=office,https://www.openstreetmap.org/way/799404903
Office: A/C standard,England NW and N Wales,Manchester,way,799404904,,gabled,,66.4,building=office,https://www.openstreetmap.org/way/799404904
Office: A/C standard,England NW and N Wales,Manchester,way,799404905,,gabled,,88.3,building=office,https://www.openstreetmap.org/way/799404905
Office: A/C standard,England NW and N Wales,Manchester,way,799404906,,gabled,,88.2,building=office,https://www.openstreetmap.org/way/799404906
Office: A/C standard,England NW and N Wales,Manchester,way,911674111,,hipped,,19.0,building=office,https://www.openstreetmap.org/way/911674111
Office: A/C standard,England NW and N Wales,Manchester,way,1157485217,Midway Business Centre,hipped,,530.0,building=office,https://www.openstreetmap.org/way/1157485217
Office: A/C standard,England NW and N Wales,Manchester,way,1157729508,Greater Manchester Law Centre,gabled,,301.9,building=yes; office=lawyer,https://www.openstreetmap.org/way/1157729508
Office: A/C standard,England NW and N Wales,Manchester,relation,2574677,,mansard,,2406.2,building=yes; office=yes,https://www.openstreetmap.org/relation/2574677
Office: A/C standard,England NW and N Wales,Manchester,relation,12765327,Laser House,flat,,0.0,building=office,https://www.openstreetmap.org/relation/12765327
Office: A/C standard,England NW and N Wales,Manchester,relation,12770515,,skillion,,0.0,building=office,https://www.openstreetmap.org/relation/12770515
Office: A/C standard,England SE and Central S,London,way,10811256,BBC Broadcasting House,many,,7850.0,building=office,https://www.openstreetmap.org/way/10811256
Office: A/C standard,England SE and Central S,London,way,23274324,Apex Tower,flat,,759.1,building=office,https://www.openstreetmap.org/way/23274324
Office: A/C standard,England SE and Central S,London,way,24625023,,flat,,2444.4,building=office,https://www.openstreetmap.org/way/24625023
Office: A/C standard,England SE and Central S,London,way,26709894,Royal College of Physicians,flat,,2443.9,building=college; office=ngo,https://www.openstreetmap.org/way/26709894
Office: A/C standard,England SE and Central S,London,way,27463968,Berkeley House,quadruple_saltbox,,577.0,building=office,https://www.openstreetmap.org/way/27463968
Office: A/C standard,England SE and Central S,London,way,27463969,Teach Now,quadruple_saltbox,,567.3,building=office,https://www.openstreetmap.org/way/27463969
Office: A/C standard,England SE and Central S,London,way,28093944,Laing O'Rourke,flat,,2133.3,building=office,https://www.openstreetmap.org/way/28093944
Office: A/C standard,England SE and Central S,London,way,28093948,Laing O'Rourke,flat,,2160.9,building=office,https://www.openstreetmap.org/way/28093948
Office: A/C standard,England SE and Central S,London,way,28093971,,hipped,,1575.8,building=office,https://www.openstreetmap.org/way/28093971
Office: A/C standard,England SE and Central S,London,way,28093972,,hipped,,972.2,building=office,https://www.openstreetmap.org/way/28093972
Office: A/C standard,England SE and Central S,London,way,28658723,,flat,,1006.7,building=office,https://www.openstreetmap.org/way/28658723
Office: A/C standard,England SE and Central S,London,way,28815418,South Bank Tower,flat,,806.8,building=office,https://www.openstreetmap.org/way/28815418
Office: A/C standard,England SE and Central S,London,way,30805755,Crédit Agricole - Corporate & Investment Bank,flat,,4910.9,building=commercial; office=company,https://www.openstreetmap.org/way/30805755
Office: A/C standard,England SE and Central S,London,way,31254376,,flat,,2142.5,building=office,https://www.openstreetmap.org/way/31254376
Office: A/C standard,England SE and Central S,London,way,31467228,,flat,,716.2,building=office,https://www.openstreetmap.org/way/31467228
Office: A/C standard,England SE and Central S,London,way,32819777,Council Offices,hipped,,685.7,building=yes; office=government,https://www.openstreetmap.org/way/32819777
Office: A/C standard,England SE and Central S,London,way,33327796,,flat,,1369.2,building=office,https://www.openstreetmap.org/way/33327796
Office: A/C standard,England SE and Central S,London,way,33328018,,flat,,1428.2,building=office,https://www.openstreetmap.org/way/33328018
Office: A/C standard,England SE and Central S,London,way,34994308,The Linen House,gabled,,244.7,building=office,https://www.openstreetmap.org/way/34994308
Office: A/C standard,England SE and Central S,London,way,38096704,Dartford Civic Centre,flat,,1545.8,building=office; amenity=public_building; office=government,https://www.openstreetmap.org/way/38096704
Office: A/C standard,England SE and Central S,London,way,40734130,Whittington House,flat,,1412.2,building=office,https://www.openstreetmap.org/way/40734130
Office: A/C standard,England SE and Central S,London,way,40770454,,flat,,434.1,building=office,https://www.openstreetmap.org/way/40770454
Office: A/C standard,England SE and Central S,London,way,40836852,Golderbrock House,quadruple_saltbox,,154.2,building=office,https://www.openstreetmap.org/way/40836852
Office: A/C standard,England SE and Central S,London,way,40837408,,flat,,2194.8,building=office,https://www.openstreetmap.org/way/40837408
Office: A/C standard,England SE and Central S,London,way,40841618,,flat,,357.0,building=office,https://www.openstreetmap.org/way/40841618
Office: A/C standard,England SE and Central S,London,way,42584600,Ernst & Young,flat,,4771.2,building=office; office=company,https://www.openstreetmap.org/way/42584600
Office: A/C standard,England SE and Central S,London,way,42584605,,flat,,4454.7,building=office,https://www.openstreetmap.org/way/42584605
Office: A/C standard,England SE and Central S,London,way,42999370,,flat,,5165.6,building=office,https://www.openstreetmap.org/way/42999370
Office: A/C standard,England SE and Central S,London,way,48638165,,flat,,2085.3,building=office,https://www.openstreetmap.org/way/48638165
Office: A/C standard,England SE and Central S,London,way,52036981,Great Eastern Enterprise Centre,flat,,2812.5,building=office,https://www.openstreetmap.org/way/52036981
Office: A/C standard,England SE and Central S,London,way,55130742,Jobcentre Plus,flat,,684.6,building=yes; office=employment_agency,https://www.openstreetmap.org/way/55130742
Office: A/C standard,England SE and Central S,London,way,55130744,Unsworth,flat,,279.6,building=yes; office=company,https://www.openstreetmap.org/way/55130744
Office: A/C standard,England SE and Central S,London,way,58476182,Hapag-Lloyd,hipped,,497.9,building=yes; office=yes,https://www.openstreetmap.org/way/58476182
Office: A/C standard,England SE and Central S,London,way,59289996,,gambrel,,772.5,building=office,https://www.openstreetmap.org/way/59289996
Office: A/C standard,England SE and Central S,London,way,62066347,,flat,,151.3,building=office,https://www.openstreetmap.org/way/62066347
Office: A/C standard,England SE and Central S,London,way,65658278,CBD,gabled,,135.3,building=yes; office=company,https://www.openstreetmap.org/way/65658278
Office: A/C standard,England SE and Central S,London,way,65658355,Helene Berman,gabled,,70.3,building=yes; office=studio,https://www.openstreetmap.org/way/65658355
Office: A/C standard,England SE and Central S,London,way,65658362,Economic Consulting Associates Ltd,gabled,,69.9,building=yes; office=company,https://www.openstreetmap.org/way/65658362
Office: A/C standard,England SE and Central S,London,way,70844110,,flat,,669.4,building=office,https://www.openstreetmap.org/way/70844110
Office: A/C standard,England SE and Central S,London,way,76399649,Lancaster House,flat,,498.9,building=office,https://www.openstreetmap.org/way/76399649
Office: A/C standard,England SE and Central S,London,way,76399651,UK Power Networks,flat,,577.5,building=office,https://www.openstreetmap.org/way/76399651
Office: A/C standard,England SE and Central S,London,way,77339758,AMASS & AOT,flat,,171.7,building=office; office=government,https://www.openstreetmap.org/way/77339758
Office: A/C standard,England SE and Central S,London,way,80879051,,flat,,1870.8,building=office,https://www.openstreetmap.org/way/80879051
Office: A/C standard,England SE and Central S,London,way,81413708,,flat,,1929.9,building=office,https://www.openstreetmap.org/way/81413708
Office: A/C standard,England SE and Central S,London,way,81413958,Mediacom,flat,,1404.7,building=office; office=company,https://www.openstreetmap.org/way/81413958
Office: A/C standard,England SE and Central S,London,way,81459295,Naismiths Limited,flat,,78.8,building=yes; office=company,https://www.openstreetmap.org/way/81459295
Office: A/C standard,England SE and Central S,London,way,82459250,,flat,,905.9,building=office,https://www.openstreetmap.org/way/82459250
Office: A/C standard,England SE and Central S,London,way,82459683,,flat,,924.3,building=office,https://www.openstreetmap.org/way/82459683
Office: A/C standard,England SE and Central S,London,way,82796737,,flat,,403.4,building=office,https://www.openstreetmap.org/way/82796737
Office: A/C standard,England SE and Central S,London,way,82796738,,flat,,1584.3,building=office,https://www.openstreetmap.org/way/82796738
Office: A/C standard,England SE and Central S,London,way,84820235,Hackney CVS,flat,,322.1,building=civic; office=charity,https://www.openstreetmap.org/way/84820235
Office: A/C standard,England SE and Central S,London,way,85214621,Pump Gyms,flat,,1001.2,building=office,https://www.openstreetmap.org/way/85214621
Office: A/C standard,England SE and Central S,London,way,88961772,,gabled,,497.9,building=office,https://www.openstreetmap.org/way/88961772
Office: A/C standard,England SE and Central S,London,way,89251104,,flat,,104.4,building=office,https://www.openstreetmap.org/way/89251104
Office: A/C standard,England SE and Central S,London,way,93204827,,flat,,93.2,building=office,https://www.openstreetmap.org/way/93204827
Office: A/C standard,England SE and Central S,London,way,93204858,,gabled,,303.5,building=office,https://www.openstreetmap.org/way/93204858
Office: A/C standard,England SE and Central S,London,way,93204881,,gabled,,627.5,building=office,https://www.openstreetmap.org/way/93204881
Office: A/C standard,England SE and Central S,London,way,93204899,,gabled,,166.6,building=office,https://www.openstreetmap.org/way/93204899
Office: A/C standard,England SE and Central S,London,way,93289334,,flat,,2199.9,building=office,https://www.openstreetmap.org/way/93289334
Office: A/C standard,England SE and Central S,London,way,94069681,London Centre of Contemprary Music,flat,,227.0,building=office,https://www.openstreetmap.org/way/94069681
Office: A/C standard,England SE and Central S,London,way,94069687,,flat,,135.1,building=office,https://www.openstreetmap.org/way/94069687
Office: A/C standard,England SE and Central S,London,way,94069714,,flat,,140.4,building=office,https://www.openstreetmap.org/way/94069714
Office: A/C standard,England SE and Central S,London,way,94069716,,flat,,289.8,building=office,https://www.openstreetmap.org/way/94069716
Office: A/C standard,England SE and Central S,London,way,94069720,,flat,,174.3,building=office,https://www.openstreetmap.org/way/94069720
Office: A/C standard,England SE and Central S,London,way,94069734,Southwark Diocesan Board of Education,flat,,460.4,building=school; office=government,https://www.openstreetmap.org/way/94069734
Office: A/C standard,England SE and Central S,London,way,94069741,Sandbox Workspace,flat,,155.4,building=yes; office=yes,https://www.openstreetmap.org/way/94069741
Office: A/C standard,England SE and Central S,London,way,94069772,,flat,,76.6,building=office,https://www.openstreetmap.org/way/94069772
Office: A/C standard,England SE and Central S,London,way,96928440,,flat,,2105.8,building=yes; office=yes,https://www.openstreetmap.org/way/96928440
Office: A/C standard,England SE and Central S,London,way,97175511,Chan Neill Solicitors,flat,,134.0,building=yes; office=lawyer,https://www.openstreetmap.org/way/97175511
Office: A/C standard,England SE and Central S,London,way,97175539,,flat,,318.1,building=yes; office=coworking,https://www.openstreetmap.org/way/97175539
Office: A/C standard,England SE and Central S,London,way,98485766,International Institute for Strategic Studies,flat_mansard,,395.7,building=commercial; office=research,https://www.openstreetmap.org/way/98485766
Office: A/C standard,England SE and Central S,London,way,99166477,,flat,,520.8,building=office,https://www.openstreetmap.org/way/99166477
Office: A/C standard,England SE and Central S,London,way,99493702,,flat,,265.8,building=office,https://www.openstreetmap.org/way/99493702
Office: A/C standard,England SE and Central S,London,way,99493752,St Saviours House,flat,,132.8,building=office,https://www.openstreetmap.org/way/99493752
Office: A/C standard,England SE and Central S,London,way,99869567,,flat,,163.6,building=office,https://www.openstreetmap.org/way/99869567
Office: A/C standard,England SE and Central S,London,way,99869582,,gabled,,249.6,building=office,https://www.openstreetmap.org/way/99869582
Office: A/C standard,England SE and Central S,London,way,99869583,,gabled,,126.4,building=office,https://www.openstreetmap.org/way/99869583
Office: A/C standard,England SE and Central S,London,way,99869585,Southwark Bridge Business Centre,flat,,438.0,building=office,https://www.openstreetmap.org/way/99869585
Office: A/C standard,England SE and Central S,London,way,99869629,Royal College of Emergency Medicine,flat,,316.7,building=yes; office=association,https://www.openstreetmap.org/way/99869629
Office: A/C standard,England SE and Central S,London,way,99869643,,flat,,351.5,building=office,https://www.openstreetmap.org/way/99869643
Office: A/C standard,England SE and Central S,London,way,99871221,,flat,,143.0,building=office,https://www.openstreetmap.org/way/99871221
Office: A/C standard,England SE and Central S,London,way,99871237,,flat,,269.6,building=office,https://www.openstreetmap.org/way/99871237
Office: A/C standard,England SE and Central S,London,way,100299970,BT,flat,,2289.3,building=office; office=company,https://www.openstreetmap.org/way/100299970
Office: A/C standard,England SE and Central S,London,way,100614927,,flat,,782.6,building=office,https://www.openstreetmap.org/way/100614927
Office: A/C standard,England SE and Central S,London,way,100614977,Tabard Works,flat,,196.5,building=office,https://www.openstreetmap.org/way/100614977
Office: A/C standard,England SE and Central S,London,way,100799871,Royal British Legion,flat,,872.5,building=yes; office=charity,https://www.openstreetmap.org/way/100799871
Office: A/C standard,England SE and Central S,London,way,102258994,,flat,,2119.1,building=office,https://www.openstreetmap.org/way/102258994
Office: A/C standard,England SE and Central S,London,way,102448382,Target,gabled,,102.4,building=residential; office=estate_agent,https://www.openstreetmap.org/way/102448382
Office: A/C standard,England SE and Central S,London,way,103462532,Moat,flat,,1115.5,building=office; office=ngo,https://www.openstreetmap.org/way/103462532
Office: A/C standard,England SE and Central S,London,way,103462534,,flat,,869.2,building=office,https://www.openstreetmap.org/way/103462534
Office: A/C standard,England SE and Central S,London,way,103462544,Swanstaff Recruitment,flat,,1308.2,building=office; office=company,https://www.openstreetmap.org/way/103462544
Office: A/C standard,England SE and Central S,London,way,105541076,Regent’s Place,flat,,999.1,building=office; office=publisher,https://www.openstreetmap.org/way/105541076
Office: A/C standard,England SE and Central S,London,way,107797498,NatWest,flat,,4247.5,building=commercial; office=company,https://www.openstreetmap.org/way/107797498
Office: A/C standard,England SE and Central S,London,way,110479628,,flat,,1782.4,building=office,https://www.openstreetmap.org/way/110479628
Office: A/C standard,England SE and Central S,London,way,111213075,Amphlett Lissmore,quadruple_saltbox,,211.4,building=yes; office=lawyer,https://www.openstreetmap.org/way/111213075
Office: A/C standard,England SE and Central S,London,way,111300886,London House,flat,,254.2,building=office,https://www.openstreetmap.org/way/111300886
Office: A/C standard,England SE and Central S,London,way,112188274,,gabled,,131.8,building=office,https://www.openstreetmap.org/way/112188274
Office: A/C standard,England SE and Central S,London,way,112261875,Spanish Consulate,gambrel,,286.6,building=house; office=diplomatic,https://www.openstreetmap.org/way/112261875
Office: A/C standard,England SE and Central S,London,way,112555291,West London Mission,double_saltbox,,180.4,building=apartments; office=charity,https://www.openstreetmap.org/way/112555291
Office: A/C standard,England SE and Central S,London,way,113212934,Jobcentre Plus,flat,,1201.0,building=office; office=government,https://www.openstreetmap.org/way/113212934
Office: A/C standard,England SE and Central S,London,way,115905424,Christian Aid,quadruple_saltbox,,886.7,building=office; office=ngo,https://www.openstreetmap.org/way/115905424
Office: A/C standard,England SE and Central S,London,way,116851019,,flat,,1804.9,building=office,https://www.openstreetmap.org/way/116851019
Office: A/C standard,England SE and Central S,London,way,130537060,,many,,511.0,building=office,https://www.openstreetmap.org/way/130537060
Office: A/C standard,England SE and Central S,London,way,132953062,,flat,,307.1,building=office,https://www.openstreetmap.org/way/132953062
Office: A/C standard,England SE and Central S,London,way,132953064,Estate Security Office,flat,,60.8,building=office,https://www.openstreetmap.org/way/132953064
Office: A/C standard,England SE and Central S,London,way,135117844,British Film Institute,flat,,929.7,building=commercial; office=ngo,https://www.openstreetmap.org/way/135117844
Office: A/C standard,England SE and Central S,London,way,138339541,Hudsons,gambrel,,79.7,building=yes; office=estate_agent,https://www.openstreetmap.org/way/138339541
Office: A/C standard,England SE and Central S,London,way,139806331,Parliamentary Estate,flat,,301.4,building=yes; office=company,https://www.openstreetmap.org/way/139806331
Office: A/C standard,England SE and Central S,London,way,139941192,,half-hipped,,2829.9,building=office,https://www.openstreetmap.org/way/139941192
Office: A/C standard,England SE and Central S,London,way,139941193,,half-hipped,,3358.3,building=office,https://www.openstreetmap.org/way/139941193
Office: A/C standard,England SE and Central S,London,way,140144141,Morgan Stanley,flat,,4871.2,building=office,https://www.openstreetmap.org/way/140144141
Office: A/C standard,England SE and Central S,London,way,142371508,muf,flat,,314.2,building=commercial; office=architect,https://www.openstreetmap.org/way/142371508
Office: A/C standard,England SE and Central S,London,way,143113928,XL,flat,,2764.8,building=retail; office=company,https://www.openstreetmap.org/way/143113928
Office: A/C standard,England SE and Central S,London,way,143211592,TAL,flat,,242.6,building=yes; office=yes,https://www.openstreetmap.org/way/143211592
Office: A/C standard,England SE and Central S,London,way,143405869,,flat,,1540.9,building=office,https://www.openstreetmap.org/way/143405869
Office: A/C standard,England SE and Central S,London,way,143415208,Fishmongers' Hall,flat,,1389.4,building=office,https://www.openstreetmap.org/way/143415208
Office: A/C standard,England SE and Central S,London,way,154411125,,flat,,5147.2,building=construction; office=company,https://www.openstreetmap.org/way/154411125
Office: A/C standard,England SE and Central S,London,way,155366274,,flat,,959.2,building=office,https://www.openstreetmap.org/way/155366274
Office: A/C standard,England SE and Central S,London,way,157472696,Ranger's Lodge,double_saltbox,,224.5,building=office,https://www.openstreetmap.org/way/157472696
Office: A/C standard,England SE and Central S,London,way,157901332,,flat,,284.5,building=office,https://www.openstreetmap.org/way/157901332
Office: A/C standard,England SE and Central S,London,way,157901336,,flat,,376.6,building=office,https://www.openstreetmap.org/way/157901336
Office: A/C standard,England SE and Central S,London,way,158054328,,flat,,411.4,building=office,https://www.openstreetmap.org/way/158054328
Office: A/C standard,England SE and Central S,London,way,158054331,,flat,,376.9,building=office,https://www.openstreetmap.org/way/158054331
Office: A/C standard,England SE and Central S,London,way,158054875,Intercontinental Exchange,flat,,2152.8,building=yes; office=company,https://www.openstreetmap.org/way/158054875
Office: A/C standard,England SE and Central S,London,way,160277261,British Red Cross,flat,,812.5,building=office; office=charity,https://www.openstreetmap.org/way/160277261
Office: A/C standard,England SE and Central S,London,way,160277266,,flat,,774.6,building=office,https://www.openstreetmap.org/way/160277266
Office: A/C standard,England SE and Central S,London,way,160674463,,gabled,,927.3,building=office,https://www.openstreetmap.org/way/160674463
Office: A/C standard,England SE and Central S,London,way,162411471,Wood,flat,,2024.8,building=office; office=company,https://www.openstreetmap.org/way/162411471
Office: A/C standard,England SE and Central S,London,way,165336786,KBR,flat,,3788.1,building=office,https://www.openstreetmap.org/way/165336786
Office: A/C standard,England SE and Central S,London,way,165336791,,flat,,3099.3,building=office,https://www.openstreetmap.org/way/165336791
Office: A/C standard,England SE and Central S,London,way,165336793,Unilever,flat,,8411.1,building=office,https://www.openstreetmap.org/way/165336793
Office: A/C standard,England SE and Central S,London,way,165336795,Arc Leatherhead,flat,,2250.4,building=office,https://www.openstreetmap.org/way/165336795
Office: A/C standard,England SE and Central S,London,way,165336796,Keats House,flat,,2469.2,building=office,https://www.openstreetmap.org/way/165336796
Office: A/C standard,England SE and Central S,London,way,165336797,,flat,,1403.0,building=office,https://www.openstreetmap.org/way/165336797
Office: A/C standard,England SE and Central S,London,way,165336798,Birchwood House,flat,,1812.4,building=office,https://www.openstreetmap.org/way/165336798
Office: A/C standard,England SE and Central S,London,way,166431055,,flat,,3019.1,building=office,https://www.openstreetmap.org/way/166431055
Office: A/C standard,England SE and Central S,London,way,172670602,,flat,,2758.2,building=office,https://www.openstreetmap.org/way/172670602
Office: A/C standard,England SE and Central S,London,way,175512094,Bank of America,flat,,4290.5,building=office; office=financial,https://www.openstreetmap.org/way/175512094
Office: A/C standard,England SE and Central S,London,way,175704871,,hipped,,1111.3,building=office,https://www.openstreetmap.org/way/175704871
Office: A/C standard,England SE and Central S,London,way,181059638,AJ Accountancy,flat,,65.7,building=retail; office=accountant,https://www.openstreetmap.org/way/181059638
Office: A/C standard,England SE and Central S,London,way,182688271,Council Offices,flat,,700.7,building=office,https://www.openstreetmap.org/way/182688271
Office: A/C standard,England SE and Central S,London,way,183362090,,flat,,440.3,building=office,https://www.openstreetmap.org/way/183362090
Office: A/C standard,England SE and Central S,London,way,183368530,Companies House,flat,,824.7,building=office; office=government,https://www.openstreetmap.org/way/183368530
Office: A/C standard,England SE and Central S,London,way,183925024,,flat,,459.4,building=office,https://www.openstreetmap.org/way/183925024
Office: A/C standard,England SE and Central S,London,way,186635649,Hyde Park Learning Centre,round,,555.8,building=office,https://www.openstreetmap.org/way/186635649
Office: A/C standard,England SE and Central S,London,way,187581783,Maple House,flat,,1380.6,building=office; office=company,https://www.openstreetmap.org/way/187581783
Office: A/C standard,England SE and Central S,London,way,190714752,Citi,flat,,4537.8,building=office; office=financial,https://www.openstreetmap.org/way/190714752
Office: A/C standard,England SE and Central S,London,way,191276413,,pyramidal,,806.8,building=office,https://www.openstreetmap.org/way/191276413
Office: A/C standard,England SE and Central S,London,way,191304281,South Poplar One Stop Shop,flat,,194.8,building=yes; office=government,https://www.openstreetmap.org/way/191304281
Office: A/C standard,England SE and Central S,London,way,191842523,,gabled,,169.9,building=office,https://www.openstreetmap.org/way/191842523
Office: A/C standard,England SE and Central S,London,way,193611490,YY London,flat,,3610.9,building=office,https://www.openstreetmap.org/way/193611490
Office: A/C standard,England SE and Central S,London,way,194258559,,gabled,,348.1,building=office,https://www.openstreetmap.org/way/194258559
Office: A/C standard,England SE and Central S,London,way,198922760,,flat,,248.2,building=office,https://www.openstreetmap.org/way/198922760
Office: A/C standard,England SE and Central S,London,way,201247295,Sky Garden,flat,,3707.3,building=commercial; office=company,https://www.openstreetmap.org/way/201247295
Office: A/C standard,England SE and Central S,London,way,202183887,Palladium House,flat,,585.8,building=office,https://www.openstreetmap.org/way/202183887
Office: A/C standard,England SE and Central S,London,way,203711134,,flat,,3.1,building=office,https://www.openstreetmap.org/way/203711134
Office: A/C standard,England SE and Central S,London,way,204345006,,flat,,97.3,building=office,https://www.openstreetmap.org/way/204345006
Office: A/C standard,England SE and Central S,London,way,205145221,Winkworth,gabled,,44.8,building=yes; office=estate_agent,https://www.openstreetmap.org/way/205145221
Office: A/C standard,England SE and Central S,London,way,208935459,Slaughter and May,flat,,3818.5,building=office; office=lawyer,https://www.openstreetmap.org/way/208935459
Office: A/C standard,England SE and Central S,London,way,216592544,,flat,,400.4,building=office,https://www.openstreetmap.org/way/216592544
Office: A/C standard,England SE and Central S,London,way,221891219,55 Broadway,flat,,2490.6,building=office,https://www.openstreetmap.org/way/221891219
Office: A/C standard,England SE and Central S,London,way,226373592,"Begg, Williamson & Co Ltd",gabled,,85.1,building=yes; office=accountant,https://www.openstreetmap.org/way/226373592
Office: A/C standard,England SE and Central S,London,way,226373597,De-Charles Resources Ltd,flat,,23.0,building=yes; office=yes,https://www.openstreetmap.org/way/226373597
Office: A/C standard,England SE and Central S,London,way,226551883,,double_saltbox,,222.4,building=office,https://www.openstreetmap.org/way/226551883
Office: A/C standard,England SE and Central S,London,way,232330994,Bexletts,gabled,,35.9,building=yes; office=estate_agent,https://www.openstreetmap.org/way/232330994
Office: A/C standard,England SE and Central S,London,way,232331012,On-line Financial & Accountancy Services,gabled,,33.9,building=yes; office=accountant,https://www.openstreetmap.org/way/232331012
Office: A/C standard,England SE and Central S,London,way,233453524,,hipped,,190.4,building=office,https://www.openstreetmap.org/way/233453524
Office: A/C standard,England SE and Central S,London,way,233902778,Francis Holland School,flat,,76.2,building=office,https://www.openstreetmap.org/way/233902778
Office: A/C standard,England SE and Central S,London,way,233902779,Zagato Lancia,gabled,,175.1,building=office; office=yes,https://www.openstreetmap.org/way/233902779
Office: A/C standard,England SE and Central S,London,way,241870405,TI Group,many,,345.9,building=office,https://www.openstreetmap.org/way/241870405
Office: A/C standard,England SE and Central S,London,way,242160713,Consulate-General of Portugal,quadruple_saltbox,,465.2,building=office; office=diplomatic,https://www.openstreetmap.org/way/242160713
Office: A/C standard,England SE and Central S,London,way,242803706,Harrow Solicitors & Advocates,gabled,,93.0,building=apartments; office=solicitors,https://www.openstreetmap.org/way/242803706
Office: A/C standard,England SE and Central S,London,way,242803715,,gabled,,260.1,building=office,https://www.openstreetmap.org/way/242803715
Office: A/C standard,England SE and Central S,London,way,243010924,Vanguard Solicitors,gabled,,105.9,building=apartments; office=lawyer,https://www.openstreetmap.org/way/243010924
Office: A/C standard,England SE and Central S,London,way,243352369,Vanguard Solicitors,gabled,,116.7,building=apartments; office=lawyer,https://www.openstreetmap.org/way/243352369
Office: A/C standard,England SE and Central S,London,way,243356241,Garside & Hoy,gabled,,125.1,building=retail; office=lawyer,https://www.openstreetmap.org/way/243356241
Office: A/C standard,England SE and Central S,London,way,243356254,Sheridan Clarke,flat,,94.5,building=retail; office=accountant,https://www.openstreetmap.org/way/243356254
Office: A/C standard,England SE and Central S,London,way,243638191,Allan Howard & Co,hipped,,67.7,building=yes; office=estate_agent,https://www.openstreetmap.org/way/243638191
Office: A/C standard,England SE and Central S,London,way,243868236,Coversure Insurance,flat,,51.6,building=yes; office=insurance,https://www.openstreetmap.org/way/243868236
Office: A/C standard,England SE and Central S,London,way,243868241,Mills Chody Solicitors,hipped,,189.7,building=office; office=lawyer,https://www.openstreetmap.org/way/243868241
Office: A/C standard,England SE and Central S,London,way,243868243,Move In Properties,flat,,51.6,building=yes; office=estate_agent,https://www.openstreetmap.org/way/243868243
Office: A/C standard,England SE and Central S,London,way,243983811,3 E'S Accountants,flat,,133.8,building=apartments; office=accountant,https://www.openstreetmap.org/way/243983811
Office: A/C standard,England SE and Central S,London,way,243983812,Lixmere House,flat,,170.7,building=apartments; office=estate_agent,https://www.openstreetmap.org/way/243983812
Office: A/C standard,England SE and Central S,London,way,247983907,Amey Kamp,flat,,135.6,building=yes; office=accountant,https://www.openstreetmap.org/way/247983907
Office: A/C standard,England SE and Central S,London,way,247983932,D.M. Raja Ltd,flat,,83.8,building=yes; office=insurance,https://www.openstreetmap.org/way/247983932
Office: A/C standard,England SE and Central S,London,way,247983937,Eposdirect.co.uk,flat,,73.8,building=yes; office=it,https://www.openstreetmap.org/way/247983937
Office: A/C standard,England SE and Central S,London,way,251145061,Jan Solicitor,gabled,,133.0,building=retail; office=yes,https://www.openstreetmap.org/way/251145061
Office: A/C standard,England SE and Central S,London,way,256331318,Hamptons,gabled,,132.5,building=yes; office=estate_agent,https://www.openstreetmap.org/way/256331318
Office: A/C standard,England SE and Central S,London,way,256331321,Dexters,gabled,,66.7,building=yes; office=estate_agent,https://www.openstreetmap.org/way/256331321
Office: A/C standard,England SE and Central S,London,way,256783882,,gabled,,151.8,building=office,https://www.openstreetmap.org/way/256783882
Office: A/C standard,England SE and Central S,London,way,258988670,,flat,,381.8,building=office,https://www.openstreetmap.org/way/258988670
Office: A/C standard,England SE and Central S,London,way,270723101,,quadruple_saltbox,,219.7,building=office,https://www.openstreetmap.org/way/270723101
Office: A/C standard,England SE and Central S,London,way,270893092,The Linc Centre,flat,,605.4,building=office,https://www.openstreetmap.org/way/270893092
Office: A/C standard,England SE and Central S,London,way,274469401,,flat,,552.1,building=office,https://www.openstreetmap.org/way/274469401
Office: A/C standard,England SE and Central S,London,way,286823126,4 Harbour Exchange,flat,,1012.3,building=office,https://www.openstreetmap.org/way/286823126
Office: A/C standard,England SE and Central S,London,way,289011074,,flat,,1142.0,building=office,https://www.openstreetmap.org/way/289011074
Office: A/C standard,England SE and Central S,London,way,289168063,,flat,,476.9,building=office,https://www.openstreetmap.org/way/289168063
Office: A/C standard,England SE and Central S,London,way,293605937,,flat,,639.8,building=office,https://www.openstreetmap.org/way/293605937
Office: A/C standard,England SE and Central S,London,way,294640995,,gambrel,,223.5,building=office,https://www.openstreetmap.org/way/294640995
Office: A/C standard,England SE and Central S,London,way,297281680,Arup,flat,,2581.1,building=office; office=engineer,https://www.openstreetmap.org/way/297281680
Office: A/C standard,England SE and Central S,London,way,308128743,Powell and Co. Solicitors,double_saltbox,,86.6,building=commercial; office=solicitor,https://www.openstreetmap.org/way/308128743
Office: A/C standard,England SE and Central S,London,way,313769051,Holland Taylor & Associates,gabled,,64.6,building=retail; office=estate_agent,https://www.openstreetmap.org/way/313769051
Office: A/C standard,England SE and Central S,London,way,341319213,,gabled,,65.9,building=office,https://www.openstreetmap.org/way/341319213
Office: A/C standard,England SE and Central S,London,way,341319214,,flat,,82.0,building=office,https://www.openstreetmap.org/way/341319214
Office: A/C standard,England SE and Central S,London,way,345400571,,gambrel,,224.3,building=office,https://www.openstreetmap.org/way/345400571
Office: A/C standard,England SE and Central S,London,way,345753830,,many,,334.5,building=office,https://www.openstreetmap.org/way/345753830
Office: A/C standard,England SE and Central S,London,way,346670673,,double_saltbox,,81.4,building=office,https://www.openstreetmap.org/way/346670673
Office: A/C standard,England SE and Central S,London,way,362155078,John D Wood & Co. Lettings,gabled,,44.6,building=yes; office=estate_agent,https://www.openstreetmap.org/way/362155078
Office: A/C standard,England SE and Central S,London,way,362164415,Be Someplace Else,gabled,,59.5,building=commercial; office=estate_agent,https://www.openstreetmap.org/way/362164415
Office: A/C standard,England SE and Central S,London,way,366327374,,flat,,171.2,building=office,https://www.openstreetmap.org/way/366327374
Office: A/C standard,England SE and Central S,London,way,367483821,Saxon House,flat,,258.1,building=office,https://www.openstreetmap.org/way/367483821
Office: A/C standard,England SE and Central S,London,way,367483822,Wigglesworth House,flat,,696.8,building=office,https://www.openstreetmap.org/way/367483822
Office: A/C standard,England SE and Central S,London,way,375848078,,flat,,367.6,building=office,https://www.openstreetmap.org/way/375848078
Office: A/C standard,England SE and Central S,London,way,380165967,The Garden Classroom,hipped,,27.8,building=yes; office=charity,https://www.openstreetmap.org/way/380165967
Office: A/C standard,England SE and Central S,London,way,380605747,Waterloo Cars,flat,,136.7,building=yes; amenity=taxi; office=taxi; shop=taxi,https://www.openstreetmap.org/way/380605747
Office: A/C standard,England SE and Central S,London,way,390050376,,flat,,308.1,building=office,https://www.openstreetmap.org/way/390050376
Office: A/C standard,England SE and Central S,London,way,395000515,Probation Service,gabled,,184.0,building=yes; office=government,https://www.openstreetmap.org/way/395000515
Office: A/C standard,England SE and Central S,London,way,397805128,Wates,gabled,,214.4,building=yes; office=company,https://www.openstreetmap.org/way/397805128
Office: A/C standard,England SE and Central S,London,way,403544601,Kinetic Business Centre,gabled,,1660.4,building=office,https://www.openstreetmap.org/way/403544601
Office: A/C standard,England SE and Central S,London,way,409040679,Stratford Town Hall Annexe,hipped,,136.0,building=office,https://www.openstreetmap.org/way/409040679
Office: A/C standard,England SE and Central S,London,way,411460223,no 6 coffee,gabled,,93.7,building=office; amenity=cafe,https://www.openstreetmap.org/way/411460223
Office: A/C standard,England SE and Central S,London,way,413328805,Unit For Research Into Changing Institutions,gabled,,118.8,building=house; office=association,https://www.openstreetmap.org/way/413328805
Office: A/C standard,England SE and Central S,London,way,414827683,Regus,hipped,,696.2,building=yes; office=coworking,https://www.openstreetmap.org/way/414827683
Office: A/C standard,England SE and Central S,London,way,418385070,Bensons,quadruple_saltbox,,92.2,building=retail; office=estate_agent,https://www.openstreetmap.org/way/418385070
Office: A/C standard,England SE and Central S,London,way,420120023,British Cardiovascular Society,gambrel,,126.0,building=office; office=ngo,https://www.openstreetmap.org/way/420120023
Office: A/C standard,England SE and Central S,London,way,420120031,,gambrel,,161.1,building=office,https://www.openstreetmap.org/way/420120031
Office: A/C standard,England SE and Central S,London,way,420528328,UBS,flat,,7363.2,building=office; office=company,https://www.openstreetmap.org/way/420528328
Office: A/C standard,England SE and Central S,London,way,421365991,,mansard,,361.2,building=office,https://www.openstreetmap.org/way/421365991
Office: A/C standard,England SE and Central S,London,way,421566591,,gambrel,,286.8,building=office,https://www.openstreetmap.org/way/421566591
Office: A/C standard,England SE and Central S,London,way,422722311,Accent,gambrel,,140.6,building=office,https://www.openstreetmap.org/way/422722311
Office: A/C standard,England SE and Central S,London,way,422722314,,gambrel,,123.4,building=office,https://www.openstreetmap.org/way/422722314
Office: A/C standard,England SE and Central S,London,way,422722315,The Collective,gambrel,,167.5,building=yes; office=company,https://www.openstreetmap.org/way/422722315
Office: A/C standard,England SE and Central S,London,way,422722353,Spparc Architecture,gambrel,,115.4,building=yes; office=architect,https://www.openstreetmap.org/way/422722353
Office: A/C standard,England SE and Central S,London,way,423506753,,gambrel,,223.7,building=office,https://www.openstreetmap.org/way/423506753
Office: A/C standard,England SE and Central S,London,way,423506754,H2 Equity Partners,gambrel,,213.9,building=yes; office=company,https://www.openstreetmap.org/way/423506754
Office: A/C standard,England SE and Central S,London,way,423506757,Maggs Bros. Rare Books & Manuscripts,gambrel,,267.5,building=yes; office=company,https://www.openstreetmap.org/way/423506757
Office: A/C standard,England SE and Central S,London,way,423506758,,gambrel,,150.5,building=office,https://www.openstreetmap.org/way/423506758
Office: A/C standard,England SE and Central S,London,way,423506759,Bloomsbury Publishing plc,gambrel,,141.7,building=yes; office=publisher,https://www.openstreetmap.org/way/423506759
Office: A/C standard,England SE and Central S,London,way,423506760,,gambrel,,248.9,building=office,https://www.openstreetmap.org/way/423506760
Office: A/C standard,England SE and Central S,London,way,423506762,,gambrel,,136.4,building=office,https://www.openstreetmap.org/way/423506762
Office: A/C standard,England SE and Central S,London,way,424202404,Clear Cut,gambrel,,272.2,building=yes; office=company,https://www.openstreetmap.org/way/424202404
Office: A/C standard,England SE and Central S,London,way,424202422,ACT,gambrel,,120.9,building=yes; office=ngo,https://www.openstreetmap.org/way/424202422
Office: A/C standard,England SE and Central S,London,way,426304969,,gabled,,49.5,building=office,https://www.openstreetmap.org/way/426304969
Office: A/C standard,England SE and Central S,London,way,432234945,ABC-OT,gabled,,70.1,building=retail; office=therapist,https://www.openstreetmap.org/way/432234945
Office: A/C standard,England SE and Central S,London,way,432380104,Randall & Phillips,gabled,,57.8,building=retail; office=lawyer,https://www.openstreetmap.org/way/432380104
Office: A/C standard,England SE and Central S,London,way,436610468,Hendon Mosque Funeral Services,flat,,123.3,building=yes; office=undertaker,https://www.openstreetmap.org/way/436610468
Office: A/C standard,England SE and Central S,London,way,436610474,Sangerwal Travel,flat,,113.5,building=yes; office=travel_agent,https://www.openstreetmap.org/way/436610474
Office: A/C standard,England SE and Central S,London,way,436678573,Asian Union,flat,,75.6,building=yes; office=travel_agent,https://www.openstreetmap.org/way/436678573
Office: A/C standard,England SE and Central S,London,way,436678578,Charringtons,flat,,75.5,building=apartments; office=estate_agent,https://www.openstreetmap.org/way/436678578
Office: A/C standard,England SE and Central S,London,way,436678591,Barnet Property Link,flat,,66.8,building=yes; office=yes,https://www.openstreetmap.org/way/436678591
Office: A/C standard,England SE and Central S,London,way,436678593,One to One,flat,,72.5,building=yes; office=insurance,https://www.openstreetmap.org/way/436678593
Office: A/C standard,England SE and Central S,London,way,436848750,modlux plc,flat,,78.0,building=yes; office=architect,https://www.openstreetmap.org/way/436848750
Office: A/C standard,England SE and Central S,London,way,442767644,Docklands Academy,flat,,220.2,building=office; office=yes,https://www.openstreetmap.org/way/442767644
Office: A/C standard,England SE and Central S,London,way,442767646,Canary Wharf College,flat,,247.0,building=office; office=yes,https://www.openstreetmap.org/way/442767646
Office: A/C standard,England SE and Central S,London,way,442767647,Victory House,gabled,,299.2,building=office; office=yes,https://www.openstreetmap.org/way/442767647
Office: A/C standard,England SE and Central S,London,way,443228554,,gabled,,84.5,building=commercial; office=company,https://www.openstreetmap.org/way/443228554
Office: A/C standard,England SE and Central S,London,way,443277736,Studio Time,skillion,,255.2,building=office,https://www.openstreetmap.org/way/443277736
Office: A/C standard,England SE and Central S,London,way,450269812,L+ Architects,hipped,,84.4,building=retail; office=architect,https://www.openstreetmap.org/way/450269812
Office: A/C standard,England SE and Central S,London,way,451252530,Picasso,flat,,674.7,building=office,https://www.openstreetmap.org/way/451252530
Office: A/C standard,England SE and Central S,London,way,451799052,,flat,,635.3,building=office,https://www.openstreetmap.org/way/451799052
Office: A/C standard,England SE and Central S,London,way,457485637,,hipped,,225.7,building=office,https://www.openstreetmap.org/way/457485637
Office: A/C standard,England SE and Central S,London,way,457485638,,crosspitched,,139.6,building=office,https://www.openstreetmap.org/way/457485638
Office: A/C standard,England SE and Central S,London,way,457768281,Richmond Park Conservative Association,gambrel,,122.2,building=retail; office=political_party,https://www.openstreetmap.org/way/457768281
Office: A/C standard,England SE and Central S,London,way,459181266,Lidl,flat,,798.7,building=commercial; office=company,https://www.openstreetmap.org/way/459181266
Office: A/C standard,England SE and Central S,London,way,459667036,Stuart Mackenzie,gabled,,37.9,building=retail; office=estate_agent,https://www.openstreetmap.org/way/459667036
Office: A/C standard,England SE and Central S,London,way,460063588,,gabled,,435.6,building=yes; office=government,https://www.openstreetmap.org/way/460063588
Office: A/C standard,England SE and Central S,London,way,460090332,Village Properties,gabled,,70.2,building=retail; office=estate_agent,https://www.openstreetmap.org/way/460090332
Office: A/C standard,England SE and Central S,London,way,460090334,Bright Sterling,gabled,,56.3,building=retail; office=accountant,https://www.openstreetmap.org/way/460090334
Office: A/C standard,England SE and Central S,London,way,460325935,,gabled,,105.8,building=office,https://www.openstreetmap.org/way/460325935
Office: A/C standard,England SE and Central S,London,way,460379422,Abacus,flat,,74.7,building=yes; office=estate_agent,https://www.openstreetmap.org/way/460379422
Office: A/C standard,England SE and Central S,London,way,460379430,Bridge Universal Transport,gabled,,71.7,building=yes; amenity=taxi; office=minicab,https://www.openstreetmap.org/way/460379430
Office: A/C standard,England SE and Central S,London,way,460379442,Harris & Company,flat,,254.5,building=yes; office=estate_agent,https://www.openstreetmap.org/way/460379442
Office: A/C standard,England SE and Central S,London,way,460392772,,flat,,379.7,building=office,https://www.openstreetmap.org/way/460392772
Office: A/C standard,England SE and Central S,London,way,460408482,Barnard Marcus,saltbox,,48.7,building=retail; office=estate_agent,https://www.openstreetmap.org/way/460408482
Office: A/C standard,England SE and Central S,London,way,462773256,,flat,,98.8,building=office,https://www.openstreetmap.org/way/462773256
Office: A/C standard,England SE and Central S,London,way,463211499,Centre House,quadruple_saltbox,,670.2,building=office; healthcare=yes,https://www.openstreetmap.org/way/463211499
Office: A/C standard,England SE and Central S,London,way,463913124,Management Properties,flat,,72.3,building=yes; office=estate_agent,https://www.openstreetmap.org/way/463913124
Office: A/C standard,England SE and Central S,London,way,464989812,Byrnes Soler,gabled,,57.1,building=retail; office=accountant,https://www.openstreetmap.org/way/464989812
Office: A/C standard,England SE and Central S,London,way,465203433,Nüman,gabled,,93.9,office=estate_agent,https://www.openstreetmap.org/way/465203433
Office: A/C standard,England SE and Central S,London,way,468181455,BT,flat,,10023.2,building=commercial; office=company,https://www.openstreetmap.org/way/468181455
Office: A/C standard,England SE and Central S,London,way,470370137,K.A.,gabled,,71.5,building=yes; office=accountant,https://www.openstreetmap.org/way/470370137
Office: A/C standard,England SE and Central S,London,way,470422412,Hafeez & Co,flat,,60.5,building=residential; office=accountant,https://www.openstreetmap.org/way/470422412
Office: A/C standard,England SE and Central S,London,way,473654294,Jaffe Properties,gabled,,66.7,building=yes; office=estate_agent,https://www.openstreetmap.org/way/473654294
Office: A/C standard,England SE and Central S,London,way,478686284,Reflex,flat,,120.7,building=commercial; office=company,https://www.openstreetmap.org/way/478686284
Office: A/C standard,England SE and Central S,London,way,479471018,Kudos,flat,,51.5,building=yes; office=architect,https://www.openstreetmap.org/way/479471018
Office: A/C standard,England SE and Central S,London,way,492102752,Barbara Gibson,gabled,,48.5,building=office; office=estate_agent,https://www.openstreetmap.org/way/492102752
Office: A/C standard,England SE and Central S,London,way,492434687,,flat,,836.5,building=office,https://www.openstreetmap.org/way/492434687
Office: A/C standard,England SE and Central S,London,way,494520279,Cooper & Southwark,flat,,1329.3,building=office; office=yes,https://www.openstreetmap.org/way/494520279
Office: A/C standard,England SE and Central S,London,way,503247137,Kurt Geiger,flat,,1050.7,building=commercial; office=company,https://www.openstreetmap.org/way/503247137
Office: A/C standard,England SE and Central S,London,way,511451740,Birchills,flat,,32.2,building=yes; office=estate_agent,https://www.openstreetmap.org/way/511451740
Office: A/C standard,England SE and Central S,London,way,531242106,"Change, Grow, Live",mansard,,186.5,building=commercial; amenity=social_facility; office=ngo,https://www.openstreetmap.org/way/531242106
Office: A/C standard,England SE and Central S,London,way,531655900,,flat,,794.8,building=office,https://www.openstreetmap.org/way/531655900
Office: A/C standard,England SE and Central S,London,way,536361008,Foxtons,flat,,174.8,building=office; office=estate_agent,https://www.openstreetmap.org/way/536361008
Office: A/C standard,England SE and Central S,London,way,537840771,The Fisheries,flat,,734.0,building=apartments; office=coworking,https://www.openstreetmap.org/way/537840771
Office: A/C standard,England SE and Central S,London,way,552623286,Royal Embassy of Cambodia,hipped,,204.0,building=office; office=diplomatic,https://www.openstreetmap.org/way/552623286
Office: A/C standard,England SE and Central S,London,way,556074662,Dakota,flat,,1237.5,building=office,https://www.openstreetmap.org/way/556074662
Office: A/C standard,England SE and Central S,London,way,556307638,,flat,,147.9,building=office,https://www.openstreetmap.org/way/556307638
Office: A/C standard,England SE and Central S,London,way,561850180,Local Space,quadruple_saltbox,,167.8,building=house; office=estate_agent,https://www.openstreetmap.org/way/561850180
Office: A/C standard,England SE and Central S,London,way,568582147,Nightingale Chancellors,gabled,,79.3,building=retail; office=estate_agent,https://www.openstreetmap.org/way/568582147
Office: A/C standard,England SE and Central S,London,way,568582149,Kit Parkington,gabled,,79.4,building=yes; office=estate_agent; shop=kitchen,https://www.openstreetmap.org/way/568582149
Office: A/C standard,England SE and Central S,London,way,570757817,,flat,,255.8,building=office,https://www.openstreetmap.org/way/570757817
Office: A/C standard,England SE and Central S,London,way,570757818,,flat,,343.2,building=office,https://www.openstreetmap.org/way/570757818
Office: A/C standard,England SE and Central S,London,way,571601643,Alan Camp Architects,flat,,231.8,building=commercial; office=yes,https://www.openstreetmap.org/way/571601643
Office: A/C standard,England SE and Central S,London,way,571616175,Leyland SDM,flat,,440.4,building=office; shop=doityourself,https://www.openstreetmap.org/way/571616175
Office: A/C standard,England SE and Central S,London,way,572580594,,flat,,524.6,building=office,https://www.openstreetmap.org/way/572580594
Office: A/C standard,England SE and Central S,London,way,583033291,Douglass Simon Solicitors,gabled,,61.5,building=house; office=lawyer,https://www.openstreetmap.org/way/583033291
Office: A/C standard,England SE and Central S,London,way,584021056,,mansard,,215.5,building=office,https://www.openstreetmap.org/way/584021056
Office: A/C standard,England SE and Central S,London,way,584271110,,double_saltbox,,41.0,building=office,https://www.openstreetmap.org/way/584271110
Office: A/C standard,England SE and Central S,London,way,584421086,,flat,,289.1,building=office,https://www.openstreetmap.org/way/584421086
Office: A/C standard,England SE and Central S,London,way,584421610,,flat,,892.4,building=yes; office=yes,https://www.openstreetmap.org/way/584421610
Office: A/C standard,England SE and Central S,London,way,585940452,,flat,,498.7,building=office,https://www.openstreetmap.org/way/585940452
Office: A/C standard,England SE and Central S,London,way,585940453,,flat,,498.6,building=office,https://www.openstreetmap.org/way/585940453
Office: A/C standard,England SE and Central S,London,way,586085713,Michael Jones Architects,butterfly,,46.1,building=retail; office=architect,https://www.openstreetmap.org/way/586085713
Office: A/C standard,England SE and Central S,London,way,587040940,Mini Vape Lab Ltd,flat,,209.4,building=industrial; office=company,https://www.openstreetmap.org/way/587040940
Office: A/C standard,England SE and Central S,London,way,587903378,,gabled,,65.2,building=office,https://www.openstreetmap.org/way/587903378
Office: A/C standard,England SE and Central S,London,way,591249230,,hipped,,54.4,office=yes,https://www.openstreetmap.org/way/591249230
Office: A/C standard,England SE and Central S,London,way,591249231,Cambridge Cottage,hipped,,242.8,office=yes,https://www.openstreetmap.org/way/591249231
Office: A/C standard,England SE and Central S,London,way,592441193,,gabled,,598.7,building=office,https://www.openstreetmap.org/way/592441193
Office: A/C standard,England SE and Central S,London,way,593469469,,flat,,138.3,building=office; office=yes,https://www.openstreetmap.org/way/593469469
Office: A/C standard,England SE and Central S,London,way,595216677,Barnes Fine Art Gallery,gabled,,63.0,building=yes; office=estate_agent; shop=art,https://www.openstreetmap.org/way/595216677
Office: A/C standard,England SE and Central S,London,way,595216678,Maze,gabled,,62.9,building=yes; office=estate_agent; shop=art,https://www.openstreetmap.org/way/595216678
Office: A/C standard,England SE and Central S,London,way,600875396,Stylus Architects,gabled,,82.1,building=retail; office=architect,https://www.openstreetmap.org/way/600875396
Office: A/C standard,England SE and Central S,London,way,600875398,Carter Jonas,gabled,,56.8,building=retail; office=estate_agent,https://www.openstreetmap.org/way/600875398
Office: A/C standard,England SE and Central S,London,way,617505282,Estate Office,gabled,,55.6,building=yes; office=property_maintenance,https://www.openstreetmap.org/way/617505282
Office: A/C standard,England SE and Central S,London,way,621310265,Rainbow Guarding,flat,,41.4,building=yes; office=security,https://www.openstreetmap.org/way/621310265
Office: A/C standard,England SE and Central S,London,way,622097766,,flat,,112.2,building=office,https://www.openstreetmap.org/way/622097766
Office: A/C standard,England SE and Central S,London,way,629862190,Bank Indonesia,flat,,152.1,building=office; office=bank,https://www.openstreetmap.org/way/629862190
Office: A/C standard,England SE and Central S,London,way,637945481,,flat,,100.2,building=office,https://www.openstreetmap.org/way/637945481
Office: A/C standard,England SE and Central S,London,way,648056177,Aletta Shaw Solicitors,flat,,240.4,building=office; office=lawyer,https://www.openstreetmap.org/way/648056177
Office: A/C standard,England SE and Central S,London,way,656614121,Richmond Events,gabled,,505.5,building=office; office=yes,https://www.openstreetmap.org/way/656614121
Office: A/C standard,England SE and Central S,London,way,686442290,Rudolf Steiner House,flat,,667.5,building=office; office=charity,https://www.openstreetmap.org/way/686442290
Office: A/C standard,England SE and Central S,London,way,686524763,Boston Place Fertility,gambrel,,286.4,building=office; healthcare=clinic,https://www.openstreetmap.org/way/686524763
Office: A/C standard,England SE and Central S,London,way,686524764,Saudi Arabia Visa Office,gambrel,,215.5,building=office,https://www.openstreetmap.org/way/686524764
Office: A/C standard,England SE and Central S,London,way,686524765,Osteopathic Association Clinic,double_saltbox,,131.8,building=office; healthcare=clinic,https://www.openstreetmap.org/way/686524765
Office: A/C standard,England SE and Central S,London,way,693587551,Chestertons,flat,,122.2,building=retail; office=estate_agent,https://www.openstreetmap.org/way/693587551
Office: A/C standard,England SE and Central S,London,way,694353528,Storm Building,flat,,63.2,building=retail; office=architect,https://www.openstreetmap.org/way/694353528
Office: A/C standard,England SE and Central S,London,way,694353533,,flat,,2866.1,building=office,https://www.openstreetmap.org/way/694353533
Office: A/C standard,England SE and Central S,London,way,699064889,,flat,,396.3,building=office,https://www.openstreetmap.org/way/699064889
Office: A/C standard,England SE and Central S,London,way,705401023,Canary Wharf Management,flat,,428.4,building=office,https://www.openstreetmap.org/way/705401023
Office: A/C standard,England SE and Central S,London,way,705401024,,flat,,416.0,building=office,https://www.openstreetmap.org/way/705401024
Office: A/C standard,England SE and Central S,London,way,708076042,,flat,,863.2,building=office,https://www.openstreetmap.org/way/708076042
Office: A/C standard,England SE and Central S,London,way,742635807,,skillion,,1569.5,building=office,https://www.openstreetmap.org/way/742635807
Office: A/C standard,England SE and Central S,London,way,746140718,Greater World Spiritual Centre,mansard,,218.9,building=yes; office=religion,https://www.openstreetmap.org/way/746140718
Office: A/C standard,England SE and Central S,London,way,746140719,Marie Stopes International,mansard,,292.6,building=office; office=educational_institution,https://www.openstreetmap.org/way/746140719
Office: A/C standard,England SE and Central S,London,way,753788712,,flat,,809.5,building=office,https://www.openstreetmap.org/way/753788712
Office: A/C standard,England SE and Central S,London,way,763441975,Seven Fives,flat,,45.5,office=taxi,https://www.openstreetmap.org/way/763441975
Office: A/C standard,England SE and Central S,London,way,795870098,Paul May Fitness,double_saltbox,,65.1,building=office,https://www.openstreetmap.org/way/795870098
Office: A/C standard,England SE and Central S,London,way,797108336,,flat,,652.4,building=office,https://www.openstreetmap.org/way/797108336
Office: A/C standard,England SE and Central S,London,way,809433197,,hipped,,556.7,building=office,https://www.openstreetmap.org/way/809433197
Office: A/C standard,England SE and Central S,London,way,810617529,,flat,,487.1,building=office,https://www.openstreetmap.org/way/810617529
Office: A/C standard,England SE and Central S,London,way,810868185,,flat,,93.1,building=office,https://www.openstreetmap.org/way/810868185
Office: A/C standard,England SE and Central S,London,way,810868186,,flat,,24.3,building=office,https://www.openstreetmap.org/way/810868186
Office: A/C standard,England SE and Central S,London,way,810868187,,gabled,,42.4,building=office,https://www.openstreetmap.org/way/810868187
Office: A/C standard,England SE and Central S,London,way,820226621,,flat,,64.3,building=office,https://www.openstreetmap.org/way/820226621
Office: A/C standard,England SE and Central S,London,way,823172379,,gabled,,83.4,building=office,https://www.openstreetmap.org/way/823172379
Office: A/C standard,England SE and Central S,London,way,823172380,,gabled,,105.7,building=office,https://www.openstreetmap.org/way/823172380
Office: A/C standard,England SE and Central S,London,way,826256472,,gabled,,86.9,building=office,https://www.openstreetmap.org/way/826256472
Office: A/C standard,England SE and Central S,London,way,828245104,,many,,538.7,building=office,https://www.openstreetmap.org/way/828245104
Office: A/C standard,England SE and Central S,London,way,828975259,,flat,,130.7,building=office,https://www.openstreetmap.org/way/828975259
Office: A/C standard,England SE and Central S,London,way,829408490,,gabled,,33.8,building=office,https://www.openstreetmap.org/way/829408490
Office: A/C standard,England SE and Central S,London,way,830315445,Property King,flat,,57.0,building=retail; office=estate_agent,https://www.openstreetmap.org/way/830315445
Office: A/C standard,England SE and Central S,London,way,833168922,,gabled,,215.3,building=office,https://www.openstreetmap.org/way/833168922
Office: A/C standard,England SE and Central S,London,way,833168923,,hipped,,244.8,building=office,https://www.openstreetmap.org/way/833168923
Office: A/C standard,England SE and Central S,London,way,834826711,,flat,,659.0,building=office; office=coworking,https://www.openstreetmap.org/way/834826711
Office: A/C standard,England SE and Central S,London,way,843624427,,sawtooth,,514.9,building=office,https://www.openstreetmap.org/way/843624427
Office: A/C standard,England SE and Central S,London,way,844342851,,flat,,33.0,building=office,https://www.openstreetmap.org/way/844342851
Office: A/C standard,England SE and Central S,London,way,848965536,New Homerton Car Service,flat,,31.2,building=office,https://www.openstreetmap.org/way/848965536
Office: A/C standard,England SE and Central S,London,way,848965572,Wyke Estate Office,gabled,,145.8,building=office; office=property_management,https://www.openstreetmap.org/way/848965572
Office: A/C standard,England SE and Central S,London,way,851778184,Martino Denai,flat,,116.7,building=house; office=estate_agent,https://www.openstreetmap.org/way/851778184
Office: A/C standard,England SE and Central S,London,way,853331372,Imperial House,flat,,709.6,building=office,https://www.openstreetmap.org/way/853331372
Office: A/C standard,England SE and Central S,London,way,854086898,,flat,,11.4,building=office,https://www.openstreetmap.org/way/854086898
Office: A/C standard,England SE and Central S,London,way,856076972,Savoy Minicabs,flat,,27.0,building=house; office=taxi,https://www.openstreetmap.org/way/856076972
Office: A/C standard,England SE and Central S,London,way,868706034,,flat,,82.7,building=office,https://www.openstreetmap.org/way/868706034
Office: A/C standard,England SE and Central S,London,way,882116957,FullCycle,flat,,219.5,building=yes; office=association,https://www.openstreetmap.org/way/882116957
Office: A/C standard,England SE and Central S,London,way,911539932,Connor Prince,hipped,,96.9,building=house; office=estate_agent,https://www.openstreetmap.org/way/911539932
Office: A/C standard,England SE and Central S,London,way,912419578,,hipped,,441.2,building=office,https://www.openstreetmap.org/way/912419578
Office: A/C standard,England SE and Central S,London,way,917623411,Quality Solicitors Brett Holt,hipped,,50.5,building=house; office=lawyer,https://www.openstreetmap.org/way/917623411
Office: A/C standard,England SE and Central S,London,way,922113481,Hackney Quest,flat,,55.6,building=office; office=charity,https://www.openstreetmap.org/way/922113481
Office: A/C standard,England SE and Central S,London,way,936110753,,flat,,117.4,building=office,https://www.openstreetmap.org/way/936110753
Office: A/C standard,England SE and Central S,London,way,936110758,,flat,,88.8,building=office,https://www.openstreetmap.org/way/936110758
Office: A/C standard,England SE and Central S,London,way,936110759,,flat,,170.9,building=office,https://www.openstreetmap.org/way/936110759
Office: A/C standard,England SE and Central S,London,way,936110762,,flat,,268.9,building=office,https://www.openstreetmap.org/way/936110762
Office: A/C standard,England SE and Central S,London,way,936110766,,hipped,,692.9,building=office,https://www.openstreetmap.org/way/936110766
Office: A/C standard,England SE and Central S,London,way,939967785,,flat,,518.9,building=office,https://www.openstreetmap.org/way/939967785
Office: A/C standard,England SE and Central S,London,way,951404437,Richstone Properties,flat,,159.2,building=retail; office=estate_agent,https://www.openstreetmap.org/way/951404437
Office: A/C standard,England SE and Central S,London,way,961121843,Lidl UK Headquarters,flat,,4905.4,building=office,https://www.openstreetmap.org/way/961121843
Office: A/C standard,England SE and Central S,London,way,963318981,Mind,flat,,142.6,building=yes; office=ngo,https://www.openstreetmap.org/way/963318981
Office: A/C standard,England SE and Central S,London,way,963414472,Main Reception Office,gabled,,174.3,building=office,https://www.openstreetmap.org/way/963414472
Office: A/C standard,England SE and Central S,London,way,965398975,,hipped,,199.1,building=office,https://www.openstreetmap.org/way/965398975
Office: A/C standard,England SE and Central S,London,way,967982044,,flat,,61.5,building=retail; office=estate_agent,https://www.openstreetmap.org/way/967982044
Office: A/C standard,England SE and Central S,London,way,971012016,Wooden Horse,flat,,98.9,building=commercial; office=yes,https://www.openstreetmap.org/way/971012016
Office: A/C standard,England SE and Central S,London,way,974136631,Sheen Court Estate Office,flat,,94.8,building=office,https://www.openstreetmap.org/way/974136631
Office: A/C standard,England SE and Central S,London,way,988833861,,hipped,,291.5,building=office,https://www.openstreetmap.org/way/988833861
Office: A/C standard,England SE and Central S,London,way,996506248,,flat,,238.1,building=office,https://www.openstreetmap.org/way/996506248
Office: A/C standard,England SE and Central S,London,way,1001475340,LG Electronics U.K.,flat,,1465.7,building=commercial; office=company,https://www.openstreetmap.org/way/1001475340
Office: A/C standard,England SE and Central S,London,way,1002023571,,flat,,227.1,building=yes; office=yes,https://www.openstreetmap.org/way/1002023571
Office: A/C standard,England SE and Central S,London,way,1008069598,Mainyard Studios,gambrel,,187.3,building=yes; office=coworking,https://www.openstreetmap.org/way/1008069598
Office: A/C standard,England SE and Central S,London,way,1008677934,,butterfly,,251.2,building=office,https://www.openstreetmap.org/way/1008677934
Office: A/C standard,England SE and Central S,London,way,1009690285,,flat,,1837.6,building=office,https://www.openstreetmap.org/way/1009690285
Office: A/C standard,England SE and Central S,London,way,1013369112,Cuttle,gabled,,145.0,building=apartments; office=construction,https://www.openstreetmap.org/way/1013369112
Office: A/C standard,England SE and Central S,London,way,1036593843,,flat,,168.7,building=office,https://www.openstreetmap.org/way/1036593843
Office: A/C standard,England SE and Central S,London,way,1039207454,Meta,flat,,6785.4,building=office; office=it,https://www.openstreetmap.org/way/1039207454
Office: A/C standard,England SE and Central S,London,way,1046190324,Pentagon House,gabled,,380.8,building=office; office=yes,https://www.openstreetmap.org/way/1046190324
Office: A/C standard,England SE and Central S,London,way,1051523453,Harrods Village,round,,25.2,building=office; office=security,https://www.openstreetmap.org/way/1051523453
Office: A/C standard,England SE and Central S,London,way,1058015263,,gabled,,685.7,building=office,https://www.openstreetmap.org/way/1058015263
Office: A/C standard,England SE and Central S,London,way,1081599532,,flat,,1096.3,building=office,https://www.openstreetmap.org/way/1081599532
Office: A/C standard,England SE and Central S,London,way,1106082566,,quadruple_saltbox,,511.6,building=office,https://www.openstreetmap.org/way/1106082566
Office: A/C standard,England SE and Central S,London,way,1107830704,,flat,,277.7,building=office,https://www.openstreetmap.org/way/1107830704
Office: A/C standard,England SE and Central S,London,way,1107974278,,gabled,,67.1,building=office,https://www.openstreetmap.org/way/1107974278
Office: A/C standard,England SE and Central S,London,way,1108012183,,flat,,447.7,building=office,https://www.openstreetmap.org/way/1108012183
Office: A/C standard,England SE and Central S,London,way,1117244416,,hipped,,214.9,building=office,https://www.openstreetmap.org/way/1117244416
Office: A/C standard,England SE and Central S,London,way,1126536985,,flat,,58.7,building=office,https://www.openstreetmap.org/way/1126536985
Office: A/C standard,England SE and Central S,London,way,1131621542,BSW Heating,gabled,,656.4,building=yes; office=yes,https://www.openstreetmap.org/way/1131621542
Office: A/C standard,England SE and Central S,London,way,1135271179,,flat,,42.3,building=office,https://www.openstreetmap.org/way/1135271179
Office: A/C standard,England SE and Central S,London,way,1135272103,,flat,,100.8,building=office,https://www.openstreetmap.org/way/1135272103
Office: A/C standard,England SE and Central S,London,way,1166995026,,gabled,,18.6,building=commercial; office=taxi,https://www.openstreetmap.org/way/1166995026
Office: A/C standard,England SE and Central S,London,way,1167685788,,flat,,380.1,building=office,https://www.openstreetmap.org/way/1167685788
Office: A/C standard,England SE and Central S,London,way,1185924583,,flat,,108.8,building=yes; office=security,https://www.openstreetmap.org/way/1185924583
Office: A/C standard,England SE and Central S,London,way,1292791631,,flat,,215.3,building=office,https://www.openstreetmap.org/way/1292791631
Office: A/C standard,England SE and Central S,London,way,1312259005,Rainbow Reid,flat,,13.2,building=commercial; office=estate_agent,https://www.openstreetmap.org/way/1312259005
Office: A/C standard,England SE and Central S,London,way,1338281424,,hipped,,82.7,building=yes; office=yes,https://www.openstreetmap.org/way/1338281424
Office: A/C standard,England SE and Central S,London,way,1367401995,Renaissance Personnel,hipped,,63.1,building=house; office=employment_agency,https://www.openstreetmap.org/way/1367401995
Office: A/C standard,England SE and Central S,London,way,1392213558,,flat,,434.1,building=office,https://www.openstreetmap.org/way/1392213558
Office: A/C standard,England SE and Central S,London,way,1448303785,3 Queen Victoria Street,flat,,11110.8,building=commercial; office=company,https://www.openstreetmap.org/way/1448303785
Office: A/C standard,England SE and Central S,London,way,1450388660,O/I Design Studio,gabled,,19.2,building=yes; office=architect,https://www.openstreetmap.org/way/1450388660
Office: A/C standard,England SE and Central S,London,way,1450388666,Vantage Accident Management Group,gabled,,21.5,building=yes; office=yes,https://www.openstreetmap.org/way/1450388666
Office: A/C standard,England SE and Central S,London,way,1494047927,HomePro Roofing,flat,,48.5,building=office,https://www.openstreetmap.org/way/1494047927
Office: A/C standard,England SE and Central S,London,relation,2989465,,flat,,3462.8,building=office,https://www.openstreetmap.org/relation/2989465
Office: A/C standard,England SE and Central S,London,relation,5987602,Australian High Commission,quadruple_saltbox,,1984.4,building=public; office=diplomatic,https://www.openstreetmap.org/relation/5987602
Office: A/C standard,England SE and Central S,London,relation,8256823,,flat,,798.3,building=office; office=yes,https://www.openstreetmap.org/relation/8256823
Office: A/C standard,England SE and Central S,London,relation,11199935,London Stock Exchange,flat,,4853.6,building=commercial; amenity=stock_exchange; office=company,https://www.openstreetmap.org/relation/11199935
Office: A/C standard,England SE and Central S,London,relation,11307503,Weybridge Register Office,gabled,,410.1,building=yes; office=government,https://www.openstreetmap.org/relation/11307503
Office: A/C standard,England SE and Central S,London,relation,11314056,,flat,,1205.3,building=office,https://www.openstreetmap.org/relation/11314056
Office: A/C standard,England SE and Central S,London,relation,11314057,,flat,,1184.7,building=office,https://www.openstreetmap.org/relation/11314057
Office: A/C standard,England SE and Central S,London,relation,11940799,Chelsea Chambers,flat,,408.0,building=office,https://www.openstreetmap.org/relation/11940799
Office: A/C standard,England SE and Central S,London,relation,12183164,Rosenstiel's,double_saltbox,,156.3,building=yes; office=publisher,https://www.openstreetmap.org/relation/12183164
Office: A/C standard,England SW and S Wales,Exeter,way,26386716,Great Moor House,gabled,,5614.3,building=office,https://www.openstreetmap.org/way/26386716
Office: A/C standard,England SW and S Wales,Exeter,way,88511890,L H C Urban Design Ltd,pyramidal,,338.0,building=yes; office=yes,https://www.openstreetmap.org/way/88511890
Office: A/C standard,England SW and S Wales,Exeter,way,88511892,Kier,gabled,,606.8,building=yes; office=yes,https://www.openstreetmap.org/way/88511892
Office: A/C standard,England SW and S Wales,Exeter,way,97971491,First Databank,round,,620.4,building=yes; office=company,https://www.openstreetmap.org/way/97971491
Office: A/C standard,England SW and S Wales,Exeter,way,97971492,Connaught House,round,,606.4,building=yes; office=yes,https://www.openstreetmap.org/way/97971492
Office: A/C standard,England SW and S Wales,Exeter,way,97971493,Admiral House,round,,517.8,building=yes; office=yes,https://www.openstreetmap.org/way/97971493
Office: A/C standard,England SW and S Wales,Exeter,way,104709441,Woodwater House,flat,,1834.4,building=yes; office=yes,https://www.openstreetmap.org/way/104709441
Office: A/C standard,England SW and S Wales,Exeter,way,114939614,Pynes Hill House,hipped,,3430.3,building=yes; office=yes,https://www.openstreetmap.org/way/114939614
Office: A/C standard,England SW and S Wales,Exeter,way,116020320,EDF,flat,,2726.0,building=yes; office=energy_supplier,https://www.openstreetmap.org/way/116020320
Office: A/C standard,England SW and S Wales,Exeter,way,116020985,Ashfords LLP,round,,1601.6,building=yes; office=company,https://www.openstreetmap.org/way/116020985
Office: A/C standard,England SW and S Wales,Exeter,way,148804307,Lucombe House,hipped,,742.0,building=yes; office=government,https://www.openstreetmap.org/way/148804307
Office: A/C standard,England SW and S Wales,Exeter,way,155335091,Norman Rourke Pryme ltd,hipped,,143.8,building=yes; office=yes,https://www.openstreetmap.org/way/155335091
Office: A/C standard,England SW and S Wales,Exeter,way,155335092,Kendall Kingscott,hipped,,267.1,building=yes; office=architect,https://www.openstreetmap.org/way/155335092
Office: A/C standard,England SW and S Wales,Exeter,way,155335099,Hunter Stoves Limited,gabled,,1776.8,building=yes; office=yes,https://www.openstreetmap.org/way/155335099
Office: A/C standard,England SW and S Wales,Exeter,way,155335100,NFU Mutual,hipped,,139.4,building=yes; office=financial,https://www.openstreetmap.org/way/155335100
Office: A/C standard,England SW and S Wales,Exeter,way,155335103,Stratus House,flat,,960.1,building=yes; office=yes,https://www.openstreetmap.org/way/155335103
Office: A/C standard,England SW and S Wales,Exeter,way,155335104,ETS House,gabled,,334.6,building=yes; office=yes,https://www.openstreetmap.org/way/155335104
Office: A/C standard,England SW and S Wales,Exeter,way,155335106,Old Mill,hipped,,406.2,building=yes; office=accountant,https://www.openstreetmap.org/way/155335106
Office: A/C standard,England SW and S Wales,Exeter,way,155335107,Unison House,hipped,,423.8,building=office; office=union,https://www.openstreetmap.org/way/155335107
Office: A/C standard,England SW and S Wales,Exeter,way,155335109,Regus,gabled,,990.6,building=yes; office=coworking,https://www.openstreetmap.org/way/155335109
Office: A/C standard,England SW and S Wales,Exeter,way,155335110,CEDA,gabled,,447.6,building=yes; office=yes,https://www.openstreetmap.org/way/155335110
Office: A/C standard,England SW and S Wales,Exeter,way,155335114,RH Partners,hipped,,228.8,building=yes; office=yes,https://www.openstreetmap.org/way/155335114
Office: A/C standard,England SW and S Wales,Exeter,way,155335118,The Exeter,gabled,,618.1,building=yes; office=yes,https://www.openstreetmap.org/way/155335118
Office: A/C standard,England SW and S Wales,Exeter,way,164108716,AECOM,hipped,,868.4,building=yes; office=company,https://www.openstreetmap.org/way/164108716
Office: A/C standard,England SW and S Wales,Exeter,way,167401887,Winfields,gabled,,118.5,building=yes; office=estate_agent,https://www.openstreetmap.org/way/167401887
Office: A/C standard,England SW and S Wales,Exeter,way,170611063,,hipped,,858.4,building=yes; office=yes,https://www.openstreetmap.org/way/170611063
Office: A/C standard,England SW and S Wales,Exeter,way,170611065,Rosemoor Court,hipped,,688.8,building=yes; office=yes,https://www.openstreetmap.org/way/170611065
Office: A/C standard,England SW and S Wales,Exeter,way,170611067,Redrow House,hipped,,504.1,building=yes; office=yes,https://www.openstreetmap.org/way/170611067
Office: A/C standard,England SW and S Wales,Exeter,way,170611077,Aston House,hipped,,469.3,building=yes; office=yes,https://www.openstreetmap.org/way/170611077
Office: A/C standard,England SW and S Wales,Exeter,way,170611090,,hipped,,757.5,building=yes; office=yes,https://www.openstreetmap.org/way/170611090
Office: A/C standard,England SW and S Wales,Exeter,way,170611100,Hawkins House,hipped,,883.6,building=yes; office=yes,https://www.openstreetmap.org/way/170611100
Office: A/C standard,England SW and S Wales,Exeter,way,170611104,Oracle,hipped,,601.5,building=yes; office=yes,https://www.openstreetmap.org/way/170611104
Office: A/C standard,England SW and S Wales,Exeter,way,170611105,Agricultural House,hipped,,577.6,building=yes; office=yes,https://www.openstreetmap.org/way/170611105
Office: A/C standard,England SW and S Wales,Exeter,way,170611117,Emblem House,hipped,,556.8,building=yes; office=yes,https://www.openstreetmap.org/way/170611117
Office: A/C standard,England SW and S Wales,Exeter,way,183784919,Oxygen House,round,,1651.6,building=yes; office=company,https://www.openstreetmap.org/way/183784919
Office: A/C standard,England SW and S Wales,Exeter,way,417099040,Tourism House,hipped,,585.6,building=yes; office=yes,https://www.openstreetmap.org/way/417099040
Office: A/C standard,England SW and S Wales,Exeter,way,417099041,Maximus House,hipped,,417.2,building=yes; office=yes,https://www.openstreetmap.org/way/417099041
Office: A/C standard,England SW and S Wales,Exeter,way,431533349,Radiate Plumbing & Heating,gabled,,74.5,building=yes; office=yes,https://www.openstreetmap.org/way/431533349
Office: A/C standard,England SW and S Wales,Exeter,way,482390638,LV,round,,999.5,building=office,https://www.openstreetmap.org/way/482390638
Office: A/C standard,England SW and S Wales,Exeter,way,502072182,,gabled,,74.6,building=office,https://www.openstreetmap.org/way/502072182
Office: A/C standard,England SW and S Wales,Exeter,way,667227353,Premier financial planning,skillion,,66.7,office=financial_advisor,https://www.openstreetmap.org/way/667227353
Office: A/C standard,England SW and S Wales,Exeter,way,699369490,Met Office Collaboration Building,flat,,961.4,building=commercial; office=government,https://www.openstreetmap.org/way/699369490
Office: A/C standard,England SW and S Wales,Exeter,way,699369491,Met Office IT Hall 3,flat,,2062.4,building=commercial; office=government,https://www.openstreetmap.org/way/699369491
Office: A/C standard,England SW and S Wales,Exeter,way,866032997,Ada Lovelace Building,flat,,1064.7,building=office,https://www.openstreetmap.org/way/866032997
Office: A/C standard,England SW and S Wales,Exeter,way,965673668,,flat,,450.3,building=office,https://www.openstreetmap.org/way/965673668
Office: A/C standard,England SW and S Wales,Exeter,way,1141613019,Bellair House,hipped,,118.8,building=office; office=government,https://www.openstreetmap.org/way/1141613019
Office: A/C standard,England SW and S Wales,Exeter,way,1483835937,The Annex,hipped,,871.4,building=office; office=government,https://www.openstreetmap.org/way/1483835937
Office: A/C standard,England SW and S Wales,Exeter,way,1483843172,Main Building,hipped,,3904.4,building=office; office=government,https://www.openstreetmap.org/way/1483843172
Office: A/C standard,Midlands,Birmingham,way,31859286,Terrace Huts,flat,,1637.4,building=office,https://www.openstreetmap.org/way/31859286
Office: A/C standard,Midlands,Birmingham,way,77179357,Calthorpe Estates,gabled,,143.4,building=office,https://www.openstreetmap.org/way/77179357
Office: A/C standard,Midlands,Birmingham,way,88453812,,hipped,,337.4,building=office,https://www.openstreetmap.org/way/88453812
Office: A/C standard,Midlands,Birmingham,way,91528715,National Probation Service,flat,,417.0,building=office,https://www.openstreetmap.org/way/91528715
Office: A/C standard,Midlands,Birmingham,way,134773894,Bournville Village Trust HQ,gabled,,806.8,building=office,https://www.openstreetmap.org/way/134773894
Office: A/C standard,Midlands,Birmingham,way,1376194991,Beeches Road Community Enterprise Centre,gabled,,332.6,building=office,https://www.openstreetmap.org/way/1376194991
Office: A/C standard,Scotland E,Edinburgh,way,17689526,,flat,,7007.5,building=office,https://www.openstreetmap.org/way/17689526
Office: A/C standard,Scotland E,Edinburgh,way,30242790,,round,,360.3,building=office,https://www.openstreetmap.org/way/30242790
Office: A/C standard,Scotland E,Edinburgh,way,30242796,,round,,353.6,building=office,https://www.openstreetmap.org/way/30242796
Office: A/C standard,Scotland E,Edinburgh,way,31139135,South West Neighbourhood Office,round,,686.7,building=civic; office=yes,https://www.openstreetmap.org/way/31139135
Office: A/C standard,Scotland E,Edinburgh,way,51552713,Quayside Square,flat,,1001.7,building=office,https://www.openstreetmap.org/way/51552713
Office: A/C standard,Scotland E,Edinburgh,way,53348134,Kennedys Law LLP,flat,,250.1,building=office,https://www.openstreetmap.org/way/53348134
Office: A/C standard,Scotland E,Edinburgh,way,55473242,Copeland House,gabled,,329.7,building=detached; office=research,https://www.openstreetmap.org/way/55473242
Office: A/C standard,Scotland E,Edinburgh,way,55473249,Villas,quadruple_saltbox,,472.5,building=semidetached_house; office=research,https://www.openstreetmap.org/way/55473249
Office: A/C standard,Scotland E,Edinburgh,way,60688548,Ocean Point 1,flat,,886.5,building=office,https://www.openstreetmap.org/way/60688548
Office: A/C standard,Scotland E,Edinburgh,way,79689704,TechCube,flat,,313.9,building=office,https://www.openstreetmap.org/way/79689704
Office: A/C standard,Scotland E,Edinburgh,way,98286216,,flat,,733.0,building=office,https://www.openstreetmap.org/way/98286216
Office: A/C standard,Scotland E,Edinburgh,way,98286219,Scottish Wildlife Trust,quadruple_saltbox,,954.0,building=office,https://www.openstreetmap.org/way/98286219
Office: A/C standard,Scotland E,Edinburgh,way,123564635,,flat,,1297.7,building=office,https://www.openstreetmap.org/way/123564635
Office: A/C standard,Scotland E,Edinburgh,way,279541939,Lyon & Turnbull,hipped,,171.7,building=office,https://www.openstreetmap.org/way/279541939
Office: A/C standard,Scotland E,Edinburgh,way,301564430,,flat,,307.6,building=office,https://www.openstreetmap.org/way/301564430
Office: A/C standard,Scotland E,Edinburgh,way,396442674,1894 Building,hipped,,728.4,building=office; amenity=university,https://www.openstreetmap.org/way/396442674
Office: A/C standard,Scotland E,Edinburgh,way,810201012,,flat,,75.2,building=office,https://www.openstreetmap.org/way/810201012
Office: A/C standard,Scotland E,Edinburgh,way,926291411,,flat,,112.1,building=office,https://www.openstreetmap.org/way/926291411
Office: A/C standard,Scotland E,Edinburgh,way,1412158850,,flat,,10.5,building=house; office=yes,https://www.openstreetmap.org/way/1412158850
Office: A/C standard,Scotland E,Edinburgh,relation,6028459,Crawford Building,flat,,2444.4,building=university; office=research,https://www.openstreetmap.org/relation/6028459
Office: A/C standard,Scotland W,Glasgow,way,16193709,,pyramidal,,702.2,building=office,https://www.openstreetmap.org/way/16193709
Office: A/C standard,Scotland W,Glasgow,way,16193711,Blyth & Blyth,pyramidal,,698.5,building=office,https://www.openstreetmap.org/way/16193711
Office: A/C standard,Scotland W,Glasgow,way,25845210,South Rotunda,dome,,447.0,building=office,https://www.openstreetmap.org/way/25845210
Office: A/C standard,Scotland W,Glasgow,way,116739660,,flat,,1906.7,building=office,https://www.openstreetmap.org/way/116739660
Office: A/C standard,Scotland W,Glasgow,way,119504358,,flat,,272.5,building=office,https://www.openstreetmap.org/way/119504358
Office: A/C standard,Scotland W,Glasgow,way,119504369,,gabled,,435.8,building=office,https://www.openstreetmap.org/way/119504369
Office: A/C standard,Scotland W,Glasgow,way,132433837,Clyde House,gabled,,508.0,building=yes; office=yes,https://www.openstreetmap.org/way/132433837
Office: A/C standard,Scotland W,Glasgow,way,132433856,Kintyre House,hipped,,450.9,building=yes; office=yes,https://www.openstreetmap.org/way/132433856
Office: A/C standard,Scotland W,Glasgow,way,133868740,Four Winds Pavillion,gabled,,1106.1,building=industrial; office=yes,https://www.openstreetmap.org/way/133868740
Office: A/C standard,Scotland W,Glasgow,way,170485140,,hipped,,2026.4,building=office,https://www.openstreetmap.org/way/170485140
Office: A/C standard,Scotland W,Glasgow,way,175762406,,round,,1463.0,building=office,https://www.openstreetmap.org/way/175762406
Office: A/C standard,Scotland W,Glasgow,way,175762408,West of Scotland Signalling Centre,hipped,,1798.2,building=office,https://www.openstreetmap.org/way/175762408
Office: A/C standard,Scotland W,Glasgow,way,177583714,,hipped,,292.5,building=yes; office=yes,https://www.openstreetmap.org/way/177583714
Office: A/C standard,Scotland W,Glasgow,way,178994886,Canal House,hipped,,405.6,building=office,https://www.openstreetmap.org/way/178994886
Office: A/C standard,Scotland W,Glasgow,way,587581366,,gabled,,3628.9,building=office,https://www.openstreetmap.org/way/587581366
Office: A/C standard,Scotland W,Glasgow,way,749289000,JP Morgan Chase,flat,,2744.5,building=office,https://www.openstreetmap.org/way/749289000
Office: A/C standard,Scotland W,Glasgow,way,781626094,Jobcentre Plus,hipped,,1738.0,building=government; office=employment_agency,https://www.openstreetmap.org/way/781626094
Office: A/C standard,Scotland W,Glasgow,way,1212408532,,flat,,345.7,building=office,https://www.openstreetmap.org/way/1212408532
Office: A/C standard,Scotland W,Glasgow,way,1289001375,,flat,,147.5,building=office,https://www.openstreetmap.org/way/1289001375
Retail: Department store,East Anglia,Norwich,way,33424444,Aldiss,flat,,2942.4,building=retail; shop=furniture,https://www.openstreetmap.org/way/33424444
Retail: Department store,East Anglia,Norwich,way,33812011,Hughes,flat,,2172.1,building=retail; shop=electronics,https://www.openstreetmap.org/way/33812011
Retail: Department store,East Anglia,Norwich,way,108865948,Gourmet Burger Kitchen,flat,,173.9,building=retail; amenity=restaurant,https://www.openstreetmap.org/way/108865948
Retail: Department store,East Anglia,Norwich,way,108866009,The Real Greek,flat,,264.8,building=retail; amenity=restaurant,https://www.openstreetmap.org/way/108866009
Retail: Department store,East Anglia,Norwich,way,114580056,Charles Tyrwhitt,flat,,265.6,building=retail; shop=clothes,https://www.openstreetmap.org/way/114580056
Retail: Department store,East Anglia,Norwich,way,119380489,P W Angling,gabled,,70.6,building=retail; shop=sports,https://www.openstreetmap.org/way/119380489
Retail: Department store,East Anglia,Norwich,way,119380492,Oasis Stores,gabled,,162.9,building=retail; shop=convenience,https://www.openstreetmap.org/way/119380492
Retail: Department store,East Anglia,Norwich,way,119380494,Blackbird,hipped,,84.3,building=retail; shop=tattoo,https://www.openstreetmap.org/way/119380494
Retail: Department store,East Anglia,Norwich,way,119569259,New Island,flat,,70.9,building=retail; amenity=fast_food,https://www.openstreetmap.org/way/119569259
Retail: Department store,East Anglia,Norwich,way,124952109,The Compleat Angler,pitched,,181.7,building=retail; amenity=pub,https://www.openstreetmap.org/way/124952109
Retail: Department store,East Anglia,Norwich,way,134236867,East of England CO-OP Daily,hipped,,437.6,building=retail; shop=convenience,https://www.openstreetmap.org/way/134236867
Retail: Department store,East Anglia,Norwich,way,135806259,The Television & Movie Store,flat,,294.2,building=retail; shop=collector,https://www.openstreetmap.org/way/135806259
Retail: Department store,East Anglia,Norwich,way,140577412,,gabled,,72.9,building=retail,https://www.openstreetmap.org/way/140577412
Retail: Department store,East Anglia,Norwich,way,171202245,Plasterers Arms,gabled,,150.6,building=retail; amenity=pub,https://www.openstreetmap.org/way/171202245
Retail: Department store,East Anglia,Norwich,way,338963850,ELM,gabled,,90.4,building=retail; shop=homeware;gift,https://www.openstreetmap.org/way/338963850
Retail: Department store,East Anglia,Norwich,way,338963854,Fire and Flux Cermaics,gabled,,58.2,building=retail; shop=houseware,https://www.openstreetmap.org/way/338963854
Retail: Department store,East Anglia,Norwich,way,338963855,Imelda's,gabled,,206.5,building=retail; shop=shoes,https://www.openstreetmap.org/way/338963855
Retail: Department store,East Anglia,Norwich,way,451689248,Safe Haven - City Response Centre,flat,,29.4,building=retail,https://www.openstreetmap.org/way/451689248
Retail: Department store,East Anglia,Norwich,way,676122717,,gabled,,103.0,building=retail,https://www.openstreetmap.org/way/676122717
Retail: Department store,East Anglia,Norwich,way,699369495,,flat,,201.2,building=retail,https://www.openstreetmap.org/way/699369495
Retail: Department store,England E and NE,Newcastle,way,96630509,Arnold Clark,flat,,4559.1,building=retail; shop=car,https://www.openstreetmap.org/way/96630509
Retail: Department store,England E and NE,Newcastle,way,245115552,,flat,,2454.7,building=retail,https://www.openstreetmap.org/way/245115552
Retail: Department store,England E and NE,Newcastle,way,245115557,,gabled,,55.4,building=retail,https://www.openstreetmap.org/way/245115557
Retail: Department store,England E and NE,Newcastle,way,245115572,,gabled,,62.8,building=retail,https://www.openstreetmap.org/way/245115572
Retail: Department store,England E and NE,Newcastle,way,245115575,,gabled,,83.2,building=retail,https://www.openstreetmap.org/way/245115575
Retail: Department store,England E and NE,Newcastle,relation,12524966,,flat,,0.0,building=retail,https://www.openstreetmap.org/relation/12524966
Retail: Department store,England NW and N Wales,Manchester,way,32547781,Lidl,flat,,1583.9,building=retail; shop=supermarket,https://www.openstreetmap.org/way/32547781
Retail: Department store,England NW and N Wales,Manchester,way,136844053,Tesco Express,round,,527.7,building=retail; shop=convenience,https://www.openstreetmap.org/way/136844053
Retail: Department store,England NW and N Wales,Manchester,way,136999879,,flat,,1481.1,building=retail,https://www.openstreetmap.org/way/136999879
Retail: Department store,England NW and N Wales,Manchester,way,138697735,The Matchstick Man,quadruple_saltbox,,769.5,building=retail; amenity=pub,https://www.openstreetmap.org/way/138697735
Retail: Department store,England NW and N Wales,Manchester,way,154522662,,flat,,378.3,building=retail,https://www.openstreetmap.org/way/154522662
Retail: Department store,England NW and N Wales,Manchester,way,179464018,Sainsbury's,quadruple_saltbox,,8429.8,building=retail; shop=supermarket,https://www.openstreetmap.org/way/179464018
Retail: Department store,England NW and N Wales,Manchester,way,187319369,,flat,,330.6,building=retail,https://www.openstreetmap.org/way/187319369
Retail: Department store,England NW and N Wales,Manchester,way,444184384,,gabled,,435.0,building=retail,https://www.openstreetmap.org/way/444184384
Retail: Department store,England NW and N Wales,Manchester,way,482327445,Tony's Barbers Shop,gabled,,46.0,building=retail; shop=hairdresser,https://www.openstreetmap.org/way/482327445
Retail: Department store,England NW and N Wales,Manchester,way,626409857,,gabled,,54.3,building=retail,https://www.openstreetmap.org/way/626409857
Retail: Department store,England NW and N Wales,Manchester,way,640278271,,gabled,,242.2,building=retail,https://www.openstreetmap.org/way/640278271
Retail: Department store,England NW and N Wales,Manchester,way,641531361,,gabled,,172.9,building=retail,https://www.openstreetmap.org/way/641531361
Retail: Department store,England NW and N Wales,Manchester,way,646791742,,flat,,482.6,building=retail,https://www.openstreetmap.org/way/646791742
Retail: Department store,England NW and N Wales,Manchester,way,677476121,,hipped,,49.2,building=retail,https://www.openstreetmap.org/way/677476121
Retail: Department store,England NW and N Wales,Manchester,way,679024763,,mansard,,264.6,building=retail,https://www.openstreetmap.org/way/679024763
Retail: Department store,England NW and N Wales,Manchester,way,685522511,,gabled,,112.8,building=retail,https://www.openstreetmap.org/way/685522511
Retail: Department store,England NW and N Wales,Manchester,way,699654667,,many,,507.8,building=retail,https://www.openstreetmap.org/way/699654667
Retail: Department store,England NW and N Wales,Manchester,way,718484811,,flat,,642.1,building=retail,https://www.openstreetmap.org/way/718484811
Retail: Department store,England NW and N Wales,Manchester,way,718484812,,flat,,187.6,building=retail,https://www.openstreetmap.org/way/718484812
Retail: Department store,England NW and N Wales,Manchester,way,718484813,,flat,,193.8,building=retail,https://www.openstreetmap.org/way/718484813
Retail: Department store,England NW and N Wales,Manchester,way,1024589043,,half-hipped,,61.7,building=retail,https://www.openstreetmap.org/way/1024589043
Retail: Department store,England NW and N Wales,Manchester,way,1027525242,,flat,,71.5,building=retail,https://www.openstreetmap.org/way/1027525242
Retail: Department store,England NW and N Wales,Manchester,way,1072804667,,gabled,,129.2,building=retail,https://www.openstreetmap.org/way/1072804667
Retail: Department store,England NW and N Wales,Manchester,way,1105743817,,flat,,102.2,building=retail,https://www.openstreetmap.org/way/1105743817
Retail: Department store,England NW and N Wales,Manchester,way,1173668409,,gabled,,69.1,building=retail,https://www.openstreetmap.org/way/1173668409
Retail: Department store,England NW and N Wales,Manchester,way,1173668410,,gabled,,224.9,building=retail,https://www.openstreetmap.org/way/1173668410
Retail: Department store,England SE and Central S,London,way,4610230,,flat,,4430.9,building=retail,https://www.openstreetmap.org/way/4610230
Retail: Department store,England SE and Central S,London,way,4945244,Sainsbury's,quadruple_saltbox,,6642.3,building=retail; shop=supermarket,https://www.openstreetmap.org/way/4945244
Retail: Department store,England SE and Central S,London,way,4997029,Waitrose,gabled,,3087.5,building=retail; shop=supermarket,https://www.openstreetmap.org/way/4997029
Retail: Department store,England SE and Central S,London,way,6197541,Tesco Lea Valley Extra,flat,,10431.5,building=retail; shop=supermarket,https://www.openstreetmap.org/way/6197541
Retail: Department store,England SE and Central S,London,way,22870156,Asda,saltbox,,9787.3,building=retail; shop=supermarket,https://www.openstreetmap.org/way/22870156
Retail: Department store,England SE and Central S,London,way,24532872,Morrisons,flat,,10055.1,building=retail; shop=supermarket,https://www.openstreetmap.org/way/24532872
Retail: Department store,England SE and Central S,London,way,24545328,Angel Central,flat,,6074.4,building=retail; shop=mall,https://www.openstreetmap.org/way/24545328
Retail: Department store,England SE and Central S,London,way,26675031,Lidl,gabled,,2071.5,building=retail; shop=supermarket,https://www.openstreetmap.org/way/26675031
Retail: Department store,England SE and Central S,London,way,27821478,,flat,,249.1,building=retail,https://www.openstreetmap.org/way/27821478
Retail: Department store,England SE and Central S,London,way,28498379,Marks & Spencer,skillion,,3604.8,building=retail; shop=department_store,https://www.openstreetmap.org/way/28498379
Retail: Department store,England SE and Central S,London,way,28498382,,skillion,,7057.0,building=retail,https://www.openstreetmap.org/way/28498382
Retail: Department store,England SE and Central S,London,way,28682626,Peter Jones,flat,,3956.7,building=retail; shop=department_store,https://www.openstreetmap.org/way/28682626
Retail: Department store,England SE and Central S,London,way,29635140,Tesco,quadruple_saltbox,,4302.5,building=retail; shop=supermarket,https://www.openstreetmap.org/way/29635140
Retail: Department store,England SE and Central S,London,way,32824655,Oxleas Wood Cafe,gabled,,230.1,building=retail; amenity=cafe,https://www.openstreetmap.org/way/32824655
Retail: Department store,England SE and Central S,London,way,35101379,,double_saltbox,,387.3,building=retail,https://www.openstreetmap.org/way/35101379
Retail: Department store,England SE and Central S,London,way,37962005,Morrisons,flat,,4032.1,building=retail; shop=supermarket,https://www.openstreetmap.org/way/37962005
Retail: Department store,England SE and Central S,London,way,40770457,Heal's,flat,,374.7,building=retail; shop=furniture,https://www.openstreetmap.org/way/40770457
Retail: Department store,England SE and Central S,London,way,40770458,Heal & Son,flat,,520.2,building=retail; shop=furniture,https://www.openstreetmap.org/way/40770458
Retail: Department store,England SE and Central S,London,way,50317037,BMG Scooters,gabled,,54.2,building=retail; shop=motorcycle,https://www.openstreetmap.org/way/50317037
Retail: Department store,England SE and Central S,London,way,50317038,Toolstation,gabled,,154.7,building=retail; shop=doityourself,https://www.openstreetmap.org/way/50317038
Retail: Department store,England SE and Central S,London,way,51872741,,gabled,,1627.8,building=retail,https://www.openstreetmap.org/way/51872741
Retail: Department store,England SE and Central S,London,way,55886122,Akdeniz International Supermarket,gambrel,,310.4,building=retail; shop=convenience,https://www.openstreetmap.org/way/55886122
Retail: Department store,England SE and Central S,London,way,60147039,TW Perfection,gabled,,21.8,building=retail; shop=beauty,https://www.openstreetmap.org/way/60147039
Retail: Department store,England SE and Central S,London,way,68442876,Ocean Wine,flat,,88.7,building=retail; shop=convenience,https://www.openstreetmap.org/way/68442876
Retail: Department store,England SE and Central S,London,way,75818723,Red Lion Café,gabled,,22.2,building=retail; amenity=cafe,https://www.openstreetmap.org/way/75818723
Retail: Department store,England SE and Central S,London,way,82770806,,flat,,199.5,building=retail,https://www.openstreetmap.org/way/82770806
Retail: Department store,England SE and Central S,London,way,82770933,,flat,,229.7,building=retail,https://www.openstreetmap.org/way/82770933
Retail: Department store,England SE and Central S,London,way,87747318,,hipped,,254.4,building=retail,https://www.openstreetmap.org/way/87747318
Retail: Department store,England SE and Central S,London,way,89251070,Kapadia,flat,,40.4,building=retail,https://www.openstreetmap.org/way/89251070
Retail: Department store,England SE and Central S,London,way,90835566,,gabled,,48.0,building=retail,https://www.openstreetmap.org/way/90835566
Retail: Department store,England SE and Central S,London,way,90835576,,gabled,,239.4,building=retail,https://www.openstreetmap.org/way/90835576
Retail: Department store,England SE and Central S,London,way,90835595,,gabled,,237.2,building=retail,https://www.openstreetmap.org/way/90835595
Retail: Department store,England SE and Central S,London,way,90882437,,gabled,,181.4,building=retail,https://www.openstreetmap.org/way/90882437
Retail: Department store,England SE and Central S,London,way,97209494,Parliament Hill Cafe,flat,,300.8,building=retail; amenity=cafe,https://www.openstreetmap.org/way/97209494
Retail: Department store,England SE and Central S,London,way,98853215,,gabled,,237.9,building=retail,https://www.openstreetmap.org/way/98853215
Retail: Department store,England SE and Central S,London,way,99493698,,gabled,,406.0,building=retail,https://www.openstreetmap.org/way/99493698
Retail: Department store,England SE and Central S,London,way,99493733,,gabled,,632.3,building=retail,https://www.openstreetmap.org/way/99493733
Retail: Department store,England SE and Central S,London,way,99952357,,quadruple_saltbox,,364.6,building=retail,https://www.openstreetmap.org/way/99952357
Retail: Department store,England SE and Central S,London,way,100799864,,flat,,520.2,building=retail,https://www.openstreetmap.org/way/100799864
Retail: Department store,England SE and Central S,London,way,105802800,Charlie's Corner Shop,flat,,32.1,building=retail; shop=convenience,https://www.openstreetmap.org/way/105802800
Retail: Department store,England SE and Central S,London,way,106772291,,quadruple_saltbox,,3739.3,building=retail,https://www.openstreetmap.org/way/106772291
Retail: Department store,England SE and Central S,London,way,107019650,,gabled,,283.2,building=retail,https://www.openstreetmap.org/way/107019650
Retail: Department store,England SE and Central S,London,way,107039276,,gambrel,,72.5,building=retail,https://www.openstreetmap.org/way/107039276
Retail: Department store,England SE and Central S,London,way,110464287,Bravissimo,gambrel,,210.1,building=retail; shop=clothes,https://www.openstreetmap.org/way/110464287
Retail: Department store,England SE and Central S,London,way,112163314,,mansard,,90.1,building=retail,https://www.openstreetmap.org/way/112163314
Retail: Department store,England SE and Central S,London,way,112660656,United House,flat,,850.4,building=retail,https://www.openstreetmap.org/way/112660656
Retail: Department store,England SE and Central S,London,way,116442716,Pinner Green Social Club,gabled,,583.3,building=retail,https://www.openstreetmap.org/way/116442716
Retail: Department store,England SE and Central S,London,way,117697673,Waitrose,flat,,2435.3,building=retail; shop=supermarket,https://www.openstreetmap.org/way/117697673
Retail: Department store,England SE and Central S,London,way,120474491,,pyramidal,,2057.1,building=retail,https://www.openstreetmap.org/way/120474491
Retail: Department store,England SE and Central S,London,way,122317984,,flat,,120.2,building=retail,https://www.openstreetmap.org/way/122317984
Retail: Department store,England SE and Central S,London,way,122317986,,flat,,121.6,building=retail,https://www.openstreetmap.org/way/122317986
Retail: Department store,England SE and Central S,London,way,122317992,Vida & Sons Shop,flat,,310.3,building=retail; shop=convenience,https://www.openstreetmap.org/way/122317992
Retail: Department store,England SE and Central S,London,way,126080456,,flat,,183.7,building=retail,https://www.openstreetmap.org/way/126080456
Retail: Department store,England SE and Central S,London,way,127094508,,gambrel,,92.8,building=retail,https://www.openstreetmap.org/way/127094508
Retail: Department store,England SE and Central S,London,way,135119002,,flat,,2099.6,building=retail,https://www.openstreetmap.org/way/135119002
Retail: Department store,England SE and Central S,London,way,140152390,,flat,,3697.8,building=retail,https://www.openstreetmap.org/way/140152390
Retail: Department store,England SE and Central S,London,way,140152730,,flat,,6520.7,building=retail,https://www.openstreetmap.org/way/140152730
Retail: Department store,England SE and Central S,London,way,143113928,XL,flat,,2764.8,building=retail; office=company,https://www.openstreetmap.org/way/143113928
Retail: Department store,England SE and Central S,London,way,146325141,,mansard,,241.6,building=retail,https://www.openstreetmap.org/way/146325141
Retail: Department store,England SE and Central S,London,way,151904729,Lidl,gabled,,1526.4,building=retail; shop=supermarket,https://www.openstreetmap.org/way/151904729
Retail: Department store,England SE and Central S,London,way,153414106,Beeches Express Food & Wine,flat,,94.2,building=retail,https://www.openstreetmap.org/way/153414106
Retail: Department store,England SE and Central S,London,way,153712045,McKinnon Motors,flat,,121.6,building=retail; shop=car_repair,https://www.openstreetmap.org/way/153712045
Retail: Department store,England SE and Central S,London,way,154293376,Comptoir Libanais,flat,,100.7,building=retail; amenity=restaurant,https://www.openstreetmap.org/way/154293376
Retail: Department store,England SE and Central S,London,way,154688546,Chiltern Health Centre,hipped,,62.1,building=retail; healthcare=alternative,https://www.openstreetmap.org/way/154688546
Retail: Department store,England SE and Central S,London,way,155181001,downmarket_,gabled,,385.5,building=retail; amenity=events_venue,https://www.openstreetmap.org/way/155181001
Retail: Department store,England SE and Central S,London,way,156483753,,gambrel,,1445.1,building=retail,https://www.openstreetmap.org/way/156483753
Retail: Department store,England SE and Central S,London,way,157472698,The Boat House,flat,,275.2,building=retail,https://www.openstreetmap.org/way/157472698
Retail: Department store,England SE and Central S,London,way,160665955,The Mitre Hotel,flat,,279.7,building=retail; amenity=pub,https://www.openstreetmap.org/way/160665955
Retail: Department store,England SE and Central S,London,way,160672829,,hipped,,56.3,building=retail,https://www.openstreetmap.org/way/160672829
Retail: Department store,England SE and Central S,London,way,160678821,,double_saltbox,,94.9,building=retail,https://www.openstreetmap.org/way/160678821
Retail: Department store,England SE and Central S,London,way,160678840,,flat,,165.7,building=retail,https://www.openstreetmap.org/way/160678840
Retail: Department store,England SE and Central S,London,way,160981212,,flat,,258.2,building=retail,https://www.openstreetmap.org/way/160981212
Retail: Department store,England SE and Central S,London,way,160988064,,gabled,,39.8,building=retail,https://www.openstreetmap.org/way/160988064
Retail: Department store,England SE and Central S,London,way,164475597,Gyros Lab,flat,,45.2,building=retail; amenity=fast_food,https://www.openstreetmap.org/way/164475597
Retail: Department store,England SE and Central S,London,way,165216280,,flat,,3337.0,building=retail,https://www.openstreetmap.org/way/165216280
Retail: Department store,England SE and Central S,London,way,171799212,,flat,,473.7,building=retail,https://www.openstreetmap.org/way/171799212
Retail: Department store,England SE and Central S,London,way,171799216,Croydon Rugby Football Club,hipped,,529.6,building=retail,https://www.openstreetmap.org/way/171799216
Retail: Department store,England SE and Central S,London,way,171799218,,hipped,,202.4,building=retail,https://www.openstreetmap.org/way/171799218
Retail: Department store,England SE and Central S,London,way,172275275,Marks & Spencer,quadruple_saltbox,,3276.9,building=retail; shop=department_store,https://www.openstreetmap.org/way/172275275
Retail: Department store,England SE and Central S,London,way,177636880,Golden Arrow Cleaners,flat,,72.1,building=retail; shop=dry_cleaning,https://www.openstreetmap.org/way/177636880
Retail: Department store,England SE and Central S,London,way,177636886,Tesco Express,flat,,356.8,building=retail; shop=convenience,https://www.openstreetmap.org/way/177636886
Retail: Department store,England SE and Central S,London,way,177636893,Chatsworth Bakehouse,flat,,35.1,building=retail; shop=bakery,https://www.openstreetmap.org/way/177636893
Retail: Department store,England SE and Central S,London,way,177636899,Tasty Flavours,flat,,37.8,building=retail; amenity=fast_food,https://www.openstreetmap.org/way/177636899
Retail: Department store,England SE and Central S,London,way,177636917,Chatsworth Bakehouse,flat,,19.8,building=retail; shop=bakery,https://www.openstreetmap.org/way/177636917
Retail: Department store,England SE and Central S,London,way,177636928,Launderette & Dry Cleaners,flat,,34.3,building=retail; shop=laundry,https://www.openstreetmap.org/way/177636928
Retail: Department store,England SE and Central S,London,way,177636933,Rivers Bar,flat,,33.7,building=retail,https://www.openstreetmap.org/way/177636933
Retail: Department store,England SE and Central S,London,way,181059547,Securiglaze,flat,,73.6,building=retail,https://www.openstreetmap.org/way/181059547
Retail: Department store,England SE and Central S,London,way,181059548,Westow Podiatry Clinic,flat,,59.1,building=retail; healthcare=podiatrist,https://www.openstreetmap.org/way/181059548
Retail: Department store,England SE and Central S,London,way,181059549,Anerley Boost Plumbing & Heating Supply,gabled,,68.7,building=retail; shop=hardware,https://www.openstreetmap.org/way/181059549
Retail: Department store,England SE and Central S,London,way,181059551,Crystal Palace Clinic,flat,,68.5,building=retail; amenity=clinic; healthcare=clinic,https://www.openstreetmap.org/way/181059551
Retail: Department store,England SE and Central S,London,way,181059637,Bob Wines,gabled,,65.0,building=retail; shop=wine,https://www.openstreetmap.org/way/181059637
Retail: Department store,England SE and Central S,London,way,181059638,AJ Accountancy,flat,,65.7,building=retail; office=accountant,https://www.openstreetmap.org/way/181059638
Retail: Department store,England SE and Central S,London,way,181059809,Hamlet Pharmacy,gabled,,96.0,building=retail; amenity=pharmacy; healthcare=pharmacy,https://www.openstreetmap.org/way/181059809
Retail: Department store,England SE and Central S,London,way,181059811,Anerley Butchers,gabled,,82.0,building=retail; shop=butcher,https://www.openstreetmap.org/way/181059811
Retail: Department store,England SE and Central S,London,way,181059812,Crespidia Coffee,gabled,,136.7,building=retail; amenity=cafe,https://www.openstreetmap.org/way/181059812
Retail: Department store,England SE and Central S,London,way,181059814,Nellyz Art London,gabled,,54.4,building=retail; shop=wigs,https://www.openstreetmap.org/way/181059814
Retail: Department store,England SE and Central S,London,way,181059815,Excellent Cut,gabled,,66.1,building=retail; shop=hairdresser,https://www.openstreetmap.org/way/181059815
Retail: Department store,England SE and Central S,London,way,181059816,Shoe Repairs & Key Cutting,gabled,,58.7,building=retail; shop=shoe_repair,https://www.openstreetmap.org/way/181059816
Retail: Department store,England SE and Central S,London,way,181059817,Shawarma King,gabled,,59.8,building=retail; amenity=fast_food,https://www.openstreetmap.org/way/181059817
Retail: Department store,England SE and Central S,London,way,181059818,,gabled,,39.6,building=retail; shop=vacant,https://www.openstreetmap.org/way/181059818
Retail: Department store,England SE and Central S,London,way,181059819,Tattoo Studio,gabled,,39.6,building=retail; shop=tattoo,https://www.openstreetmap.org/way/181059819
Retail: Department store,England SE and Central S,London,way,181059820,Miami Chicken,gabled,,39.6,building=retail; amenity=fast_food,https://www.openstreetmap.org/way/181059820
Retail: Department store,England SE and Central S,London,way,181059821,Mozart Wine Bar,hipped,,39.6,building=retail,https://www.openstreetmap.org/way/181059821
Retail: Department store,England SE and Central S,London,way,181059822,,gabled,,39.9,building=retail; shop=vacant,https://www.openstreetmap.org/way/181059822
Retail: Department store,England SE and Central S,London,way,181939036,The Old Curiosity Shop,hipped,,41.8,building=retail; shop=shoes,https://www.openstreetmap.org/way/181939036
Retail: Department store,England SE and Central S,London,way,182918889,,flat,,895.7,building=retail,https://www.openstreetmap.org/way/182918889
Retail: Department store,England SE and Central S,London,way,183091005,,flat,,339.5,building=retail,https://www.openstreetmap.org/way/183091005
Retail: Department store,England SE and Central S,London,way,184985118,,hipped,,168.1,building=retail,https://www.openstreetmap.org/way/184985118
Retail: Department store,England SE and Central S,London,way,185905085,McDonald's,flat,,496.8,building=retail; amenity=fast_food,https://www.openstreetmap.org/way/185905085
Retail: Department store,England SE and Central S,London,way,186836662,,flat,,1072.9,building=retail,https://www.openstreetmap.org/way/186836662
Retail: Department store,England SE and Central S,London,way,186879894,B&M,flat,,1310.1,building=retail; shop=variety_store,https://www.openstreetmap.org/way/186879894
Retail: Department store,England SE and Central S,London,way,186985657,Iceland,flat,,509.9,building=retail; shop=frozen_food,https://www.openstreetmap.org/way/186985657
Retail: Department store,England SE and Central S,London,way,187715841,,many,,363.2,building=retail,https://www.openstreetmap.org/way/187715841
Retail: Department store,England SE and Central S,London,way,188541149,,flat,,4056.3,building=retail,https://www.openstreetmap.org/way/188541149
Retail: Department store,England SE and Central S,London,way,188973453,Tesco Express,flat,,315.5,building=retail; shop=convenience,https://www.openstreetmap.org/way/188973453
Retail: Department store,England SE and Central S,London,way,191633337,Caffe Torelli,gabled,,28.5,building=retail; amenity=cafe,https://www.openstreetmap.org/way/191633337
Retail: Department store,England SE and Central S,London,way,193709728,,gabled,,716.6,building=retail,https://www.openstreetmap.org/way/193709728
Retail: Department store,England SE and Central S,London,way,194212848,The Sourcing Table,quadruple_saltbox,,123.9,building=retail; shop=wine,https://www.openstreetmap.org/way/194212848
Retail: Department store,England SE and Central S,London,way,194283601,,flat,,299.2,building=retail,https://www.openstreetmap.org/way/194283601
Retail: Department store,England SE and Central S,London,way,197276000,,flat,,441.7,building=retail,https://www.openstreetmap.org/way/197276000
Retail: Department store,England SE and Central S,London,way,197280770,Hind Grove Food and Wine,gabled,,102.0,building=retail; shop=convenience,https://www.openstreetmap.org/way/197280770
Retail: Department store,England SE and Central S,London,way,198678840,,gabled,,91.7,building=retail,https://www.openstreetmap.org/way/198678840
Retail: Department store,England SE and Central S,London,way,198978318,,many,,383.9,building=retail,https://www.openstreetmap.org/way/198978318
Retail: Department store,England SE and Central S,London,way,199735134,,flat,,1648.0,building=retail,https://www.openstreetmap.org/way/199735134
Retail: Department store,England SE and Central S,London,way,201500735,Argos,flat,,467.2,building=retail,https://www.openstreetmap.org/way/201500735
Retail: Department store,England SE and Central S,London,way,205562539,C.P. Hart Bathrooms,flat,,108.5,building=retail; shop=bathroom_furnishing,https://www.openstreetmap.org/way/205562539
Retail: Department store,England SE and Central S,London,way,205562544,Chiswick Security,flat,,53.5,building=retail; shop=vacant,https://www.openstreetmap.org/way/205562544
Retail: Department store,England SE and Central S,London,way,205562558,London Camera Centre,flat,,53.9,building=retail; shop=camera,https://www.openstreetmap.org/way/205562558
Retail: Department store,England SE and Central S,London,way,205961866,,hipped,,824.1,building=retail,https://www.openstreetmap.org/way/205961866
Retail: Department store,England SE and Central S,London,way,205961873,,flat,,346.6,building=retail,https://www.openstreetmap.org/way/205961873
Retail: Department store,England SE and Central S,London,way,208091528,Spitalfields Market,flat,,9707.0,building=retail; amenity=marketplace,https://www.openstreetmap.org/way/208091528
Retail: Department store,England SE and Central S,London,way,208149155,,flat,,248.2,building=retail; shop=vacant,https://www.openstreetmap.org/way/208149155
Retail: Department store,England SE and Central S,London,way,221310846,,flat,,68.4,building=retail,https://www.openstreetmap.org/way/221310846
Retail: Department store,England SE and Central S,London,way,221310847,Tasty Chicken,flat,,72.2,building=retail; amenity=fast_food,https://www.openstreetmap.org/way/221310847
Retail: Department store,England SE and Central S,London,way,221310849,Stop-N-Go,flat,,68.2,building=retail; shop=convenience,https://www.openstreetmap.org/way/221310849
Retail: Department store,England SE and Central S,London,way,221310852,Tasty's Supermarket,flat,,72.8,building=retail; shop=convenience,https://www.openstreetmap.org/way/221310852
Retail: Department store,England SE and Central S,London,way,222834046,Lidl,flat,,2534.2,building=retail; shop=supermarket,https://www.openstreetmap.org/way/222834046
Retail: Department store,England SE and Central S,London,way,223455900,Iceland,gabled,,956.2,building=retail; shop=frozen_food,https://www.openstreetmap.org/way/223455900
Retail: Department store,England SE and Central S,London,way,223456007,Waitrose,gabled,,1526.3,building=retail; shop=supermarket,https://www.openstreetmap.org/way/223456007
Retail: Department store,England SE and Central S,London,way,224040367,Mooboo,many,,39.6,building=retail; amenity=cafe,https://www.openstreetmap.org/way/224040367
Retail: Department store,England SE and Central S,London,way,224040369,The Cut,many,,41.1,building=retail; shop=hairdresser,https://www.openstreetmap.org/way/224040369
Retail: Department store,England SE and Central S,London,way,225104325,,skillion,,231.5,building=retail,https://www.openstreetmap.org/way/225104325
Retail: Department store,England SE and Central S,London,way,228952327,Tesco Express,flat,,580.5,building=retail; shop=convenience,https://www.openstreetmap.org/way/228952327
Retail: Department store,England SE and Central S,London,way,230342057,,gambrel,,64.9,building=retail,https://www.openstreetmap.org/way/230342057
Retail: Department store,England SE and Central S,London,way,232331021,Tennisys,flat,,90.2,building=retail; shop=sports,https://www.openstreetmap.org/way/232331021
Retail: Department store,England SE and Central S,London,way,233103562,,flat,,232.5,building=retail,https://www.openstreetmap.org/way/233103562
Retail: Department store,England SE and Central S,London,way,241397018,Hijazi Corner,flat,,69.2,building=retail; amenity=restaurant,https://www.openstreetmap.org/way/241397018
Retail: Department store,England SE and Central S,London,way,241823865,Harrow Afghan Bakery,flat,,58.5,building=retail; shop=bakery,https://www.openstreetmap.org/way/241823865
Retail: Department store,England SE and Central S,London,way,242878993,,flat,,551.0,building=retail,https://www.openstreetmap.org/way/242878993
Retail: Department store,England SE and Central S,London,way,243356241,Garside & Hoy,gabled,,125.1,building=retail; office=lawyer,https://www.openstreetmap.org/way/243356241
Retail: Department store,England SE and Central S,London,way,243356254,Sheridan Clarke,flat,,94.5,building=retail; office=accountant,https://www.openstreetmap.org/way/243356254
Retail: Department store,England SE and Central S,London,way,244764987,Bewley's Tyre & Exhaust Centre,hipped,,343.5,building=retail; shop=car_repair,https://www.openstreetmap.org/way/244764987
Retail: Department store,England SE and Central S,London,way,244899152,,hipped,,185.5,building=retail,https://www.openstreetmap.org/way/244899152
Retail: Department store,England SE and Central S,London,way,249099895,,hipped,,360.6,building=retail,https://www.openstreetmap.org/way/249099895
Retail: Department store,England SE and Central S,London,way,251145050,Mamma Mia,gabled,,89.7,building=retail; amenity=restaurant,https://www.openstreetmap.org/way/251145050
Retail: Department store,England SE and Central S,London,way,251145051,,gabled,,128.9,building=retail,https://www.openstreetmap.org/way/251145051
Retail: Department store,England SE and Central S,London,way,251145057,,gabled,,89.8,building=retail,https://www.openstreetmap.org/way/251145057
Retail: Department store,England SE and Central S,London,way,251145058,Oasis Acupuncture,gabled,,124.5,building=retail; healthcare=alternative,https://www.openstreetmap.org/way/251145058
Retail: Department store,England SE and Central S,London,way,251145061,Jan Solicitor,gabled,,133.0,building=retail; office=yes,https://www.openstreetmap.org/way/251145061
Retail: Department store,England SE and Central S,London,way,251145064,,gabled,,175.1,building=retail,https://www.openstreetmap.org/way/251145064
Retail: Department store,England SE and Central S,London,way,255248366,,gabled,,225.1,building=retail,https://www.openstreetmap.org/way/255248366
Retail: Department store,England SE and Central S,London,way,255248373,,flat,,825.7,building=retail,https://www.openstreetmap.org/way/255248373
Retail: Department store,England SE and Central S,London,way,257262450,,hipped,,292.7,building=retail,https://www.openstreetmap.org/way/257262450
Retail: Department store,England SE and Central S,London,way,259625994,Public Barber,gabled,,129.4,building=retail; shop=hairdresser,https://www.openstreetmap.org/way/259625994
Retail: Department store,England SE and Central S,London,way,259625995,Grout Tiles,gabled,,93.0,building=retail; shop=tiles,https://www.openstreetmap.org/way/259625995
Retail: Department store,England SE and Central S,London,way,259625996,Beauty and Tanning Centre,gabled,,77.2,building=retail; shop=beauty,https://www.openstreetmap.org/way/259625996
Retail: Department store,England SE and Central S,London,way,259625998,iSpa,gabled,,84.1,building=retail; shop=beauty,https://www.openstreetmap.org/way/259625998
Retail: Department store,England SE and Central S,London,way,259625999,11 Coffee & Co,gabled,,85.3,building=retail; amenity=cafe,https://www.openstreetmap.org/way/259625999
Retail: Department store,England SE and Central S,London,way,259626000,The Park Dental Clinic,gabled,,98.3,building=retail; amenity=dentist; healthcare=dentist,https://www.openstreetmap.org/way/259626000
Retail: Department store,England SE and Central S,London,way,259626002,The Crafthouse,gabled,,42.7,building=retail,https://www.openstreetmap.org/way/259626002
Retail: Department store,England SE and Central S,London,way,259626004,Sheen Superstore,gabled,,45.3,building=retail; shop=alcohol,https://www.openstreetmap.org/way/259626004
Retail: Department store,England SE and Central S,London,way,259626005,Sheen Polish Delicatessen,gabled,,57.6,building=retail; shop=deli,https://www.openstreetmap.org/way/259626005
Retail: Department store,England SE and Central S,London,way,259626006,Micro Beers,gabled,,50.0,building=retail; shop=alcohol,https://www.openstreetmap.org/way/259626006
Retail: Department store,England SE and Central S,London,way,259626007,Shelter,gabled,,41.7,building=retail; shop=charity,https://www.openstreetmap.org/way/259626007
Retail: Department store,England SE and Central S,London,way,259626009,Lupo Bros,gabled,,81.4,building=retail; amenity=cafe,https://www.openstreetmap.org/way/259626009
Retail: Department store,England SE and Central S,London,way,261548029,Costa,gambrel,,54.8,building=retail; amenity=cafe,https://www.openstreetmap.org/way/261548029
Retail: Department store,England SE and Central S,London,way,261883075,The Foley,quadruple_saltbox,,890.5,building=retail,https://www.openstreetmap.org/way/261883075
Retail: Department store,England SE and Central S,London,way,263692239,Lidl,round,,1516.7,building=retail; shop=supermarket,https://www.openstreetmap.org/way/263692239
Retail: Department store,England SE and Central S,London,way,272180950,,flat,,82.5,building=retail; shop=vacant,https://www.openstreetmap.org/way/272180950
Retail: Department store,England SE and Central S,London,way,272198125,,gabled,,40.8,building=retail,https://www.openstreetmap.org/way/272198125
Retail: Department store,England SE and Central S,London,way,273181996,Tesco,flat,,2271.5,building=retail; shop=supermarket,https://www.openstreetmap.org/way/273181996
Retail: Department store,England SE and Central S,London,way,273447972,Taverna in the Park,flat,,54.2,building=retail; amenity=cafe; shop=kiosk,https://www.openstreetmap.org/way/273447972
Retail: Department store,England SE and Central S,London,way,275691876,Brew Street Tap,flat,,56.4,building=retail; amenity=cafe; shop=kiosk,https://www.openstreetmap.org/way/275691876
Retail: Department store,England SE and Central S,London,way,275691881,Dessert Ice Cream Club,flat,,54.4,building=retail; amenity=cafe; shop=kiosk,https://www.openstreetmap.org/way/275691881
Retail: Department store,England SE and Central S,London,way,276066513,Amazon Salon,flat,,97.9,building=retail; shop=hairdresser,https://www.openstreetmap.org/way/276066513
Retail: Department store,England SE and Central S,London,way,276066514,Jenki Matcha Bar,flat,,66.7,building=retail; amenity=cafe,https://www.openstreetmap.org/way/276066514
Retail: Department store,England SE and Central S,London,way,276066515,bloobloom,flat,,70.7,building=retail; shop=optician,https://www.openstreetmap.org/way/276066515
Retail: Department store,England SE and Central S,London,way,278118726,,many,,173.3,building=retail,https://www.openstreetmap.org/way/278118726
Retail: Department store,England SE and Central S,London,way,283018874,,quadruple_saltbox,,116.2,building=retail,https://www.openstreetmap.org/way/283018874
Retail: Department store,England SE and Central S,London,way,283018875,,double_saltbox,,116.0,building=retail,https://www.openstreetmap.org/way/283018875
Retail: Department store,England SE and Central S,London,way,285592717,Tesco Express,flat,,378.2,building=retail; shop=convenience,https://www.openstreetmap.org/way/285592717
Retail: Department store,England SE and Central S,London,way,285592718,Caffè Nero,flat,,182.5,building=retail; amenity=cafe,https://www.openstreetmap.org/way/285592718
Retail: Department store,England SE and Central S,London,way,285592720,,flat,,139.2,building=retail,https://www.openstreetmap.org/way/285592720
Retail: Department store,England SE and Central S,London,way,292006321,Liz Dynamic Design (LDD),flat,,69.0,building=retail; shop=clothes,https://www.openstreetmap.org/way/292006321
Retail: Department store,England SE and Central S,London,way,292006322,Payless Food & Wine,flat,,113.3,building=retail; shop=convenience,https://www.openstreetmap.org/way/292006322
Retail: Department store,England SE and Central S,London,way,292006324,,flat,,224.7,building=retail,https://www.openstreetmap.org/way/292006324
Retail: Department store,England SE and Central S,London,way,292167643,Albertini Restaurant,hipped,,79.0,building=retail; amenity=restaurant,https://www.openstreetmap.org/way/292167643
Retail: Department store,England SE and Central S,London,way,292612524,bento-ya,gambrel,,49.3,building=retail; amenity=fast_food,https://www.openstreetmap.org/way/292612524
Retail: Department store,England SE and Central S,London,way,293879899,Bungalows Cafe,flat,,133.7,building=retail; amenity=cafe,https://www.openstreetmap.org/way/293879899
Retail: Department store,England SE and Central S,London,way,294440196,Morrisons Daily,hipped,,210.7,building=retail; shop=convenience,https://www.openstreetmap.org/way/294440196
Retail: Department store,England SE and Central S,London,way,294646445,,gambrel,,615.2,building=retail,https://www.openstreetmap.org/way/294646445
Retail: Department store,England SE and Central S,London,way,308128739,,hipped,,1165.2,building=retail,https://www.openstreetmap.org/way/308128739
Retail: Department store,England SE and Central S,London,way,308138087,,flat,,166.2,building=retail,https://www.openstreetmap.org/way/308138087
Retail: Department store,England SE and Central S,London,way,310789681,Superdrug,flat,,259.0,building=retail; shop=chemist,https://www.openstreetmap.org/way/310789681
Retail: Department store,England SE and Central S,London,way,310789683,,flat,,937.8,building=retail,https://www.openstreetmap.org/way/310789683
Retail: Department store,England SE and Central S,London,way,313767037,Technobiz Barking,flat,,145.0,building=retail; shop=electronics,https://www.openstreetmap.org/way/313767037
Retail: Department store,England SE and Central S,London,way,313769047,3D Nails & Beauty,gabled,,63.4,building=retail; shop=beauty,https://www.openstreetmap.org/way/313769047
Retail: Department store,England SE and Central S,London,way,313769050,Elegance,gabled,,66.5,building=retail; shop=hairdresser,https://www.openstreetmap.org/way/313769050
Retail: Department store,England SE and Central S,London,way,313769051,Holland Taylor & Associates,gabled,,64.6,building=retail; office=estate_agent,https://www.openstreetmap.org/way/313769051
Retail: Department store,England SE and Central S,London,way,313769055,London Road Express Food & Wine,gabled,,64.4,building=retail; shop=alcohol,https://www.openstreetmap.org/way/313769055
Retail: Department store,England SE and Central S,London,way,313769056,,gabled,,67.6,building=retail,https://www.openstreetmap.org/way/313769056
Retail: Department store,England SE and Central S,London,way,313769057,,gabled,,403.7,building=retail,https://www.openstreetmap.org/way/313769057
Retail: Department store,England SE and Central S,London,way,315141659,Costa,gabled,,117.7,building=retail; amenity=cafe,https://www.openstreetmap.org/way/315141659
Retail: Department store,England SE and Central S,London,way,315741937,Sainsbury's Local,gabled,,182.0,building=retail; shop=convenience,https://www.openstreetmap.org/way/315741937
Retail: Department store,England SE and Central S,London,way,316038841,Barnardo's,flat,,75.5,building=retail; shop=charity,https://www.openstreetmap.org/way/316038841
Retail: Department store,England SE and Central S,London,way,316038842,Boots,flat,,401.7,building=retail; amenity=pharmacy; healthcare=pharmacy,https://www.openstreetmap.org/way/316038842
Retail: Department store,England SE and Central S,London,way,316038843,Deluxe,flat,,68.7,building=retail; shop=beauty,https://www.openstreetmap.org/way/316038843
Retail: Department store,England SE and Central S,London,way,316038844,Iceland,flat,,444.7,building=retail; shop=frozen_food,https://www.openstreetmap.org/way/316038844
Retail: Department store,England SE and Central S,London,way,316038845,Papa John's,flat,,67.4,building=retail; amenity=fast_food,https://www.openstreetmap.org/way/316038845
Retail: Department store,England SE and Central S,London,way,316038846,Prezzo,flat,,164.0,building=retail; amenity=restaurant,https://www.openstreetmap.org/way/316038846
Retail: Department store,England SE and Central S,London,way,316038847,Rainbow Trust,flat,,58.3,building=retail; shop=charity,https://www.openstreetmap.org/way/316038847
Retail: Department store,England SE and Central S,London,way,316038848,Richard House,flat,,81.9,building=retail; shop=charity,https://www.openstreetmap.org/way/316038848
Retail: Department store,England SE and Central S,London,way,316038850,The Crumpled Horn,flat,,334.1,building=retail; amenity=pub,https://www.openstreetmap.org/way/316038850
Retail: Department store,England SE and Central S,London,way,316038851,Uppercut Hair Group,flat,,86.8,building=retail; shop=hairdresser,https://www.openstreetmap.org/way/316038851
Retail: Department store,England SE and Central S,London,way,316038852,,flat,,30.2,building=retail; healthcare=alternative,https://www.openstreetmap.org/way/316038852
Retail: Department store,England SE and Central S,London,way,316038854,Osteria Due Amici,flat,,153.3,building=retail; amenity=restaurant,https://www.openstreetmap.org/way/316038854
Retail: Department store,England SE and Central S,London,way,316861554,,flat,,774.4,building=retail,https://www.openstreetmap.org/way/316861554
Retail: Department store,England SE and Central S,London,way,317076808,Chinese China,flat,,82.1,building=retail; amenity=restaurant,https://www.openstreetmap.org/way/317076808
Retail: Department store,England SE and Central S,London,way,317076813,Upminster Carpets,flat,,112.9,building=retail; shop=carpet,https://www.openstreetmap.org/way/317076813
Retail: Department store,England SE and Central S,London,way,321282537,Mero Retro,flat,,68.3,building=retail; shop=clothes,https://www.openstreetmap.org/way/321282537
Retail: Department store,England SE and Central S,London,way,332872015,,flat,,33.0,building=retail,https://www.openstreetmap.org/way/332872015
Retail: Department store,England SE and Central S,London,way,333082445,Pub on the Park,flat,,114.0,building=retail; amenity=pub,https://www.openstreetmap.org/way/333082445
Retail: Department store,England SE and Central S,London,way,347660719,,gabled,,98.8,building=retail,https://www.openstreetmap.org/way/347660719
Retail: Department store,England SE and Central S,London,way,349340737,,flat,,370.0,building=retail,https://www.openstreetmap.org/way/349340737
Retail: Department store,England SE and Central S,London,way,351534313,Noor,flat,,157.2,building=retail; shop=supermarket,https://www.openstreetmap.org/way/351534313
Retail: Department store,England SE and Central S,London,way,359564073,Posh Wash 2,flat,,41.7,building=retail; shop=laundry,https://www.openstreetmap.org/way/359564073
Retail: Department store,England SE and Central S,London,way,362629286,District,flat,,23.5,building=retail; amenity=cafe,https://www.openstreetmap.org/way/362629286
Retail: Department store,England SE and Central S,London,way,364644290,,gabled,,12.4,building=retail,https://www.openstreetmap.org/way/364644290
Retail: Department store,England SE and Central S,London,way,366663036,,flat,,906.5,building=retail,https://www.openstreetmap.org/way/366663036
Retail: Department store,England SE and Central S,London,way,367014616,,pyramidal,,71.5,building=retail,https://www.openstreetmap.org/way/367014616
Retail: Department store,England SE and Central S,London,way,369173182,,pyramidal,,57.6,building=retail,https://www.openstreetmap.org/way/369173182
Retail: Department store,England SE and Central S,London,way,370667639,,flat,,568.0,building=retail,https://www.openstreetmap.org/way/370667639
Retail: Department store,England SE and Central S,London,way,371598488,Tulip Holiday,flat,,75.3,building=retail; shop=travel_agency,https://www.openstreetmap.org/way/371598488
Retail: Department store,England SE and Central S,London,way,372598759,William Hill,gabled,,139.9,building=retail; shop=bookmaker,https://www.openstreetmap.org/way/372598759
Retail: Department store,England SE and Central S,London,way,372609315,Malin+Goetz,flat,,52.7,building=retail; shop=cosmetics,https://www.openstreetmap.org/way/372609315
Retail: Department store,England SE and Central S,London,way,375427443,,flat,,9825.6,building=retail,https://www.openstreetmap.org/way/375427443
Retail: Department store,England SE and Central S,London,way,377056424,Yield N16,flat,,44.9,building=retail; shop=deli,https://www.openstreetmap.org/way/377056424
Retail: Department store,England SE and Central S,London,way,378578494,Firlo,flat,,104.7,building=retail; shop=deli,https://www.openstreetmap.org/way/378578494
Retail: Department store,England SE and Central S,London,way,378840184,TG,flat,,24.8,building=retail; shop=clothes,https://www.openstreetmap.org/way/378840184
Retail: Department store,England SE and Central S,London,way,384035748,Asda,flat,,6165.7,building=retail; shop=supermarket,https://www.openstreetmap.org/way/384035748
Retail: Department store,England SE and Central S,London,way,391297004,W Dental,flat,,152.5,building=retail; amenity=dentist; healthcare=dentist,https://www.openstreetmap.org/way/391297004
Retail: Department store,England SE and Central S,London,way,391297006,The Shack 68,flat,,162.4,building=retail; amenity=restaurant,https://www.openstreetmap.org/way/391297006
Retail: Department store,England SE and Central S,London,way,394986584,,quadruple_saltbox,,189.6,building=retail,https://www.openstreetmap.org/way/394986584
Retail: Department store,England SE and Central S,London,way,397174707,Rosona Spice,gabled,,101.3,building=retail; amenity=restaurant,https://www.openstreetmap.org/way/397174707
Retail: Department store,England SE and Central S,London,way,397174708,Sonam Halusky Shop,gabled,,65.4,building=retail; shop=convenience,https://www.openstreetmap.org/way/397174708
Retail: Department store,England SE and Central S,London,way,397174709,Memories of Mortlake,gabled,,76.6,building=retail; shop=antiques,https://www.openstreetmap.org/way/397174709
Retail: Department store,England SE and Central S,London,way,397174711,A & M Sugarcraft,gabled,,68.2,building=retail; shop=confectionery,https://www.openstreetmap.org/way/397174711
Retail: Department store,England SE and Central S,London,way,399085877,Bearded Barber,hipped,,58.9,building=retail; shop=hairdresser,https://www.openstreetmap.org/way/399085877
Retail: Department store,England SE and Central S,London,way,399085878,Maxwells,gabled,,54.8,building=retail; shop=estate_agent,https://www.openstreetmap.org/way/399085878
Retail: Department store,England SE and Central S,London,way,399982009,,flat,,295.4,building=retail,https://www.openstreetmap.org/way/399982009
Retail: Department store,England SE and Central S,London,way,403542843,,flat,,975.0,building=retail,https://www.openstreetmap.org/way/403542843
Retail: Department store,England SE and Central S,London,way,403542846,,flat,,3401.2,building=retail,https://www.openstreetmap.org/way/403542846
Retail: Department store,England SE and Central S,London,way,407311638,,gabled,,68.6,building=retail; shop=vacant,https://www.openstreetmap.org/way/407311638
Retail: Department store,England SE and Central S,London,way,418385070,Bensons,quadruple_saltbox,,92.2,building=retail; office=estate_agent,https://www.openstreetmap.org/way/418385070
Retail: Department store,England SE and Central S,London,way,420589092,Oz Tyres,flat,,81.6,building=retail; shop=car_parts,https://www.openstreetmap.org/way/420589092
Retail: Department store,England SE and Central S,London,way,420644083,Carlo Jewellers,flat,,124.3,building=retail; shop=jewelry,https://www.openstreetmap.org/way/420644083
Retail: Department store,England SE and Central S,London,way,422434399,The Goldsmith Arms,quadruple_saltbox,,353.1,building=retail; amenity=pub,https://www.openstreetmap.org/way/422434399
Retail: Department store,England SE and Central S,London,way,422540662,Machellaio,flat,,63.4,building=retail; amenity=restaurant,https://www.openstreetmap.org/way/422540662
Retail: Department store,England SE and Central S,London,way,425013598,,gambrel,,101.8,building=retail,https://www.openstreetmap.org/way/425013598
Retail: Department store,England SE and Central S,London,way,425013609,,gambrel,,232.9,building=retail,https://www.openstreetmap.org/way/425013609
Retail: Department store,England SE and Central S,London,way,425404373,iSmash,mansard,,67.5,building=retail; shop=mobile_phone,https://www.openstreetmap.org/way/425404373
Retail: Department store,England SE and Central S,London,way,425428373,Poke House,gambrel,,162.0,building=retail; amenity=fast_food,https://www.openstreetmap.org/way/425428373
Retail: Department store,England SE and Central S,London,way,425428391,,gambrel,,201.5,building=retail,https://www.openstreetmap.org/way/425428391
Retail: Department store,England SE and Central S,London,way,425428416,The House of Ho,gambrel,,76.6,building=retail; amenity=restaurant,https://www.openstreetmap.org/way/425428416
Retail: Department store,England SE and Central S,London,way,425428419,Skinspace,gambrel,,160.8,building=retail; shop=beauty,https://www.openstreetmap.org/way/425428419
Retail: Department store,England SE and Central S,London,way,425651096,Ugly Dumpling,gambrel,,107.2,building=retail; amenity=restaurant,https://www.openstreetmap.org/way/425651096
Retail: Department store,England SE and Central S,London,way,425662543,Cafe Metro Express,gambrel,,121.1,building=retail; amenity=cafe,https://www.openstreetmap.org/way/425662543
Retail: Department store,England SE and Central S,London,way,425662550,Rivet and Hide,gambrel,,127.1,building=retail; shop=clothes,https://www.openstreetmap.org/way/425662550
Retail: Department store,England SE and Central S,London,way,426232572,,gambrel,,56.3,building=retail,https://www.openstreetmap.org/way/426232572
Retail: Department store,England SE and Central S,London,way,427266078,,flat,,112.4,building=retail,https://www.openstreetmap.org/way/427266078
Retail: Department store,England SE and Central S,London,way,427341992,Jai News,gambrel,,57.9,building=retail; shop=newsagent,https://www.openstreetmap.org/way/427341992
Retail: Department store,England SE and Central S,London,way,427341995,Rooted Health,gambrel,,46.5,building=retail; shop=health_food,https://www.openstreetmap.org/way/427341995
Retail: Department store,England SE and Central S,London,way,427341997,Transition,gambrel,,49.9,building=retail; shop=hairdresser,https://www.openstreetmap.org/way/427341997
Retail: Department store,England SE and Central S,London,way,429466315,Poundland,flat,,950.7,building=retail; shop=variety_store,https://www.openstreetmap.org/way/429466315
Retail: Department store,England SE and Central S,London,way,430326646,,flat,,29.9,building=retail,https://www.openstreetmap.org/way/430326646
Retail: Department store,England SE and Central S,London,way,431573827,Parkwood,hipped,,81.2,building=retail,https://www.openstreetmap.org/way/431573827
Retail: Department store,England SE and Central S,London,way,431573828,Holloways of Ludlow,gabled,,79.6,building=retail,https://www.openstreetmap.org/way/431573828
Retail: Department store,England SE and Central S,London,way,431573829,Secret Recipe,gabled,,71.4,building=retail; amenity=restaurant,https://www.openstreetmap.org/way/431573829
Retail: Department store,England SE and Central S,London,way,431573830,Emily Victoria,gabled,,71.5,building=retail; shop=beauty,https://www.openstreetmap.org/way/431573830
Retail: Department store,England SE and Central S,London,way,431573831,,mansard,,71.4,building=retail,https://www.openstreetmap.org/way/431573831
Retail: Department store,England SE and Central S,London,way,431573832,,gabled,,71.5,building=retail,https://www.openstreetmap.org/way/431573832
Retail: Department store,England SE and Central S,London,way,431573833,,gabled,,71.4,building=retail,https://www.openstreetmap.org/way/431573833
Retail: Department store,England SE and Central S,London,way,431831304,Welcome Break,round,,4676.1,building=retail,https://www.openstreetmap.org/way/431831304
Retail: Department store,England SE and Central S,London,way,432234936,,gabled,,109.0,building=retail,https://www.openstreetmap.org/way/432234936
Retail: Department store,England SE and Central S,London,way,432234938,Domino's,gabled,,104.5,building=retail; amenity=fast_food,https://www.openstreetmap.org/way/432234938
Retail: Department store,England SE and Central S,London,way,432234940,,gabled,,89.6,building=retail,https://www.openstreetmap.org/way/432234940
Retail: Department store,England SE and Central S,London,way,432234942,Ladak,gabled,,70.2,building=retail; shop=art,https://www.openstreetmap.org/way/432234942
Retail: Department store,England SE and Central S,London,way,432234944,ASC Flooring,gabled,,70.1,building=retail; shop=flooring,https://www.openstreetmap.org/way/432234944
Retail: Department store,England SE and Central S,London,way,432234945,ABC-OT,gabled,,70.1,building=retail; office=therapist,https://www.openstreetmap.org/way/432234945
Retail: Department store,England SE and Central S,London,way,432234947,Upper Rich Caffe,gabled,,101.5,building=retail; amenity=cafe,https://www.openstreetmap.org/way/432234947
Retail: Department store,England SE and Central S,London,way,432234949,Butikken,gabled,,100.5,building=retail; shop=homeware,https://www.openstreetmap.org/way/432234949
Retail: Department store,England SE and Central S,London,way,432234951,,hipped,,90.2,building=retail,https://www.openstreetmap.org/way/432234951
Retail: Department store,England SE and Central S,London,way,432380093,Dogtown,gabled,,65.2,building=retail; shop=pet_grooming,https://www.openstreetmap.org/way/432380093
Retail: Department store,England SE and Central S,London,way,432380094,The Laundry Room,gabled,,67.6,building=retail; shop=laundry,https://www.openstreetmap.org/way/432380094
Retail: Department store,England SE and Central S,London,way,432380096,Kodak Express,gabled,,85.6,building=retail; shop=photo,https://www.openstreetmap.org/way/432380096
Retail: Department store,England SE and Central S,London,way,432380097,Spatetree Pharmacy,gabled,,67.8,building=retail; amenity=pharmacy; healthcare=pharmacy,https://www.openstreetmap.org/way/432380097
Retail: Department store,England SE and Central S,London,way,432380098,Sheen Mobility,gabled,,67.1,building=retail; shop=medical_supply,https://www.openstreetmap.org/way/432380098
Retail: Department store,England SE and Central S,London,way,432380100,La Plata,gabled,,67.3,building=retail; amenity=restaurant,https://www.openstreetmap.org/way/432380100
Retail: Department store,England SE and Central S,London,way,432380102,Apples and Bees,gabled,,57.4,building=retail; shop=health_food,https://www.openstreetmap.org/way/432380102
Retail: Department store,England SE and Central S,London,way,432380104,Randall & Phillips,gabled,,57.8,building=retail; office=lawyer,https://www.openstreetmap.org/way/432380104
Retail: Department store,England SE and Central S,London,way,432380106,Pandemonium,gabled,,67.6,building=retail; shop=toys,https://www.openstreetmap.org/way/432380106
Retail: Department store,England SE and Central S,London,way,432380108,ITR News,gabled,,81.0,building=retail; shop=convenience,https://www.openstreetmap.org/way/432380108
Retail: Department store,England SE and Central S,London,way,432380109,The Long Room,gabled,,97.9,building=retail; shop=gift,https://www.openstreetmap.org/way/432380109
Retail: Department store,England SE and Central S,London,way,432380111,Boutique Cafe,gabled,,89.0,building=retail; amenity=cafe,https://www.openstreetmap.org/way/432380111
Retail: Department store,England SE and Central S,London,way,432380113,,gabled,,135.3,building=retail; shop=vacant,https://www.openstreetmap.org/way/432380113
Retail: Department store,England SE and Central S,London,way,434900021,Yang's Braised Chicken Rice,mansard,,57.1,building=retail; amenity=cafe,https://www.openstreetmap.org/way/434900021
Retail: Department store,England SE and Central S,London,way,434900025,,mansard,,94.3,building=retail,https://www.openstreetmap.org/way/434900025
Retail: Department store,England SE and Central S,London,way,434900027,The Remedy,mansard,,94.4,building=retail; amenity=restaurant,https://www.openstreetmap.org/way/434900027
Retail: Department store,England SE and Central S,London,way,435002339,Western Printers,mansard,,61.0,building=retail; shop=copyshop,https://www.openstreetmap.org/way/435002339
Retail: Department store,England SE and Central S,London,way,435002349,Oriental Dragon,mansard,,81.3,building=retail; amenity=restaurant,https://www.openstreetmap.org/way/435002349
Retail: Department store,England SE and Central S,London,way,435139137,Computer 'N' Mobile Repair Centre,flat,,28.9,building=retail; shop=mobile_phone,https://www.openstreetmap.org/way/435139137
Retail: Department store,England SE and Central S,London,way,439037569,The Flora,hipped,,164.8,building=retail,https://www.openstreetmap.org/way/439037569
Retail: Department store,England SE and Central S,London,way,439073012,,flat,,174.8,building=retail; shop=vacant,https://www.openstreetmap.org/way/439073012
Retail: Department store,England SE and Central S,London,way,441838225,British Heart Foundation,flat,,174.9,building=retail; shop=charity,https://www.openstreetmap.org/way/441838225
Retail: Department store,England SE and Central S,London,way,441838237,,flat,,394.5,building=retail,https://www.openstreetmap.org/way/441838237
Retail: Department store,England SE and Central S,London,way,443270488,Fred Rigby Studio,gabled,,54.3,building=retail; shop=furniture,https://www.openstreetmap.org/way/443270488
Retail: Department store,England SE and Central S,London,way,449059450,Loco Mexicano,flat,,146.1,building=retail; amenity=restaurant,https://www.openstreetmap.org/way/449059450
Retail: Department store,England SE and Central S,London,way,449059456,,flat,,353.1,building=retail,https://www.openstreetmap.org/way/449059456
Retail: Department store,England SE and Central S,London,way,450269812,L+ Architects,hipped,,84.4,building=retail; office=architect,https://www.openstreetmap.org/way/450269812
Retail: Department store,England SE and Central S,London,way,450269813,Kurk,gabled,,89.2,building=retail; amenity=restaurant,https://www.openstreetmap.org/way/450269813
Retail: Department store,England SE and Central S,London,way,450269814,Sophia Oliver,gabled,,91.1,building=retail,https://www.openstreetmap.org/way/450269814
Retail: Department store,England SE and Central S,London,way,450269815,Black Salt,gabled,,181.1,building=retail; amenity=restaurant,https://www.openstreetmap.org/way/450269815
Retail: Department store,England SE and Central S,London,way,452155077,M&S Simply Food,flat,,347.9,building=retail; shop=convenience,https://www.openstreetmap.org/way/452155077
Retail: Department store,England SE and Central S,London,way,453271663,Apa,gabled,,73.6,building=retail; amenity=restaurant,https://www.openstreetmap.org/way/453271663
Retail: Department store,England SE and Central S,London,way,453271752,Victor's Barbers,gabled,,37.6,building=retail; shop=hairdresser,https://www.openstreetmap.org/way/453271752
Retail: Department store,England SE and Central S,London,way,453271753,Walter's Bistro,gabled,,37.6,building=retail; amenity=cafe,https://www.openstreetmap.org/way/453271753
Retail: Department store,England SE and Central S,London,way,453271756,Castelnau Post Office,gabled,,37.7,building=retail; amenity=post_office,https://www.openstreetmap.org/way/453271756
Retail: Department store,England SE and Central S,London,way,453271757,Barnes Car Service,gabled,,37.6,building=retail,https://www.openstreetmap.org/way/453271757
Retail: Department store,England SE and Central S,London,way,453271758,Samaia Georgian Restaurant,gabled,,37.6,building=retail; amenity=restaurant,https://www.openstreetmap.org/way/453271758
Retail: Department store,England SE and Central S,London,way,453271759,Upper Barnes Food and Wine,gabled,,37.7,building=retail; shop=convenience,https://www.openstreetmap.org/way/453271759
Retail: Department store,England SE and Central S,London,way,453271760,PizzaBar,gabled,,37.6,building=retail; amenity=fast_food,https://www.openstreetmap.org/way/453271760
Retail: Department store,England SE and Central S,London,way,454760041,Capital,mansard,,65.3,building=retail; shop=electrical,https://www.openstreetmap.org/way/454760041
Retail: Department store,England SE and Central S,London,way,454760042,Gasworld Parts UK,gambrel,,55.0,building=retail; shop=trade,https://www.openstreetmap.org/way/454760042
Retail: Department store,England SE and Central S,London,way,454760044,Sheen Upholstery,gambrel,,54.7,building=retail; shop=furniture,https://www.openstreetmap.org/way/454760044
Retail: Department store,England SE and Central S,London,way,454760046,Swan Dry Cleaning,gambrel,,52.9,building=retail; shop=dry_cleaning,https://www.openstreetmap.org/way/454760046
Retail: Department store,England SE and Central S,London,way,454760048,BTS Beauty,gambrel,,51.6,building=retail; shop=beauty,https://www.openstreetmap.org/way/454760048
Retail: Department store,England SE and Central S,London,way,454760050,Moulton News,gambrel,,51.6,building=retail; shop=convenience,https://www.openstreetmap.org/way/454760050
Retail: Department store,England SE and Central S,London,way,454760051,R. Chubb & Son,gambrel,,46.7,building=retail; shop=butcher,https://www.openstreetmap.org/way/454760051
Retail: Department store,England SE and Central S,London,way,454760053,Z-One,gambrel,,45.4,building=retail; amenity=fast_food,https://www.openstreetmap.org/way/454760053
Retail: Department store,England SE and Central S,London,way,457300035,The Kenton,flat,,211.7,building=retail; amenity=pub,https://www.openstreetmap.org/way/457300035
Retail: Department store,England SE and Central S,London,way,457768270,Como Design,mansard,,95.1,building=retail; shop=kitchen,https://www.openstreetmap.org/way/457768270
Retail: Department store,England SE and Central S,London,way,457768278,Eureka,gambrel,,105.8,building=retail; shop=kitchen,https://www.openstreetmap.org/way/457768278
Retail: Department store,England SE and Central S,London,way,457768279,Pizza GoGo,mansard,,58.3,building=retail; amenity=fast_food,https://www.openstreetmap.org/way/457768279
Retail: Department store,England SE and Central S,London,way,457768280,Lal Bagh,gambrel,,116.9,building=retail; amenity=restaurant,https://www.openstreetmap.org/way/457768280
Retail: Department store,England SE and Central S,London,way,457768281,Richmond Park Conservative Association,gambrel,,122.2,building=retail; office=political_party,https://www.openstreetmap.org/way/457768281
Retail: Department store,England SE and Central S,London,way,457768282,,gambrel,,57.4,building=retail,https://www.openstreetmap.org/way/457768282
Retail: Department store,England SE and Central S,London,way,457768283,,gambrel,,58.6,building=retail,https://www.openstreetmap.org/way/457768283
Retail: Department store,England SE and Central S,London,way,457768284,Dental Expressions,gambrel,,58.5,building=retail; amenity=dentist; healthcare=dentist,https://www.openstreetmap.org/way/457768284
Retail: Department store,England SE and Central S,London,way,459520409,Pickle and Rye,gabled,,72.3,building=retail; amenity=cafe,https://www.openstreetmap.org/way/459520409
Retail: Department store,England SE and Central S,London,way,459520411,Culver + Nelson,hipped,,81.3,building=retail; shop=deli,https://www.openstreetmap.org/way/459520411
Retail: Department store,England SE and Central S,London,way,459520782,Cafe Qios,gabled,,54.0,building=retail; amenity=cafe,https://www.openstreetmap.org/way/459520782
Retail: Department store,England SE and Central S,London,way,459667027,Coverup,gabled,,54.4,building=retail; shop=clothes,https://www.openstreetmap.org/way/459667027
Retail: Department store,England SE and Central S,London,way,459667028,Robert Neil,gabled,,54.3,building=retail; shop=hairdresser,https://www.openstreetmap.org/way/459667028
Retail: Department store,England SE and Central S,London,way,459667029,Lasyl,gabled,,54.4,building=retail; shop=hifi,https://www.openstreetmap.org/way/459667029
Retail: Department store,England SE and Central S,London,way,459667030,,gabled,,43.7,building=retail,https://www.openstreetmap.org/way/459667030
Retail: Department store,England SE and Central S,London,way,459667031,,gabled,,192.4,building=retail,https://www.openstreetmap.org/way/459667031
Retail: Department store,England SE and Central S,London,way,459667035,Valentina,gabled,,44.6,building=retail; amenity=restaurant; shop=deli,https://www.openstreetmap.org/way/459667035
Retail: Department store,England SE and Central S,London,way,459667036,Stuart Mackenzie,gabled,,37.9,building=retail; office=estate_agent,https://www.openstreetmap.org/way/459667036
Retail: Department store,England SE and Central S,London,way,460090330,Dean Kassem,gabled,,66.6,building=retail; shop=hairdresser,https://www.openstreetmap.org/way/460090330
Retail: Department store,England SE and Central S,London,way,460090331,Create & Wild,gabled,,69.5,building=retail; shop=florist,https://www.openstreetmap.org/way/460090331
Retail: Department store,England SE and Central S,London,way,460090332,Village Properties,gabled,,70.2,building=retail; office=estate_agent,https://www.openstreetmap.org/way/460090332
Retail: Department store,England SE and Central S,London,way,460090333,,gabled,,70.8,building=retail,https://www.openstreetmap.org/way/460090333
Retail: Department store,England SE and Central S,London,way,460090334,Bright Sterling,gabled,,56.3,building=retail; office=accountant,https://www.openstreetmap.org/way/460090334
Retail: Department store,England SE and Central S,London,way,460090336,Level Crossing Records,gabled,,71.0,building=retail; shop=music,https://www.openstreetmap.org/way/460090336
Retail: Department store,England SE and Central S,London,way,460090337,Bunkers,gabled,,79.6,building=retail; shop=hairdresser,https://www.openstreetmap.org/way/460090337
Retail: Department store,England SE and Central S,London,way,460090338,Euro Cafe,gabled,,107.5,building=retail; amenity=cafe,https://www.openstreetmap.org/way/460090338
Retail: Department store,England SE and Central S,London,way,460090339,Sheen Lane Liquid Mart,gabled,,81.4,building=retail; shop=alcohol,https://www.openstreetmap.org/way/460090339
Retail: Department store,England SE and Central S,London,way,460097966,,flat,,56.5,building=retail,https://www.openstreetmap.org/way/460097966
Retail: Department store,England SE and Central S,London,way,460097970,Sheen Fish Bar,mansard,,46.7,building=retail; amenity=fast_food,https://www.openstreetmap.org/way/460097970
Retail: Department store,England SE and Central S,London,way,460097971,,gabled,,61.3,building=retail,https://www.openstreetmap.org/way/460097971
Retail: Department store,England SE and Central S,London,way,460097972,Total Wellbeing,mansard,,47.6,building=retail,https://www.openstreetmap.org/way/460097972
Retail: Department store,England SE and Central S,London,way,460097973,Coffee & Cake Co,gabled,,48.6,building=retail; amenity=cafe; shop=bakery,https://www.openstreetmap.org/way/460097973
Retail: Department store,England SE and Central S,London,way,460097974,Sheen Kitchen,gabled,,48.7,building=retail; amenity=fast_food,https://www.openstreetmap.org/way/460097974
Retail: Department store,England SE and Central S,London,way,460097975,Mortlake Nails & Beauty,gabled,,48.6,building=retail; shop=beauty,https://www.openstreetmap.org/way/460097975
Retail: Department store,England SE and Central S,London,way,460097976,A Party Palace,gabled,,48.5,building=retail; shop=party,https://www.openstreetmap.org/way/460097976
Retail: Department store,England SE and Central S,London,way,460097978,The Robin,gabled,,48.4,building=retail; amenity=cafe,https://www.openstreetmap.org/way/460097978
Retail: Department store,England SE and Central S,London,way,460102249,The London Cycle Workshop,gabled,,194.9,building=retail; shop=bicycle,https://www.openstreetmap.org/way/460102249
Retail: Department store,England SE and Central S,London,way,460102251,TGJones,flat,,222.6,building=retail; shop=books,https://www.openstreetmap.org/way/460102251
Retail: Department store,England SE and Central S,London,way,460102254,GAIL's,gabled,,208.9,building=retail; shop=bakery,https://www.openstreetmap.org/way/460102254
Retail: Department store,England SE and Central S,London,way,460102257,Robert Dyas,hipped,,108.3,building=retail; shop=houseware,https://www.openstreetmap.org/way/460102257
Retail: Department store,England SE and Central S,London,way,460103671,Matrix Design,hipped,,60.2,building=retail; shop=kitchen,https://www.openstreetmap.org/way/460103671
Retail: Department store,England SE and Central S,London,way,460103672,Gaia,gabled,,94.5,building=retail; shop=hairdresser,https://www.openstreetmap.org/way/460103672
Retail: Department store,England SE and Central S,London,way,460103673,Sea Light Jewellery and Gifts,gabled,,96.5,building=retail; shop=jewelry,https://www.openstreetmap.org/way/460103673
Retail: Department store,England SE and Central S,London,way,460103674,Prontaprint,gabled,,125.1,building=retail; shop=printing,https://www.openstreetmap.org/way/460103674
Retail: Department store,England SE and Central S,London,way,460103675,Richmond DIY,gabled,,142.5,building=retail; shop=doityourself,https://www.openstreetmap.org/way/460103675
Retail: Department store,England SE and Central S,London,way,460104510,Papa John's,hipped,,77.0,building=retail; amenity=fast_food,https://www.openstreetmap.org/way/460104510
Retail: Department store,England SE and Central S,London,way,460104511,Rug Store,gabled,,62.9,building=retail; shop=carpet,https://www.openstreetmap.org/way/460104511
Retail: Department store,England SE and Central S,London,way,460104512,East Sheen Nails,gabled,,62.7,building=retail; shop=beauty,https://www.openstreetmap.org/way/460104512
Retail: Department store,England SE and Central S,London,way,460104513,Millers Hairdressing,gabled,,62.6,building=retail; shop=hairdresser,https://www.openstreetmap.org/way/460104513
Retail: Department store,England SE and Central S,London,way,460112599,AHK Flooring,gabled,,79.0,building=retail; shop=flooring,https://www.openstreetmap.org/way/460112599
Retail: Department store,England SE and Central S,London,way,460112600,Caffè Nero,gabled,,159.6,building=retail; amenity=cafe,https://www.openstreetmap.org/way/460112600
Retail: Department store,England SE and Central S,London,way,460112601,SuperSave,gabled,,90.7,building=retail; shop=convenience,https://www.openstreetmap.org/way/460112601
Retail: Department store,England SE and Central S,London,way,460112602,,gabled,,77.8,building=retail,https://www.openstreetmap.org/way/460112602
Retail: Department store,England SE and Central S,London,way,460112609,The 2nd Look,gabled,,123.4,building=retail; shop=clothes,https://www.openstreetmap.org/way/460112609
Retail: Department store,England SE and Central S,London,way,460112610,Pala Kebab and Grill,gabled,,114.1,building=retail; amenity=fast_food,https://www.openstreetmap.org/way/460112610
Retail: Department store,England SE and Central S,London,way,460112611,Tala Daniel Bridal Couture,gabled,,59.8,building=retail; shop=clothes,https://www.openstreetmap.org/way/460112611
Retail: Department store,England SE and Central S,London,way,460112612,Sugar,gabled,,67.8,building=retail; shop=beauty,https://www.openstreetmap.org/way/460112612
Retail: Department store,England SE and Central S,London,way,460112613,Cancer Research UK,gabled,,121.4,building=retail; shop=charity,https://www.openstreetmap.org/way/460112613
Retail: Department store,England SE and Central S,London,way,460376857,London Decorators Merchants,mansard,,98.0,building=retail; shop=paint,https://www.openstreetmap.org/way/460376857
Retail: Department store,England SE and Central S,London,way,460408479,Reno Designs,saltbox,,74.0,building=retail; shop=kitchen,https://www.openstreetmap.org/way/460408479
Retail: Department store,England SE and Central S,London,way,460408482,Barnard Marcus,saltbox,,48.7,building=retail; office=estate_agent,https://www.openstreetmap.org/way/460408482
Retail: Department store,England SE and Central S,London,way,460408483,Princess Alice Hospice,saltbox,,54.0,building=retail; shop=charity,https://www.openstreetmap.org/way/460408483
Retail: Department store,England SE and Central S,London,way,460408484,Sheen Bookshop,saltbox,,49.0,building=retail; shop=books,https://www.openstreetmap.org/way/460408484
Retail: Department store,England SE and Central S,London,way,460408485,King of Cotton,saltbox,,55.1,building=retail; shop=fabric,https://www.openstreetmap.org/way/460408485
Retail: Department store,England SE and Central S,London,way,460408487,Boots,saltbox,,107.0,building=retail; amenity=pharmacy; shop=chemist; healthcare=pharmacy,https://www.openstreetmap.org/way/460408487
Retail: Department store,England SE and Central S,London,way,460408488,Tesco Express,saltbox,,220.6,building=retail; shop=convenience,https://www.openstreetmap.org/way/460408488
Retail: Department store,England SE and Central S,London,way,460408489,Holland & Barrett,saltbox,,69.8,building=retail; shop=health_food,https://www.openstreetmap.org/way/460408489
Retail: Department store,England SE and Central S,London,way,460408490,,saltbox,,64.5,building=retail; shop=vacant,https://www.openstreetmap.org/way/460408490
Retail: Department store,England SE and Central S,London,way,460408492,Cook,saltbox,,56.4,building=retail; shop=frozen_food,https://www.openstreetmap.org/way/460408492
Retail: Department store,England SE and Central S,London,way,460408494,Tolley & Partners,saltbox,,58.3,building=retail; shop=optician,https://www.openstreetmap.org/way/460408494
Retail: Department store,England SE and Central S,London,way,460408495,,saltbox,,102.9,building=retail,https://www.openstreetmap.org/way/460408495
Retail: Department store,England SE and Central S,London,way,460408496,Privett Timber Windows,saltbox,,54.5,building=retail; shop=windows,https://www.openstreetmap.org/way/460408496
Retail: Department store,England SE and Central S,London,way,460408497,The Souvlaki East Sheen,saltbox,,54.1,building=retail; amenity=fast_food,https://www.openstreetmap.org/way/460408497
Retail: Department store,England SE and Central S,London,way,460408498,Fara,saltbox,,54.4,building=retail; shop=charity,https://www.openstreetmap.org/way/460408498
Retail: Department store,England SE and Central S,London,way,460408499,Harris + Hoole,hipped,,213.3,building=retail; amenity=cafe,https://www.openstreetmap.org/way/460408499
Retail: Department store,England SE and Central S,London,way,460414926,,hipped,,40.6,building=retail,https://www.openstreetmap.org/way/460414926
Retail: Department store,England SE and Central S,London,way,460414927,Ray Munn Kitchens,gabled,,96.2,building=retail; shop=kitchen,https://www.openstreetmap.org/way/460414927
Retail: Department store,England SE and Central S,London,way,460414928,,gabled,,38.1,building=retail,https://www.openstreetmap.org/way/460414928
Retail: Department store,England SE and Central S,London,way,460414929,,gabled,,44.7,building=retail; amenity=restaurant,https://www.openstreetmap.org/way/460414929
Retail: Department store,England SE and Central S,London,way,460414930,Kaalika,gabled,,43.8,building=retail; amenity=restaurant,https://www.openstreetmap.org/way/460414930
Retail: Department store,England SE and Central S,London,way,460414931,UK Pets Company,gabled,,87.7,building=retail; shop=pet,https://www.openstreetmap.org/way/460414931
Retail: Department store,England SE and Central S,London,way,460414932,,hipped,,173.0,building=retail,https://www.openstreetmap.org/way/460414932
Retail: Department store,England SE and Central S,London,way,460414933,Carpetright,gabled,,132.8,building=retail; shop=carpet,https://www.openstreetmap.org/way/460414933
Retail: Department store,England SE and Central S,London,way,460414934,,hipped,,94.6,building=retail,https://www.openstreetmap.org/way/460414934
Retail: Department store,England SE and Central S,London,way,460414935,Grilandia,gabled,,76.3,building=retail; amenity=restaurant,https://www.openstreetmap.org/way/460414935
Retail: Department store,England SE and Central S,London,way,460414936,Coopers Appliances,hipped,,129.8,building=retail; shop=houseware,https://www.openstreetmap.org/way/460414936
Retail: Department store,England SE and Central S,London,way,460420114,Bright Young Things,saltbox,,85.1,building=retail; amenity=tuition,https://www.openstreetmap.org/way/460420114
Retail: Department store,England SE and Central S,London,way,460420116,Caffe’ Al Fresco,saltbox,,64.3,building=retail; amenity=cafe,https://www.openstreetmap.org/way/460420116
Retail: Department store,England SE and Central S,London,way,460420120,PTMD Collection,saltbox,,41.0,building=retail; shop=florist,https://www.openstreetmap.org/way/460420120
Retail: Department store,England SE and Central S,London,way,460423847,Dumlers Pharmacy,mansard,,63.3,building=retail; amenity=pharmacy; shop=chemist; healthcare=pharmacy,https://www.openstreetmap.org/way/460423847
Retail: Department store,England SE and Central S,London,way,460423849,Holmes and Daughters,mansard,,33.4,building=retail; shop=funeral_directors,https://www.openstreetmap.org/way/460423849
Retail: Department store,England SE and Central S,London,way,460423850,Salvatore Grimaldi,gambrel,,37.4,building=retail; shop=hairdresser,https://www.openstreetmap.org/way/460423850
Retail: Department store,England SE and Central S,London,way,460423851,Surplus Catering Equipment,gambrel,,36.7,building=retail; shop=kitchen,https://www.openstreetmap.org/way/460423851
Retail: Department store,England SE and Central S,London,way,460423852,Kangen Water Store,gambrel,,72.6,building=retail; shop=health_food,https://www.openstreetmap.org/way/460423852
Retail: Department store,England SE and Central S,London,way,460423853,Krew London,gambrel,,38.1,building=retail; shop=hairdresser,https://www.openstreetmap.org/way/460423853
Retail: Department store,England SE and Central S,London,way,460423854,Yari Tailoring,gambrel,,35.1,building=retail,https://www.openstreetmap.org/way/460423854
Retail: Department store,England SE and Central S,London,way,460423855,TJ’s Place,gambrel,,37.6,building=retail; amenity=fast_food,https://www.openstreetmap.org/way/460423855
Retail: Department store,England SE and Central S,London,way,460423856,Karismatic Beauty,gambrel,,63.3,building=retail; shop=beauty,https://www.openstreetmap.org/way/460423856
Retail: Department store,England SE and Central S,London,way,460423857,Four Seasons Blinds and Shutters,gambrel,,32.0,building=retail,https://www.openstreetmap.org/way/460423857
Retail: Department store,England SE and Central S,London,way,460423858,Faanoos Restaurant,gambrel,,43.2,building=retail; amenity=restaurant,https://www.openstreetmap.org/way/460423858
Retail: Department store,England SE and Central S,London,way,460423860,Holy Hounds,gambrel,,34.1,building=retail; shop=pet_grooming,https://www.openstreetmap.org/way/460423860
Retail: Department store,England SE and Central S,London,way,460423861,Stylist On The Sheen,gambrel,,39.4,building=retail; shop=hairdresser,https://www.openstreetmap.org/way/460423861
Retail: Department store,England SE and Central S,London,way,460617074,Sheen Green,gabled,,105.9,building=retail,https://www.openstreetmap.org/way/460617074
Retail: Department store,England SE and Central S,London,way,460617075,,gabled,,65.4,building=retail,https://www.openstreetmap.org/way/460617075
Retail: Department store,England SE and Central S,London,way,460627141,East Sheen Post Office,gabled,,84.8,building=retail; amenity=post_office,https://www.openstreetmap.org/way/460627141
Retail: Department store,England SE and Central S,London,way,460832692,Sheen Kitchens and Interiors,gabled,,87.7,building=retail; shop=kitchen,https://www.openstreetmap.org/way/460832692
Retail: Department store,England SE and Central S,London,way,460832693,Jenny’s Barbers Shop,gabled,,37.8,building=retail; shop=hairdresser,https://www.openstreetmap.org/way/460832693
Retail: Department store,England SE and Central S,London,way,461368940,,flat,,607.3,building=retail,https://www.openstreetmap.org/way/461368940
Retail: Department store,England SE and Central S,London,way,461410219,Biothecare Estetica,flat,,117.4,building=retail,https://www.openstreetmap.org/way/461410219
Retail: Department store,England SE and Central S,London,way,461431054,Cavan Bakery,gabled,,86.9,building=retail; shop=bakery,https://www.openstreetmap.org/way/461431054
Retail: Department store,England SE and Central S,London,way,462755412,Poppy's - Funeral Directors,hipped,,62.3,building=retail; shop=funeral_directors,https://www.openstreetmap.org/way/462755412
Retail: Department store,England SE and Central S,London,way,462766569,Blink Optics,gabled,,38.1,building=retail; shop=optician,https://www.openstreetmap.org/way/462766569
Retail: Department store,England SE and Central S,London,way,462766570,Harvey Jones,gabled,,88.7,building=retail; shop=kitchen,https://www.openstreetmap.org/way/462766570
Retail: Department store,England SE and Central S,London,way,462829794,Bella del Gelato,gabled,,94.4,building=retail; amenity=ice_cream,https://www.openstreetmap.org/way/462829794
Retail: Department store,England SE and Central S,London,way,462829795,MV Academy of Performing Arts,gabled,,106.4,building=retail; amenity=dancing_school,https://www.openstreetmap.org/way/462829795
Retail: Department store,England SE and Central S,London,way,462829796,Sushi Ya Express,gabled,,110.5,building=retail; amenity=restaurant,https://www.openstreetmap.org/way/462829796
Retail: Department store,England SE and Central S,London,way,462829797,Villa Rosa,gabled,,70.0,building=retail; shop=deli,https://www.openstreetmap.org/way/462829797
Retail: Department store,England SE and Central S,London,way,462829802,Du Cane,gabled,,80.9,building=retail; shop=dry_cleaning,https://www.openstreetmap.org/way/462829802
Retail: Department store,England SE and Central S,London,way,462829803,Artisan,gabled,,61.3,building=retail; amenity=cafe,https://www.openstreetmap.org/way/462829803
Retail: Department store,England SE and Central S,London,way,462829804,,gabled,,58.0,building=retail,https://www.openstreetmap.org/way/462829804
Retail: Department store,England SE and Central S,London,way,462837332,Ragu,gabled,,70.7,building=retail; amenity=restaurant,https://www.openstreetmap.org/way/462837332
Retail: Department store,England SE and Central S,London,way,462837333,,gabled,,68.6,building=retail,https://www.openstreetmap.org/way/462837333
Retail: Department store,England SE and Central S,London,way,462837334,Hamlyns,gabled,,65.2,building=retail; shop=dry_cleaning,https://www.openstreetmap.org/way/462837334
Retail: Department store,England SE and Central S,London,way,462837335,Annapurna,gabled,,97.3,building=retail; amenity=restaurant,https://www.openstreetmap.org/way/462837335
Retail: Department store,England SE and Central S,London,way,462837336,Thong,gabled,,85.1,building=retail; amenity=restaurant,https://www.openstreetmap.org/way/462837336
Retail: Department store,England SE and Central S,London,way,462837337,Isabella,gabled,,90.2,building=retail; shop=florist,https://www.openstreetmap.org/way/462837337
Retail: Department store,England SE and Central S,London,way,462837338,Parish Bakery,gabled,,85.2,building=retail; shop=bakery,https://www.openstreetmap.org/way/462837338
Retail: Department store,England SE and Central S,London,way,462837339,Luxtons,gabled,,96.5,building=retail; shop=convenience,https://www.openstreetmap.org/way/462837339
Retail: Department store,England SE and Central S,London,way,462837340,Batter Fry,gabled,,101.1,building=retail; amenity=fast_food,https://www.openstreetmap.org/way/462837340
Retail: Department store,England SE and Central S,London,way,462837341,Mind,gabled,,118.5,building=retail; shop=charity,https://www.openstreetmap.org/way/462837341
Retail: Department store,England SE and Central S,London,way,462837342,Barkside,gabled,,114.0,building=retail; shop=pet_grooming,https://www.openstreetmap.org/way/462837342
Retail: Department store,England SE and Central S,London,way,462948627,,gabled,,98.3,building=retail,https://www.openstreetmap.org/way/462948627
Retail: Department store,England SE and Central S,London,way,462948628,,gabled,,100.6,building=retail,https://www.openstreetmap.org/way/462948628
Retail: Department store,England SE and Central S,London,way,462948629,Hectors,gabled,,79.8,building=retail; shop=hairdresser,https://www.openstreetmap.org/way/462948629
Retail: Department store,England SE and Central S,London,way,464989812,Byrnes Soler,gabled,,57.1,building=retail; office=accountant,https://www.openstreetmap.org/way/464989812
Retail: Department store,England SE and Central S,London,way,464989813,D-lite,gabled,,54.9,building=retail; shop=electrical,https://www.openstreetmap.org/way/464989813
Retail: Department store,England SE and Central S,London,way,464989815,Bengal Village,gabled,,45.2,building=retail; amenity=fast_food,https://www.openstreetmap.org/way/464989815
Retail: Department store,England SE and Central S,London,way,464989816,Cafe Nano,gabled,,45.6,building=retail; amenity=cafe,https://www.openstreetmap.org/way/464989816
Retail: Department store,England SE and Central S,London,way,464989817,White Hart Dry Cleaners,hipped,,49.4,building=retail; shop=dry_cleaning,https://www.openstreetmap.org/way/464989817
Retail: Department store,England SE and Central S,London,way,464989819,Unique,gabled,,51.4,building=retail; shop=hairdresser,https://www.openstreetmap.org/way/464989819
Retail: Department store,England SE and Central S,London,way,464989822,TW Barbers,hipped,,45.9,building=retail; shop=hairdresser,https://www.openstreetmap.org/way/464989822
Retail: Department store,England SE and Central S,London,way,465546190,Tasty African,flat,,25.2,building=retail; amenity=fast_food,https://www.openstreetmap.org/way/465546190
Retail: Department store,England SE and Central S,London,way,465725842,Mighty Chicken & Ribs,flat,,43.8,building=retail; amenity=fast_food,https://www.openstreetmap.org/way/465725842
Retail: Department store,England SE and Central S,London,way,468181418,Piccolo Bar,flat,,27.3,building=retail; amenity=cafe,https://www.openstreetmap.org/way/468181418
Retail: Department store,England SE and Central S,London,way,470185440,,flat,,113.1,building=retail,https://www.openstreetmap.org/way/470185440
Retail: Department store,England SE and Central S,London,way,475491527,The Globe in Morning Lane,flat,,171.7,building=retail; amenity=pub,https://www.openstreetmap.org/way/475491527
Retail: Department store,England SE and Central S,London,way,478028238,Mondo Brewing Company,flat,,398.1,building=retail,https://www.openstreetmap.org/way/478028238
Retail: Department store,England SE and Central S,London,way,479471036,Mes,flat,,65.9,building=retail; shop=alcohol,https://www.openstreetmap.org/way/479471036
Retail: Department store,England SE and Central S,London,way,479471046,Londis,flat,,220.3,building=retail; shop=convenience,https://www.openstreetmap.org/way/479471046
Retail: Department store,England SE and Central S,London,way,479471061,Brasa,flat,,198.9,building=retail; amenity=restaurant,https://www.openstreetmap.org/way/479471061
Retail: Department store,England SE and Central S,London,way,480477249,Made in Italy,hipped,,152.3,building=retail,https://www.openstreetmap.org/way/480477249
Retail: Department store,England SE and Central S,London,way,480477270,TK Maxx,flat,,1233.6,building=retail; shop=department_store,https://www.openstreetmap.org/way/480477270
Retail: Department store,England SE and Central S,London,way,484919611,Sainsbury's,quadruple_saltbox,,3727.1,building=retail; shop=supermarket,https://www.openstreetmap.org/way/484919611
Retail: Department store,England SE and Central S,London,way,485708434,Refreshments,gabled,,15.7,building=retail; amenity=cafe,https://www.openstreetmap.org/way/485708434
Retail: Department store,England SE and Central S,London,way,487190233,Meridian Sports & Social Club,hipped,,619.2,building=retail,https://www.openstreetmap.org/way/487190233
Retail: Department store,England SE and Central S,London,way,491649335,,mansard,,74.6,building=retail,https://www.openstreetmap.org/way/491649335
Retail: Department store,England SE and Central S,London,way,491756660,,flat,,497.2,building=retail,https://www.openstreetmap.org/way/491756660
Retail: Department store,England SE and Central S,London,way,491802246,,flat,,70.3,building=retail,https://www.openstreetmap.org/way/491802246
Retail: Department store,England SE and Central S,London,way,491897128,Morrisons,flat,,6065.4,building=retail; shop=supermarket,https://www.openstreetmap.org/way/491897128
Retail: Department store,England SE and Central S,London,way,497488235,Star Feast Foods Ltd,flat,,303.6,building=retail,https://www.openstreetmap.org/way/497488235
Retail: Department store,England SE and Central S,London,way,507646202,Costcutter,flat,,102.5,building=retail; shop=convenience,https://www.openstreetmap.org/way/507646202
Retail: Department store,England SE and Central S,London,way,513159673,Carpet Corner,hipped,,421.7,building=retail,https://www.openstreetmap.org/way/513159673
Retail: Department store,England SE and Central S,London,way,516163788,AJ's Lounge,flat,,180.8,building=retail; amenity=pub,https://www.openstreetmap.org/way/516163788
Retail: Department store,England SE and Central S,London,way,517066123,,flat,,37.3,building=retail,https://www.openstreetmap.org/way/517066123
Retail: Department store,England SE and Central S,London,way,525700387,,flat,,86.9,building=retail,https://www.openstreetmap.org/way/525700387
Retail: Department store,England SE and Central S,London,way,530088186,The Village Green,hipped,,129.3,building=retail; amenity=pub,https://www.openstreetmap.org/way/530088186
Retail: Department store,England SE and Central S,London,way,532061940,,gabled,,547.3,building=retail,https://www.openstreetmap.org/way/532061940
Retail: Department store,England SE and Central S,London,way,532061945,,gabled,,178.3,building=retail,https://www.openstreetmap.org/way/532061945
Retail: Department store,England SE and Central S,London,way,532074737,,hipped,,520.9,building=retail,https://www.openstreetmap.org/way/532074737
Retail: Department store,England SE and Central S,London,way,536361011,Istanbul in Hackney,flat,,31.9,building=retail,https://www.openstreetmap.org/way/536361011
Retail: Department store,England SE and Central S,London,way,562608030,H.J.Aris Café and Antiques,flat,,78.7,building=retail; amenity=cafe,https://www.openstreetmap.org/way/562608030
Retail: Department store,England SE and Central S,London,way,566430993,,gabled,,140.2,building=retail,https://www.openstreetmap.org/way/566430993
Retail: Department store,England SE and Central S,London,way,568582147,Nightingale Chancellors,gabled,,79.3,building=retail; office=estate_agent,https://www.openstreetmap.org/way/568582147
Retail: Department store,England SE and Central S,London,way,568582148,Dragon Inn,gabled,,79.4,building=retail; amenity=restaurant,https://www.openstreetmap.org/way/568582148
Retail: Department store,England SE and Central S,London,way,568582150,Sheen Road Chiropractic,gabled,,79.3,building=retail; healthcare=alternative,https://www.openstreetmap.org/way/568582150
Retail: Department store,England SE and Central S,London,way,568582151,Springfield Pharmacy,gabled,,79.3,building=retail; amenity=pharmacy; healthcare=pharmacy,https://www.openstreetmap.org/way/568582151
Retail: Department store,England SE and Central S,London,way,568582152,Bamboo Noodle Bar,gabled,,79.4,building=retail; amenity=restaurant,https://www.openstreetmap.org/way/568582152
Retail: Department store,England SE and Central S,London,way,568582153,bicycle,gabled,,79.3,building=retail; shop=bicycle,https://www.openstreetmap.org/way/568582153
Retail: Department store,England SE and Central S,London,way,568582155,Venwood Hair and Beauty,gabled,,79.5,building=retail; shop=hairdresser,https://www.openstreetmap.org/way/568582155
Retail: Department store,England SE and Central S,London,way,568582156,Rugmart,gabled,,79.3,building=retail; shop=carpet,https://www.openstreetmap.org/way/568582156
Retail: Department store,England SE and Central S,London,way,568582157,Pop Inn,gabled,,79.3,building=retail; shop=convenience,https://www.openstreetmap.org/way/568582157
Retail: Department store,England SE and Central S,London,way,568582158,Indesign Bathrooms,gabled,,158.7,building=retail; shop=bathroom_furnishing,https://www.openstreetmap.org/way/568582158
Retail: Department store,England SE and Central S,London,way,569751091,,gabled,,62.3,building=retail,https://www.openstreetmap.org/way/569751091
Retail: Department store,England SE and Central S,London,way,569751092,,hipped,,94.3,building=retail,https://www.openstreetmap.org/way/569751092
Retail: Department store,England SE and Central S,London,way,570718768,Richmond Convenience Store,hipped,,137.9,building=retail; shop=convenience,https://www.openstreetmap.org/way/570718768
Retail: Department store,England SE and Central S,London,way,582343812,,hipped,,469.1,building=retail,https://www.openstreetmap.org/way/582343812
Retail: Department store,England SE and Central S,London,way,585940467,Fé Hair & Beauty,double_saltbox,,67.2,building=retail; shop=hairdresser,https://www.openstreetmap.org/way/585940467
Retail: Department store,England SE and Central S,London,way,585940468,Active Cycles,double_saltbox,,68.3,building=retail; shop=bicycle,https://www.openstreetmap.org/way/585940468
Retail: Department store,England SE and Central S,London,way,585940469,Richmond Local,double_saltbox,,69.2,building=retail; shop=convenience,https://www.openstreetmap.org/way/585940469
Retail: Department store,England SE and Central S,London,way,585940470,Heisenberg Breakfast Company,double_saltbox,,70.2,building=retail; amenity=cafe,https://www.openstreetmap.org/way/585940470
Retail: Department store,England SE and Central S,London,way,585940471,Richmond Pharmacy,double_saltbox,,68.8,building=retail; amenity=pharmacy; healthcare=pharmacy,https://www.openstreetmap.org/way/585940471
Retail: Department store,England SE and Central S,London,way,585940474,J.s Food & Wine,double_saltbox,,70.7,building=retail; shop=convenience,https://www.openstreetmap.org/way/585940474
Retail: Department store,England SE and Central S,London,way,585940475,,gabled,,72.0,building=retail,https://www.openstreetmap.org/way/585940475
Retail: Department store,England SE and Central S,London,way,585940476,Bros Hair Studio,double_saltbox,,73.1,building=retail; shop=hairdresser,https://www.openstreetmap.org/way/585940476
Retail: Department store,England SE and Central S,London,way,585940477,Storemont Alliance,double_saltbox,,74.4,building=retail; shop=doityourself,https://www.openstreetmap.org/way/585940477
Retail: Department store,England SE and Central S,London,way,586029185,,flat,,34.1,building=retail,https://www.openstreetmap.org/way/586029185
Retail: Department store,England SE and Central S,London,way,586029188,,flat,,29.8,building=retail,https://www.openstreetmap.org/way/586029188
Retail: Department store,England SE and Central S,London,way,586029201,,flat,,29.5,building=retail,https://www.openstreetmap.org/way/586029201
Retail: Department store,England SE and Central S,London,way,586029202,,flat,,27.8,building=retail,https://www.openstreetmap.org/way/586029202
Retail: Department store,England SE and Central S,London,way,586029203,,flat,,26.6,building=retail,https://www.openstreetmap.org/way/586029203
Retail: Department store,England SE and Central S,London,way,586029204,,flat,,25.1,building=retail,https://www.openstreetmap.org/way/586029204
Retail: Department store,England SE and Central S,London,way,586029205,,flat,,33.4,building=retail,https://www.openstreetmap.org/way/586029205
Retail: Department store,England SE and Central S,London,way,586029210,,flat,,40.9,building=retail,https://www.openstreetmap.org/way/586029210
Retail: Department store,England SE and Central S,London,way,586048100,ASCA,flat,,106.6,building=retail; healthcare=clinic,https://www.openstreetmap.org/way/586048100
Retail: Department store,England SE and Central S,London,way,586085712,Caffe Torelli,butterfly,,46.1,building=retail; amenity=cafe,https://www.openstreetmap.org/way/586085712
Retail: Department store,England SE and Central S,London,way,586085713,Michael Jones Architects,butterfly,,46.1,building=retail; office=architect,https://www.openstreetmap.org/way/586085713
Retail: Department store,England SE and Central S,London,way,586711056,Q Sports Physio,gabled,,38.4,building=retail; amenity=clinic; healthcare=clinic,https://www.openstreetmap.org/way/586711056
Retail: Department store,England SE and Central S,London,way,586711057,Oliver Topham Antiques,gabled,,38.4,building=retail; shop=antiques,https://www.openstreetmap.org/way/586711057
Retail: Department store,England SE and Central S,London,way,586711058,Rara,gabled,,38.4,building=retail; amenity=restaurant,https://www.openstreetmap.org/way/586711058
Retail: Department store,England SE and Central S,London,way,586711060,IT Specialists,gabled,,41.3,building=retail; shop=computer,https://www.openstreetmap.org/way/586711060
Retail: Department store,England SE and Central S,London,way,586711061,Squire’s Food and Wine,gabled,,41.3,building=retail; shop=convenience,https://www.openstreetmap.org/way/586711061
Retail: Department store,England SE and Central S,London,way,586711062,Kitten to Cat,gabled,,41.3,building=retail; amenity=veterinary,https://www.openstreetmap.org/way/586711062
Retail: Department store,England SE and Central S,London,way,586711063,Qcut,gabled,,41.3,building=retail; shop=hairdresser,https://www.openstreetmap.org/way/586711063
Retail: Department store,England SE and Central S,London,way,586711065,Q-Verde,gabled,,41.3,building=retail; amenity=restaurant,https://www.openstreetmap.org/way/586711065
Retail: Department store,England SE and Central S,London,way,586711066,Curry Bae,gabled,,41.2,building=retail; amenity=restaurant,https://www.openstreetmap.org/way/586711066
Retail: Department store,England SE and Central S,London,way,587928189,,gabled,,77.9,building=retail,https://www.openstreetmap.org/way/587928189
Retail: Department store,England SE and Central S,London,way,588230207,The Indian Oven,gabled,,57.3,building=retail; amenity=fast_food,https://www.openstreetmap.org/way/588230207
Retail: Department store,England SE and Central S,London,way,588479938,China Pearl,gabled,,39.0,building=retail; amenity=fast_food,https://www.openstreetmap.org/way/588479938
Retail: Department store,England SE and Central S,London,way,589608092,Laundrette,gabled,,61.5,building=retail; shop=laundry,https://www.openstreetmap.org/way/589608092
Retail: Department store,England SE and Central S,London,way,589608093,Chandrika Thomas,gabled,,84.1,building=retail,https://www.openstreetmap.org/way/589608093
Retail: Department store,England SE and Central S,London,way,589608094,,gabled,,84.0,building=retail,https://www.openstreetmap.org/way/589608094
Retail: Department store,England SE and Central S,London,way,589608097,Chestertons,gabled,,70.1,building=retail,https://www.openstreetmap.org/way/589608097
Retail: Department store,England SE and Central S,London,way,589649623,Lockdown Bakehouse,gabled,,69.6,building=retail; amenity=cafe,https://www.openstreetmap.org/way/589649623
Retail: Department store,England SE and Central S,London,way,589649624,Artechef,gabled,,69.7,building=retail; amenity=restaurant,https://www.openstreetmap.org/way/589649624
Retail: Department store,England SE and Central S,London,way,589649625,Editor@37,gabled,,81.3,building=retail; shop=clothes,https://www.openstreetmap.org/way/589649625
Retail: Department store,England SE and Central S,London,way,589649626,The Peach Tree Beauty Clinic,gabled,,69.6,building=retail; shop=beauty,https://www.openstreetmap.org/way/589649626
Retail: Department store,England SE and Central S,London,way,589649627,Mary’s Living & Giving Shop,gabled,,69.7,building=retail; shop=charity,https://www.openstreetmap.org/way/589649627
Retail: Department store,England SE and Central S,London,way,589649634,Londis,gabled,,41.5,building=retail; shop=convenience,https://www.openstreetmap.org/way/589649634
Retail: Department store,England SE and Central S,London,way,589649635,,gabled,,41.5,building=retail,https://www.openstreetmap.org/way/589649635
Retail: Department store,England SE and Central S,London,way,589649636,The Ginger Pig,gabled,,41.4,building=retail; shop=butcher,https://www.openstreetmap.org/way/589649636
Retail: Department store,England SE and Central S,London,way,589649637,Timothy Williams,gabled,,41.5,building=retail,https://www.openstreetmap.org/way/589649637
Retail: Department store,England SE and Central S,London,way,589649638,&feast,gabled,,41.5,building=retail; amenity=cafe,https://www.openstreetmap.org/way/589649638
Retail: Department store,England SE and Central S,London,way,589649639,Nina,gabled,,41.4,building=retail; shop=clothes,https://www.openstreetmap.org/way/589649639
Retail: Department store,England SE and Central S,London,way,589649640,Matsons,gabled,,41.5,building=retail; shop=newsagent,https://www.openstreetmap.org/way/589649640
Retail: Department store,England SE and Central S,London,way,589649641,Boutique by Shelter,gabled,,41.5,building=retail; shop=charity,https://www.openstreetmap.org/way/589649641
Retail: Department store,England SE and Central S,London,way,591270744,,flat,,56.8,building=retail,https://www.openstreetmap.org/way/591270744
Retail: Department store,England SE and Central S,London,way,591270745,,flat,,92.3,building=retail,https://www.openstreetmap.org/way/591270745
Retail: Department store,England SE and Central S,London,way,592186836,The Tapestry,hipped,,110.6,building=retail; amenity=pub,https://www.openstreetmap.org/way/592186836
Retail: Department store,England SE and Central S,London,way,592200030,Toys & Luggage,flat,,27.7,building=retail; shop=variety_store,https://www.openstreetmap.org/way/592200030
Retail: Department store,England SE and Central S,London,way,592373222,Riva News and Wine,gabled,,65.0,building=retail; shop=convenience,https://www.openstreetmap.org/way/592373222
Retail: Department store,England SE and Central S,London,way,592373223,Dolce Crema,gabled,,67.1,building=retail; amenity=cafe,https://www.openstreetmap.org/way/592373223
Retail: Department store,England SE and Central S,London,way,592373224,Monsoni Furniture,gabled,,65.3,building=retail; shop=furniture,https://www.openstreetmap.org/way/592373224
Retail: Department store,England SE and Central S,London,way,592373227,Haweli,gabled,,69.1,building=retail; amenity=restaurant,https://www.openstreetmap.org/way/592373227
Retail: Department store,England SE and Central S,London,way,592373228,Bazar,gabled,,64.2,building=retail; shop=clothes,https://www.openstreetmap.org/way/592373228
Retail: Department store,England SE and Central S,London,way,592373229,The Riverside Dry Cleaning Company,gabled,,72.0,building=retail; shop=dry_cleaning,https://www.openstreetmap.org/way/592373229
Retail: Department store,England SE and Central S,London,way,592373240,,gabled,,70.2,building=retail,https://www.openstreetmap.org/way/592373240
Retail: Department store,England SE and Central S,London,way,593535889,,flat,,44.9,building=retail,https://www.openstreetmap.org/way/593535889
Retail: Department store,England SE and Central S,London,way,595216652,Forward Pharmacy,gabled,,73.0,building=retail; amenity=pharmacy; healthcare=pharmacy,https://www.openstreetmap.org/way/595216652
Retail: Department store,England SE and Central S,London,way,595216655,Morrisons Daily,gabled,,73.3,building=retail; shop=convenience,https://www.openstreetmap.org/way/595216655
Retail: Department store,England SE and Central S,London,way,595216656,The Barnes Bookshop,gabled,,52.3,building=retail; shop=books,https://www.openstreetmap.org/way/595216656
Retail: Department store,England SE and Central S,London,way,595216679,Jasmine Dry Cleaners,gabled,,63.0,building=retail; shop=dry_cleaning,https://www.openstreetmap.org/way/595216679
Retail: Department store,England SE and Central S,London,way,595216680,Princess Alice Hospice,gabled,,63.0,building=retail; shop=charity,https://www.openstreetmap.org/way/595216680
Retail: Department store,England SE and Central S,London,way,595216681,Ela & Dhani,gabled,,63.1,building=retail; amenity=restaurant,https://www.openstreetmap.org/way/595216681
Retail: Department store,England SE and Central S,London,way,595796531,,flat,,69.5,building=retail,https://www.openstreetmap.org/way/595796531
Retail: Department store,England SE and Central S,London,way,595796535,,flat,,58.2,building=retail,https://www.openstreetmap.org/way/595796535
Retail: Department store,England SE and Central S,London,way,595796536,,flat,,41.7,building=retail,https://www.openstreetmap.org/way/595796536
Retail: Department store,England SE and Central S,London,way,595796538,,flat,,42.7,building=retail,https://www.openstreetmap.org/way/595796538
Retail: Department store,England SE and Central S,London,way,595796539,,flat,,50.2,building=retail,https://www.openstreetmap.org/way/595796539
Retail: Department store,England SE and Central S,London,way,595796540,,flat,,72.8,building=retail,https://www.openstreetmap.org/way/595796540
Retail: Department store,England SE and Central S,London,way,595796542,,flat,,112.4,building=retail,https://www.openstreetmap.org/way/595796542
Retail: Department store,England SE and Central S,London,way,595796547,,flat,,106.7,building=retail,https://www.openstreetmap.org/way/595796547
Retail: Department store,England SE and Central S,London,way,595796549,,flat,,51.2,building=retail,https://www.openstreetmap.org/way/595796549
Retail: Department store,England SE and Central S,London,way,595802537,V&G Barbers,gabled,,77.5,building=retail; shop=hairdresser,https://www.openstreetmap.org/way/595802537
Retail: Department store,England SE and Central S,London,way,595802540,Nordic Style,gabled,,80.7,building=retail; shop=gift,https://www.openstreetmap.org/way/595802540
Retail: Department store,England SE and Central S,London,way,595802542,Awesome Thai,gabled,,63.1,building=retail; amenity=restaurant,https://www.openstreetmap.org/way/595802542
Retail: Department store,England SE and Central S,London,way,595802545,Focalpoint,gabled,,70.1,building=retail; shop=optician,https://www.openstreetmap.org/way/595802545
Retail: Department store,England SE and Central S,London,way,595802548,Schuberts Footwear,gabled,,83.1,building=retail; shop=shoes,https://www.openstreetmap.org/way/595802548
Retail: Department store,England SE and Central S,London,way,595802550,Medivet,gabled,,80.1,building=retail; amenity=veterinary,https://www.openstreetmap.org/way/595802550
Retail: Department store,England SE and Central S,London,way,595802551,,gabled,,29.3,building=retail,https://www.openstreetmap.org/way/595802551
Retail: Department store,England SE and Central S,London,way,595802553,Ridley & Co,gabled,,74.7,building=retail; shop=clothes,https://www.openstreetmap.org/way/595802553
Retail: Department store,England SE and Central S,London,way,595802554,Royal Dry Cleaners,gabled,,75.2,building=retail; shop=dry_cleaning,https://www.openstreetmap.org/way/595802554
Retail: Department store,England SE and Central S,London,way,595802555,Iris,gabled,,79.8,building=retail; shop=clothes,https://www.openstreetmap.org/way/595802555
Retail: Department store,England SE and Central S,London,way,595814485,Shoenique,gabled,,30.7,building=retail; shop=shoe_repair,https://www.openstreetmap.org/way/595814485
Retail: Department store,England SE and Central S,London,way,595832366,,flat,,72.5,building=retail,https://www.openstreetmap.org/way/595832366
Retail: Department store,England SE and Central S,London,way,595863645,,flat,,82.4,building=retail,https://www.openstreetmap.org/way/595863645
Retail: Department store,England SE and Central S,London,way,595863646,,flat,,85.5,building=retail,https://www.openstreetmap.org/way/595863646
Retail: Department store,England SE and Central S,London,way,595863648,,flat,,99.2,building=retail,https://www.openstreetmap.org/way/595863648
Retail: Department store,England SE and Central S,London,way,595863649,,flat,,84.7,building=retail,https://www.openstreetmap.org/way/595863649
Retail: Department store,England SE and Central S,London,way,595863650,,flat,,93.8,building=retail,https://www.openstreetmap.org/way/595863650
Retail: Department store,England SE and Central S,London,way,595863651,,flat,,101.2,building=retail,https://www.openstreetmap.org/way/595863651
Retail: Department store,England SE and Central S,London,way,600866231,Orchid & Silk,flat,,52.3,building=retail; shop=dry_cleaning,https://www.openstreetmap.org/way/600866231
Retail: Department store,England SE and Central S,London,way,600875394,China Chef,gabled,,82.0,building=retail; amenity=fast_food,https://www.openstreetmap.org/way/600875394
Retail: Department store,England SE and Central S,London,way,600875396,Stylus Architects,gabled,,82.1,building=retail; office=architect,https://www.openstreetmap.org/way/600875396
Retail: Department store,England SE and Central S,London,way,600875398,Carter Jonas,gabled,,56.8,building=retail; office=estate_agent,https://www.openstreetmap.org/way/600875398
Retail: Department store,England SE and Central S,London,way,600875400,Tobias and the Angel,gabled,,82.0,building=retail; shop=furniture,https://www.openstreetmap.org/way/600875400
Retail: Department store,England SE and Central S,London,way,600875402,Cafe 66,gabled,,82.1,building=retail; amenity=cafe,https://www.openstreetmap.org/way/600875402
Retail: Department store,England SE and Central S,London,way,600875404,Lux Spa,gabled,,82.0,building=retail; shop=beauty,https://www.openstreetmap.org/way/600875404
Retail: Department store,England SE and Central S,London,way,600875406,Super Natural,gabled,,82.0,building=retail; shop=hairdresser,https://www.openstreetmap.org/way/600875406
Retail: Department store,England SE and Central S,London,way,600875408,Taylor & Marr,gabled,,82.1,building=retail; shop=interior_decoration,https://www.openstreetmap.org/way/600875408
Retail: Department store,England SE and Central S,London,way,600875410,Sinéad Kelly,gabled,,82.0,building=retail; shop=hairdresser,https://www.openstreetmap.org/way/600875410
Retail: Department store,England SE and Central S,London,way,600875413,Crate,gabled,,82.1,building=retail; shop=hairdresser,https://www.openstreetmap.org/way/600875413
Retail: Department store,England SE and Central S,London,way,600875415,,gabled,,82.1,building=retail,https://www.openstreetmap.org/way/600875415
Retail: Department store,England SE and Central S,London,way,600875417,JK,gabled,,82.0,building=retail; shop=antiques,https://www.openstreetmap.org/way/600875417
Retail: Department store,England SE and Central S,London,way,600875419,Blossom Spa,gabled,,82.0,building=retail; shop=massage,https://www.openstreetmap.org/way/600875419
Retail: Department store,England SE and Central S,London,way,600875422,Oh Darling!,gabled,,82.0,building=retail,https://www.openstreetmap.org/way/600875422
Retail: Department store,England SE and Central S,London,way,600875425,The Waggery & The Dogwash,gabled,,82.0,building=retail; shop=pet_grooming,https://www.openstreetmap.org/way/600875425
Retail: Department store,England SE and Central S,London,way,600875428,Barneswood,gabled,,82.1,building=retail,https://www.openstreetmap.org/way/600875428
Retail: Department store,England SE and Central S,London,way,600875431,iLocal,gabled,,82.0,building=retail; shop=convenience,https://www.openstreetmap.org/way/600875431
Retail: Department store,England SE and Central S,London,way,600875433,40 Cafe & Bistro,gabled,,82.1,building=retail; amenity=cafe,https://www.openstreetmap.org/way/600875433
Retail: Department store,England SE and Central S,London,way,601401746,The Clothesroom,gabled,,38.5,building=retail; shop=clothes,https://www.openstreetmap.org/way/601401746
Retail: Department store,England SE and Central S,London,way,601401747,Creations,gabled,,22.1,building=retail; shop=yes,https://www.openstreetmap.org/way/601401747
Retail: Department store,England SE and Central S,London,way,601751533,,pyramidal,,85.3,building=retail,https://www.openstreetmap.org/way/601751533
Retail: Department store,England SE and Central S,London,way,601751534,,hipped,,85.5,building=retail,https://www.openstreetmap.org/way/601751534
Retail: Department store,England SE and Central S,London,way,601751535,,hipped,,76.0,building=retail,https://www.openstreetmap.org/way/601751535
Retail: Department store,England SE and Central S,London,way,601751536,,hipped,,97.0,building=retail,https://www.openstreetmap.org/way/601751536
Retail: Department store,England SE and Central S,London,way,601751537,,gabled,,77.5,building=retail,https://www.openstreetmap.org/way/601751537
Retail: Department store,England SE and Central S,London,way,601751538,,gabled,,70.3,building=retail,https://www.openstreetmap.org/way/601751538
Retail: Department store,England SE and Central S,London,way,603777025,She's Lost Control,flat,,26.0,building=retail; shop=yes,https://www.openstreetmap.org/way/603777025
Retail: Department store,England SE and Central S,London,way,606507213,Chesham Arms,flat,,125.5,building=retail; amenity=pub,https://www.openstreetmap.org/way/606507213
Retail: Department store,England SE and Central S,London,way,618004606,,flat,,188.1,building=retail,https://www.openstreetmap.org/way/618004606
Retail: Department store,England SE and Central S,London,way,618581800,,flat,,155.9,building=retail,https://www.openstreetmap.org/way/618581800
Retail: Department store,England SE and Central S,London,way,618581801,,round,,56.6,building=retail,https://www.openstreetmap.org/way/618581801
Retail: Department store,England SE and Central S,London,way,618581804,,round,,56.6,building=retail,https://www.openstreetmap.org/way/618581804
Retail: Department store,England SE and Central S,London,way,618581806,,round,,56.6,building=retail,https://www.openstreetmap.org/way/618581806
Retail: Department store,England SE and Central S,London,way,618581807,,round,,56.5,building=retail,https://www.openstreetmap.org/way/618581807
Retail: Department store,England SE and Central S,London,way,618581809,,round,,56.5,building=retail,https://www.openstreetmap.org/way/618581809
Retail: Department store,England SE and Central S,London,way,618581811,,round,,56.6,building=retail,https://www.openstreetmap.org/way/618581811
Retail: Department store,England SE and Central S,London,way,619762277,,4,,179.8,building=retail,https://www.openstreetmap.org/way/619762277
Retail: Department store,England SE and Central S,London,way,619762286,Iceland,flat,,354.1,building=retail; shop=frozen_food,https://www.openstreetmap.org/way/619762286
Retail: Department store,England SE and Central S,London,way,619762287,Midpoint Café,flat,,128.1,building=retail; amenity=cafe,https://www.openstreetmap.org/way/619762287
Retail: Department store,England SE and Central S,London,way,623473852,The Cafe in the Park,gabled,,332.5,building=retail; amenity=cafe,https://www.openstreetmap.org/way/623473852
Retail: Department store,England SE and Central S,London,way,623758953,Cotford Parade,flat,,830.9,building=retail,https://www.openstreetmap.org/way/623758953
Retail: Department store,England SE and Central S,London,way,625592219,Budgens,flat,,131.6,building=retail; shop=convenience,https://www.openstreetmap.org/way/625592219
Retail: Department store,England SE and Central S,London,way,636621709,TGJones,flat,,298.6,building=retail; shop=newsagent,https://www.openstreetmap.org/way/636621709
Retail: Department store,England SE and Central S,London,way,656614122,Touchstone Bathrooms,gabled,,216.6,building=retail,https://www.openstreetmap.org/way/656614122
Retail: Department store,England SE and Central S,London,way,657430807,Rom Mai,gabled,,100.6,building=retail; amenity=restaurant,https://www.openstreetmap.org/way/657430807
Retail: Department store,England SE and Central S,London,way,657430809,Andrew Stephen Hairdressing,gabled,,85.8,building=retail; shop=hairdresser,https://www.openstreetmap.org/way/657430809
Retail: Department store,England SE and Central S,London,way,657430810,Cosmos,gabled,,89.0,building=retail,https://www.openstreetmap.org/way/657430810
Retail: Department store,England SE and Central S,London,way,657430811,The Hi-End,gabled,,88.7,building=retail,https://www.openstreetmap.org/way/657430811
Retail: Department store,England SE and Central S,London,way,657430812,Alma,gabled,,86.9,building=retail; amenity=cafe,https://www.openstreetmap.org/way/657430812
Retail: Department store,England SE and Central S,London,way,673137227,,hipped,,1351.7,building=retail,https://www.openstreetmap.org/way/673137227
Retail: Department store,England SE and Central S,London,way,693587549,Kitchens By Holloways,gabled,,55.2,building=retail; shop=kitchen,https://www.openstreetmap.org/way/693587549
Retail: Department store,England SE and Central S,London,way,693587551,Chestertons,flat,,122.2,building=retail; office=estate_agent,https://www.openstreetmap.org/way/693587551
Retail: Department store,England SE and Central S,London,way,693587553,Richmond Hill Dry Cleaners,flat,,61.1,building=retail; shop=dry_cleaning,https://www.openstreetmap.org/way/693587553
Retail: Department store,England SE and Central S,London,way,693587554,La Luna di Luca,flat,,61.1,building=retail; amenity=restaurant,https://www.openstreetmap.org/way/693587554
Retail: Department store,England SE and Central S,London,way,694353527,Tops Pizza,flat,,62.2,building=retail; amenity=fast_food,https://www.openstreetmap.org/way/694353527
Retail: Department store,England SE and Central S,London,way,694353528,Storm Building,flat,,63.2,building=retail; office=architect,https://www.openstreetmap.org/way/694353528
Retail: Department store,England SE and Central S,London,way,694353529,Parkway Greens,flat,,63.3,building=retail; shop=greengrocer,https://www.openstreetmap.org/way/694353529
Retail: Department store,England SE and Central S,London,way,694353530,Lab 375,flat,,63.3,building=retail; shop=hairdresser,https://www.openstreetmap.org/way/694353530
Retail: Department store,England SE and Central S,London,way,694353531,Thames Travel,flat,,63.2,building=retail; shop=travel_agency,https://www.openstreetmap.org/way/694353531
Retail: Department store,England SE and Central S,London,way,694353532,Richmond Cycles Custom,flat,,59.7,building=retail; shop=bicycle,https://www.openstreetmap.org/way/694353532
Retail: Department store,England SE and Central S,London,way,696394851,,hipped,,115.6,building=retail,https://www.openstreetmap.org/way/696394851
Retail: Department store,England SE and Central S,London,way,704281119,,hipped,,75.1,building=retail,https://www.openstreetmap.org/way/704281119
Retail: Department store,England SE and Central S,London,way,704281120,Jin Bao,hipped,,33.4,building=retail; amenity=fast_food,https://www.openstreetmap.org/way/704281120
Retail: Department store,England SE and Central S,London,way,705417790,Kiss The Hippo,flat,,31.7,building=retail; amenity=cafe,https://www.openstreetmap.org/way/705417790
Retail: Department store,England SE and Central S,London,way,706692060,The Crown,gambrel,,400.4,building=retail; amenity=pub,https://www.openstreetmap.org/way/706692060
Retail: Department store,England SE and Central S,London,way,707994823,*To Let 2021*,flat,,170.3,building=retail,https://www.openstreetmap.org/way/707994823
Retail: Department store,England SE and Central S,London,way,709241130,,flat,,614.5,building=retail,https://www.openstreetmap.org/way/709241130
Retail: Department store,England SE and Central S,London,way,711068536,Nissan,flat,,1176.9,building=retail; shop=car,https://www.openstreetmap.org/way/711068536
Retail: Department store,England SE and Central S,London,way,717894027,,flat,,109.5,building=retail,https://www.openstreetmap.org/way/717894027
Retail: Department store,England SE and Central S,London,way,717894029,Geranium,flat,,193.1,building=retail; shop=charity,https://www.openstreetmap.org/way/717894029
Retail: Department store,England SE and Central S,London,way,724801910,Maryland Barbers,flat,,21.7,building=retail; shop=hairdresser,https://www.openstreetmap.org/way/724801910
Retail: Department store,England SE and Central S,London,way,729857652,Asda Express,flat,,398.0,building=retail; shop=convenience,https://www.openstreetmap.org/way/729857652
Retail: Department store,England SE and Central S,London,way,737289282,Zara,flat,,1695.2,building=retail; shop=clothes,https://www.openstreetmap.org/way/737289282
Retail: Department store,England SE and Central S,London,way,753507440,,gabled,,65.6,building=retail,https://www.openstreetmap.org/way/753507440
Retail: Department store,England SE and Central S,London,way,806443830,,round,,1808.4,building=retail,https://www.openstreetmap.org/way/806443830
Retail: Department store,England SE and Central S,London,way,810868189,Tile Lines,flat,,20.5,building=retail; shop=tiles,https://www.openstreetmap.org/way/810868189
Retail: Department store,England SE and Central S,London,way,812750759,Pop Up Pizza,flat,,29.3,building=retail; amenity=fast_food,https://www.openstreetmap.org/way/812750759
Retail: Department store,England SE and Central S,London,way,815832517,,flat,,245.8,building=retail,https://www.openstreetmap.org/way/815832517
Retail: Department store,England SE and Central S,London,way,815853901,,hipped,,74.9,building=retail,https://www.openstreetmap.org/way/815853901
Retail: Department store,England SE and Central S,London,way,815853902,,gabled,,64.6,building=retail,https://www.openstreetmap.org/way/815853902
Retail: Department store,England SE and Central S,London,way,815853912,Pelo,gabled,,70.6,building=retail; shop=hairdresser,https://www.openstreetmap.org/way/815853912
Retail: Department store,England SE and Central S,London,way,822957100,Lesnes Abbey Lodge,round,,267.2,building=retail,https://www.openstreetmap.org/way/822957100
Retail: Department store,England SE and Central S,London,way,823002783,,pyramidal,,52.1,building=retail,https://www.openstreetmap.org/way/823002783
Retail: Department store,England SE and Central S,London,way,823258755,Crown Slots,flat,,84.7,building=retail,https://www.openstreetmap.org/way/823258755
Retail: Department store,England SE and Central S,London,way,823636941,Accommodate,flat,,42.1,building=retail; shop=vacant,https://www.openstreetmap.org/way/823636941
Retail: Department store,England SE and Central S,London,way,827500823,Onyx Tiles,flat,,96.4,building=retail,https://www.openstreetmap.org/way/827500823
Retail: Department store,England SE and Central S,London,way,828595356,,flat,,87.0,building=retail,https://www.openstreetmap.org/way/828595356
Retail: Department store,England SE and Central S,London,way,828595373,Cycle King,flat,,785.3,building=retail; shop=bicycle,https://www.openstreetmap.org/way/828595373
Retail: Department store,England SE and Central S,London,way,830315435,Tong Xin,flat,,280.8,building=retail; amenity=restaurant,https://www.openstreetmap.org/way/830315435
Retail: Department store,England SE and Central S,London,way,830315436,Atlantis,flat,,535.6,building=retail; amenity=pub,https://www.openstreetmap.org/way/830315436
Retail: Department store,England SE and Central S,London,way,830315443,Polski Sklep,flat,,80.6,building=retail; shop=food,https://www.openstreetmap.org/way/830315443
Retail: Department store,England SE and Central S,London,way,830315444,Charis Continental Foods,flat,,77.0,building=retail; shop=food,https://www.openstreetmap.org/way/830315444
Retail: Department store,England SE and Central S,London,way,830315445,Property King,flat,,57.0,building=retail; office=estate_agent,https://www.openstreetmap.org/way/830315445
Retail: Department store,England SE and Central S,London,way,830315446,,flat,,93.5,building=retail; shop=vacant,https://www.openstreetmap.org/way/830315446
Retail: Department store,England SE and Central S,London,way,830418488,Rimzi Hair & Beauty,flat,,197.3,building=retail; shop=hairdresser,https://www.openstreetmap.org/way/830418488
Retail: Department store,England SE and Central S,London,way,830418494,CLN,flat,,80.1,building=retail; shop=beauty,https://www.openstreetmap.org/way/830418494
Retail: Department store,England SE and Central S,London,way,830418497,Iceland,flat,,1036.7,building=retail; shop=frozen_food,https://www.openstreetmap.org/way/830418497
Retail: Department store,England SE and Central S,London,way,830431248,,gabled,,1365.8,building=retail,https://www.openstreetmap.org/way/830431248
Retail: Department store,England SE and Central S,London,way,830533969,MK Mix London,flat,,250.4,building=retail; shop=clothes,https://www.openstreetmap.org/way/830533969
Retail: Department store,England SE and Central S,London,way,832887843,Ocean Carwash,flat,,230.1,building=retail; amenity=car_wash,https://www.openstreetmap.org/way/832887843
Retail: Department store,England SE and Central S,London,way,832889462,,flat,,41.6,building=retail,https://www.openstreetmap.org/way/832889462
Retail: Department store,England SE and Central S,London,way,832889464,RSPCA,flat,,122.8,building=retail,https://www.openstreetmap.org/way/832889464
Retail: Department store,England SE and Central S,London,way,832889465,Fresh Foods,flat,,67.2,building=retail,https://www.openstreetmap.org/way/832889465
Retail: Department store,England SE and Central S,London,way,832889466,Beautiful Nails,flat,,60.9,building=retail; shop=beauty,https://www.openstreetmap.org/way/832889466
Retail: Department store,England SE and Central S,London,way,832897098,Land Estates,flat,,76.1,building=retail; shop=estate_agent,https://www.openstreetmap.org/way/832897098
Retail: Department store,England SE and Central S,London,way,832897099,The Phoenix,flat,,80.8,building=retail; amenity=pub,https://www.openstreetmap.org/way/832897099
Retail: Department store,England SE and Central S,London,way,832897100,Goodheads,flat,,85.6,building=retail; shop=hairdresser,https://www.openstreetmap.org/way/832897100
Retail: Department store,England SE and Central S,London,way,832897101,Metro's,flat,,79.9,building=retail; amenity=fast_food,https://www.openstreetmap.org/way/832897101
Retail: Department store,England SE and Central S,London,way,832897102,Pizza Hut Delivery,flat,,99.7,building=retail; amenity=fast_food,https://www.openstreetmap.org/way/832897102
Retail: Department store,England SE and Central S,London,way,832897103,Anthony Martin,flat,,48.2,building=retail; shop=estate_agent,https://www.openstreetmap.org/way/832897103
Retail: Department store,England SE and Central S,London,way,832897104,Mann,flat,,75.2,building=retail; shop=estate_agent,https://www.openstreetmap.org/way/832897104
Retail: Department store,England SE and Central S,London,way,835325247,,hipped,,75.2,building=retail,https://www.openstreetmap.org/way/835325247
Retail: Department store,England SE and Central S,London,way,837153518,,mansard,,310.7,building=retail,https://www.openstreetmap.org/way/837153518
Retail: Department store,England SE and Central S,London,way,838357366,,flat,,4484.7,building=retail,https://www.openstreetmap.org/way/838357366
Retail: Department store,England SE and Central S,London,way,838494444,,hipped,,150.3,building=retail,https://www.openstreetmap.org/way/838494444
Retail: Department store,England SE and Central S,London,way,841789631,The Village Tailors,flat,,15.6,building=retail; shop=tailor,https://www.openstreetmap.org/way/841789631
Retail: Department store,England SE and Central S,London,way,844650729,Little Waitrose,flat,,330.1,building=retail; shop=convenience,https://www.openstreetmap.org/way/844650729
Retail: Department store,England SE and Central S,London,way,848218180,Knight Bishop,flat,,58.9,building=retail,https://www.openstreetmap.org/way/848218180
Retail: Department store,England SE and Central S,London,way,848218181,Well's Beds,flat,,71.2,building=retail; shop=bed,https://www.openstreetmap.org/way/848218181
Retail: Department store,England SE and Central S,London,way,848218182,,flat,,77.1,building=retail,https://www.openstreetmap.org/way/848218182
Retail: Department store,England SE and Central S,London,way,848218183,,flat,,50.4,building=retail,https://www.openstreetmap.org/way/848218183
Retail: Department store,England SE and Central S,London,way,848227427,NuDawn,double_saltbox,,90.7,building=retail,https://www.openstreetmap.org/way/848227427
Retail: Department store,England SE and Central S,London,way,848227430,Rekindled,flat,,87.1,building=retail; shop=clothes,https://www.openstreetmap.org/way/848227430
Retail: Department store,England SE and Central S,London,way,848227432,Infocus Optometrists,double_saltbox,,93.6,building=retail; shop=optician,https://www.openstreetmap.org/way/848227432
Retail: Department store,England SE and Central S,London,way,848227440,,flat,,85.0,building=retail,https://www.openstreetmap.org/way/848227440
Retail: Department store,England SE and Central S,London,way,848227441,Rocket Barber Shop,flat,,87.3,building=retail; shop=hairdresser,https://www.openstreetmap.org/way/848227441
Retail: Department store,England SE and Central S,London,way,848656838,Clockwork Pharmacy,flat,,102.5,building=retail; amenity=pharmacy; healthcare=pharmacy,https://www.openstreetmap.org/way/848656838
Retail: Department store,England SE and Central S,London,way,848656839,Candy Shop,flat,,59.6,building=retail,https://www.openstreetmap.org/way/848656839
Retail: Department store,England SE and Central S,London,way,848656880,Galaxy Ltd,quadruple_saltbox,,108.9,building=retail; amenity=internet_cafe,https://www.openstreetmap.org/way/848656880
Retail: Department store,England SE and Central S,London,way,849047057,Kingfisher,flat,,44.3,building=retail; amenity=fast_food,https://www.openstreetmap.org/way/849047057
Retail: Department store,England SE and Central S,London,way,849373844,Chatsworth Green,flat,,68.8,building=retail; shop=greengrocer,https://www.openstreetmap.org/way/849373844
Retail: Department store,England SE and Central S,London,way,849462118,BJ Fashion Designer,flat,,25.7,building=retail; shop=clothes,https://www.openstreetmap.org/way/849462118
Retail: Department store,England SE and Central S,London,way,851778194,,flat,,70.6,building=retail,https://www.openstreetmap.org/way/851778194
Retail: Department store,England SE and Central S,London,way,851943954,Mind,flat,,67.9,building=retail; shop=charity,https://www.openstreetmap.org/way/851943954
Retail: Department store,England SE and Central S,London,way,852414438,Boxpark Wembley,flat,,3190.0,building=retail,https://www.openstreetmap.org/way/852414438
Retail: Department store,England SE and Central S,London,way,853545217,Core Arts,gabled,,299.8,building=retail; amenity=social_facility,https://www.openstreetmap.org/way/853545217
Retail: Department store,England SE and Central S,London,way,854086907,Hackney Children & Baby Bank,flat,,41.7,building=retail; shop=charity,https://www.openstreetmap.org/way/854086907
Retail: Department store,England SE and Central S,London,way,854673779,,flat,,215.1,building=retail,https://www.openstreetmap.org/way/854673779
Retail: Department store,England SE and Central S,London,way,854781860,,flat,,394.3,building=retail,https://www.openstreetmap.org/way/854781860
Retail: Department store,England SE and Central S,London,way,856164970,Manna King,flat,,92.0,building=retail; amenity=restaurant,https://www.openstreetmap.org/way/856164970
Retail: Department store,England SE and Central S,London,way,857939225,Sweet Talkers Dessert,flat,,95.8,building=retail; amenity=cafe,https://www.openstreetmap.org/way/857939225
Retail: Department store,England SE and Central S,London,way,857939226,Bow Dental Practice,flat,,274.4,building=retail; amenity=dentist; healthcare=dentist,https://www.openstreetmap.org/way/857939226
Retail: Department store,England SE and Central S,London,way,870880185,Londis,flat,,222.8,building=retail; shop=convenience,https://www.openstreetmap.org/way/870880185
Retail: Department store,England SE and Central S,London,way,878670429,Sunshine Garden Centre,hipped,,1097.8,building=retail,https://www.openstreetmap.org/way/878670429
Retail: Department store,England SE and Central S,London,way,881732530,,gabled,,44.3,building=retail,https://www.openstreetmap.org/way/881732530
Retail: Department store,England SE and Central S,London,way,881732531,,gabled,,38.8,building=retail,https://www.openstreetmap.org/way/881732531
Retail: Department store,England SE and Central S,London,way,882092634,Private Shop,gabled,,43.6,building=retail; amenity=cafe,https://www.openstreetmap.org/way/882092634
Retail: Department store,England SE and Central S,London,way,885567037,Sons,flat,,42.5,building=retail; amenity=cafe,https://www.openstreetmap.org/way/885567037
Retail: Department store,England SE and Central S,London,way,891287234,,gabled,,264.7,building=retail,https://www.openstreetmap.org/way/891287234
Retail: Department store,England SE and Central S,London,way,894673268,,flat,,262.9,building=retail,https://www.openstreetmap.org/way/894673268
Retail: Department store,England SE and Central S,London,way,896551642,Adonis Supermarket,gabled,,103.1,building=retail; shop=supermarket,https://www.openstreetmap.org/way/896551642
Retail: Department store,England SE and Central S,London,way,896551643,Kacey's Off Licence,gabled,,70.9,building=retail; shop=convenience,https://www.openstreetmap.org/way/896551643
Retail: Department store,England SE and Central S,London,way,907030627,,gabled,,289.5,building=retail,https://www.openstreetmap.org/way/907030627
Retail: Department store,England SE and Central S,London,way,907839589,,skillion,,106.1,building=retail,https://www.openstreetmap.org/way/907839589
Retail: Department store,England SE and Central S,London,way,911430877,Londis,flat,,182.7,building=retail; shop=convenience,https://www.openstreetmap.org/way/911430877
Retail: Department store,England SE and Central S,London,way,912410771,,flat,,67.5,building=retail,https://www.openstreetmap.org/way/912410771
Retail: Department store,England SE and Central S,London,way,912419579,Iceland,flat,,846.7,building=retail; shop=frozen_food,https://www.openstreetmap.org/way/912419579
Retail: Department store,England SE and Central S,London,way,912675732,,hipped,,153.6,building=retail,https://www.openstreetmap.org/way/912675732
Retail: Department store,England SE and Central S,London,way,913065408,,flat,,173.3,building=retail,https://www.openstreetmap.org/way/913065408
Retail: Department store,England SE and Central S,London,way,913065423,,gabled,,68.6,building=retail,https://www.openstreetmap.org/way/913065423
Retail: Department store,England SE and Central S,London,way,917178965,Sainsbury's Local,flat,,428.6,building=retail; shop=convenience,https://www.openstreetmap.org/way/917178965
Retail: Department store,England SE and Central S,London,way,934446045,Beechhall Joinery,flat,,51.1,building=retail; shop=hardware,https://www.openstreetmap.org/way/934446045
Retail: Department store,England SE and Central S,London,way,935332157,Shell,flat,,321.1,building=retail; amenity=fuel,https://www.openstreetmap.org/way/935332157
Retail: Department store,England SE and Central S,London,way,937749120,Costa Coffee,flat,,104.5,building=retail; amenity=cafe,https://www.openstreetmap.org/way/937749120
Retail: Department store,England SE and Central S,London,way,937749121,Crossways Mini Store,flat,,35.0,building=retail; shop=kiosk,https://www.openstreetmap.org/way/937749121
Retail: Department store,England SE and Central S,London,way,940610776,,flat,,831.2,building=retail,https://www.openstreetmap.org/way/940610776
Retail: Department store,England SE and Central S,London,way,945553606,BP Connect,flat,,127.0,building=retail; shop=convenience,https://www.openstreetmap.org/way/945553606
Retail: Department store,England SE and Central S,London,way,948564500,Natural Remedy Centre,flat,,53.4,building=retail; shop=massage; healthcare=alternative,https://www.openstreetmap.org/way/948564500
Retail: Department store,England SE and Central S,London,way,948564501,Costcutter,flat,,53.6,building=retail; shop=convenience,https://www.openstreetmap.org/way/948564501
Retail: Department store,England SE and Central S,London,way,948564502,Golden Palace,flat,,60.9,building=retail; amenity=fast_food,https://www.openstreetmap.org/way/948564502
Retail: Department store,England SE and Central S,London,way,948564503,@The Chippy,flat,,92.6,building=retail; amenity=fast_food,https://www.openstreetmap.org/way/948564503
Retail: Department store,England SE and Central S,London,way,948564504,The Cutting Edge,flat,,71.5,building=retail; shop=hairdresser,https://www.openstreetmap.org/way/948564504
Retail: Department store,England SE and Central S,London,way,948654695,Beadles Van Centre,flat,,174.8,building=retail; shop=van,https://www.openstreetmap.org/way/948654695
Retail: Department store,England SE and Central S,London,way,951404435,Roehampton Local,flat,,53.1,building=retail; amenity=post_office,https://www.openstreetmap.org/way/951404435
Retail: Department store,England SE and Central S,London,way,951404436,Roehampton Dry Cleaners,flat,,53.1,building=retail; shop=dry_cleaning,https://www.openstreetmap.org/way/951404436
Retail: Department store,England SE and Central S,London,way,951404437,Richstone Properties,flat,,159.2,building=retail; office=estate_agent,https://www.openstreetmap.org/way/951404437
Retail: Department store,England SE and Central S,London,way,951712060,Violet Cakes,flat,,34.2,building=retail; shop=pastry,https://www.openstreetmap.org/way/951712060
Retail: Department store,England SE and Central S,London,way,955141015,Costa,flat,,204.1,building=retail; amenity=cafe,https://www.openstreetmap.org/way/955141015
Retail: Department store,England SE and Central S,London,way,961949864,,flat,,433.4,building=retail,https://www.openstreetmap.org/way/961949864
Retail: Department store,England SE and Central S,London,way,961949894,,flat,,309.4,building=retail,https://www.openstreetmap.org/way/961949894
Retail: Department store,England SE and Central S,London,way,961949896,,flat,,1959.2,building=retail,https://www.openstreetmap.org/way/961949896
Retail: Department store,England SE and Central S,London,way,963291710,Rogue,flat,,218.6,building=retail; shop=clothes,https://www.openstreetmap.org/way/963291710
Retail: Department store,England SE and Central S,London,way,963291711,The Meze,flat,,190.4,building=retail; amenity=restaurant,https://www.openstreetmap.org/way/963291711
Retail: Department store,England SE and Central S,London,way,963371571,Powerwave Crosstrainer,flat,,108.3,building=retail; shop=yes,https://www.openstreetmap.org/way/963371571
Retail: Department store,England SE and Central S,London,way,964097912,Hursts,hipped,,180.1,building=retail; shop=convenience,https://www.openstreetmap.org/way/964097912
Retail: Department store,England SE and Central S,London,way,964097958,Sanspeed,flat,,100.6,building=retail; shop=car_repair,https://www.openstreetmap.org/way/964097958
Retail: Department store,England SE and Central S,London,way,965172517,,flat,,198.4,building=retail,https://www.openstreetmap.org/way/965172517
Retail: Department store,England SE and Central S,London,way,965172521,Ellenor,flat,,174.6,building=retail; shop=charity,https://www.openstreetmap.org/way/965172521
Retail: Department store,England SE and Central S,London,way,965172593,,flat,,503.2,building=retail,https://www.openstreetmap.org/way/965172593
Retail: Department store,England SE and Central S,London,way,965172594,Giggling Sausage,flat,,107.7,building=retail; amenity=cafe,https://www.openstreetmap.org/way/965172594
Retail: Department store,England SE and Central S,London,way,965172595,,flat,,131.7,building=retail; shop=vacant,https://www.openstreetmap.org/way/965172595
Retail: Department store,England SE and Central S,London,way,965172596,Kent Supermarket,flat,,135.3,building=retail; shop=convenience,https://www.openstreetmap.org/way/965172596
Retail: Department store,England SE and Central S,London,way,965172597,Diamond Heart Tattoo,flat,,142.4,building=retail; shop=tattoo,https://www.openstreetmap.org/way/965172597
Retail: Department store,England SE and Central S,London,way,965172598,Chinese Medicine,flat,,127.4,building=retail; healthcare=alternative,https://www.openstreetmap.org/way/965172598
Retail: Department store,England SE and Central S,London,way,965172599,Cafe’ Mojito,flat,,144.0,building=retail; amenity=restaurant,https://www.openstreetmap.org/way/965172599
Retail: Department store,England SE and Central S,London,way,965172600,Francis Chappell & Sons,flat,,149.0,building=retail; shop=funeral_directors,https://www.openstreetmap.org/way/965172600
Retail: Department store,England SE and Central S,London,way,965172601,Flowers From Ltd,flat,,83.7,building=retail; shop=florist,https://www.openstreetmap.org/way/965172601
Retail: Department store,England SE and Central S,London,way,965221585,Savers,flat,,317.2,building=retail; shop=chemist,https://www.openstreetmap.org/way/965221585
Retail: Department store,England SE and Central S,London,way,965350784,,flat,,619.9,building=retail,https://www.openstreetmap.org/way/965350784
Retail: Department store,England SE and Central S,London,way,965350785,,flat,,270.7,building=retail,https://www.openstreetmap.org/way/965350785
Retail: Department store,England SE and Central S,London,way,965765949,,flat,,7579.1,building=retail,https://www.openstreetmap.org/way/965765949
Retail: Department store,England SE and Central S,London,way,965766005,Zental Dental Bexleyheath,hipped,,394.0,building=retail; amenity=dentist; healthcare=dentist,https://www.openstreetmap.org/way/965766005
Retail: Department store,England SE and Central S,London,way,966050330,Greenwich & Bexley Community Hospice,flat,,70.2,building=retail; shop=charity,https://www.openstreetmap.org/way/966050330
Retail: Department store,England SE and Central S,London,way,966050338,Fade & Blade,flat,,79.7,building=retail; shop=hairdresser,https://www.openstreetmap.org/way/966050338
Retail: Department store,England SE and Central S,London,way,966050339,Chinchins,flat,,117.4,building=retail; amenity=cafe,https://www.openstreetmap.org/way/966050339
Retail: Department store,England SE and Central S,London,way,966050359,,flat,,419.4,building=retail,https://www.openstreetmap.org/way/966050359
Retail: Department store,England SE and Central S,London,way,966321695,Pick N Drop,hipped,,12.3,building=retail; shop=dry_cleaning,https://www.openstreetmap.org/way/966321695
Retail: Department store,England SE and Central S,London,way,966321696,PC Cabin,hipped,,12.3,building=retail; shop=electronics,https://www.openstreetmap.org/way/966321696
Retail: Department store,England SE and Central S,London,way,966321766,,flat,,792.1,building=retail,https://www.openstreetmap.org/way/966321766
Retail: Department store,England SE and Central S,London,way,967407702,,flat,,1001.0,building=retail,https://www.openstreetmap.org/way/967407702
Retail: Department store,England SE and Central S,London,way,967688401,Ruislip Barbers,flat,,42.0,building=retail; shop=hairdresser,https://www.openstreetmap.org/way/967688401
Retail: Department store,England SE and Central S,London,way,967688444,,flat,,246.0,building=retail,https://www.openstreetmap.org/way/967688444
Retail: Department store,England SE and Central S,London,way,967688445,Boots,flat,,278.0,building=retail; amenity=pharmacy; shop=chemist; healthcare=pharmacy,https://www.openstreetmap.org/way/967688445
Retail: Department store,England SE and Central S,London,way,967688447,Scope,flat,,143.9,building=retail; shop=charity,https://www.openstreetmap.org/way/967688447
Retail: Department store,England SE and Central S,London,way,967688450,John Sanders,flat,,653.8,building=retail; shop=department_store,https://www.openstreetmap.org/way/967688450
Retail: Department store,England SE and Central S,London,way,967688458,Hob Salons,flat,,115.0,building=retail; shop=hairdresser,https://www.openstreetmap.org/way/967688458
Retail: Department store,England SE and Central S,London,way,967688459,Coral,flat,,107.1,building=retail; shop=bookmaker,https://www.openstreetmap.org/way/967688459
Retail: Department store,England SE and Central S,London,way,967688460,Holland & Barrett,flat,,138.3,building=retail; shop=health_food,https://www.openstreetmap.org/way/967688460
Retail: Department store,England SE and Central S,London,way,967688461,Red Onion,flat,,111.1,building=retail; amenity=cafe,https://www.openstreetmap.org/way/967688461
Retail: Department store,England SE and Central S,London,way,967688462,,flat,,285.7,building=retail; shop=vacant,https://www.openstreetmap.org/way/967688462
Retail: Department store,England SE and Central S,London,way,967688468,Khokho Kitchen and Bar,flat,,285.6,building=retail; amenity=restaurant,https://www.openstreetmap.org/way/967688468
Retail: Department store,England SE and Central S,London,way,967688469,Hillingdon Age UK,flat,,187.9,building=retail; shop=charity,https://www.openstreetmap.org/way/967688469
Retail: Department store,England SE and Central S,London,way,967688470,Nationwide,flat,,115.1,building=retail; amenity=bank,https://www.openstreetmap.org/way/967688470
Retail: Department store,England SE and Central S,London,way,967688471,Oxfam,flat,,133.3,building=retail; shop=charity,https://www.openstreetmap.org/way/967688471
Retail: Department store,England SE and Central S,London,way,967688472,Jurassic Perk,flat,,222.8,building=retail; amenity=cafe,https://www.openstreetmap.org/way/967688472
Retail: Department store,England SE and Central S,London,way,967688473,,flat,,98.1,building=retail; shop=vacant,https://www.openstreetmap.org/way/967688473
Retail: Department store,England SE and Central S,London,way,967688485,Spacers,flat,,283.6,building=retail; shop=flooring,https://www.openstreetmap.org/way/967688485
Retail: Department store,England SE and Central S,London,way,967982043,Patrick Graham Jewellers,flat,,55.3,building=retail; shop=jewelry,https://www.openstreetmap.org/way/967982043
Retail: Department store,England SE and Central S,London,way,967982044,,flat,,61.5,building=retail; office=estate_agent,https://www.openstreetmap.org/way/967982044
Retail: Department store,England SE and Central S,London,way,967982045,Vape Portal,flat,,56.8,building=retail; shop=e-cigarette,https://www.openstreetmap.org/way/967982045
Retail: Department store,England SE and Central S,London,way,969248492,Tesco Express,flat,,507.2,building=retail; shop=convenience,https://www.openstreetmap.org/way/969248492
Retail: Department store,England SE and Central S,London,way,972690844,,double_saltbox,,92.1,building=retail,https://www.openstreetmap.org/way/972690844
Retail: Department store,England SE and Central S,London,way,976283552,Skin Rich,gabled,,70.1,building=retail; shop=beauty,https://www.openstreetmap.org/way/976283552
Retail: Department store,England SE and Central S,London,way,980176235,Binch,flat,,26.3,building=retail; amenity=bar,https://www.openstreetmap.org/way/980176235
Retail: Department store,England SE and Central S,London,way,980533387,Bryan Poole Botanical Etchings,flat,,19.4,building=retail,https://www.openstreetmap.org/way/980533387
Retail: Department store,England SE and Central S,London,way,980936644,,gabled,,51.2,building=retail,https://www.openstreetmap.org/way/980936644
Retail: Department store,England SE and Central S,London,way,980936645,,gabled,,54.5,building=retail,https://www.openstreetmap.org/way/980936645
Retail: Department store,England SE and Central S,London,way,985620480,,hipped,,79.6,building=retail,https://www.openstreetmap.org/way/985620480
Retail: Department store,England SE and Central S,London,way,985620485,Ginger & Garlic,gabled,,64.4,building=retail; amenity=restaurant,https://www.openstreetmap.org/way/985620485
Retail: Department store,England SE and Central S,London,way,985620486,Tt Munch Grill House Ltd,hipped,,58.4,building=retail; amenity=fast_food,https://www.openstreetmap.org/way/985620486
Retail: Department store,England SE and Central S,London,way,985620487,Morley'S,hipped,,58.5,building=retail; amenity=restaurant,https://www.openstreetmap.org/way/985620487
Retail: Department store,England SE and Central S,London,way,985620488,Very Sushi,gabled,,139.9,building=retail; amenity=fast_food,https://www.openstreetmap.org/way/985620488
Retail: Department store,England SE and Central S,London,way,985620489,,double_saltbox,,61.7,building=retail; shop=vacant,https://www.openstreetmap.org/way/985620489
Retail: Department store,England SE and Central S,London,way,985620490,,double_saltbox,,99.1,building=retail,https://www.openstreetmap.org/way/985620490
Retail: Department store,England SE and Central S,London,way,985620491,,double_saltbox,,98.9,building=retail,https://www.openstreetmap.org/way/985620491
Retail: Department store,England SE and Central S,London,way,985620492,,double_saltbox,,75.4,building=retail,https://www.openstreetmap.org/way/985620492
Retail: Department store,England SE and Central S,London,way,985620493,,double_saltbox,,75.9,building=retail,https://www.openstreetmap.org/way/985620493
Retail: Department store,England SE and Central S,London,way,987208091,Roehampton Supermarket,gabled,,73.6,building=retail; shop=convenience,https://www.openstreetmap.org/way/987208091
Retail: Department store,England SE and Central S,London,way,987208092,Chatka Franka,hipped,,77.3,building=retail; shop=deli,https://www.openstreetmap.org/way/987208092
Retail: Department store,England SE and Central S,London,way,987208093,Ricky's Hair Salon,gabled,,50.4,building=retail; shop=hairdresser,https://www.openstreetmap.org/way/987208093
Retail: Department store,England SE and Central S,London,way,987208094,T. H. Sanders & Sons,gabled,,120.4,building=retail; shop=funeral_directors,https://www.openstreetmap.org/way/987208094
Retail: Department store,England SE and Central S,London,way,995869105,,crosspitched,,47.0,building=retail,https://www.openstreetmap.org/way/995869105
Retail: Department store,England SE and Central S,London,way,998247950,,hipped,,59.5,building=retail,https://www.openstreetmap.org/way/998247950
Retail: Department store,England SE and Central S,London,way,998247952,,hipped,,183.9,building=retail,https://www.openstreetmap.org/way/998247952
Retail: Department store,England SE and Central S,London,way,1001833335,Little Waitrose,flat,,306.0,building=retail; shop=convenience,https://www.openstreetmap.org/way/1001833335
Retail: Department store,England SE and Central S,London,way,1014598732,World Famous Gordos,flat,,13.5,building=retail; amenity=fast_food,https://www.openstreetmap.org/way/1014598732
Retail: Department store,England SE and Central S,London,way,1014600356,Wingnut Wines,flat,,9.4,building=retail; shop=wine,https://www.openstreetmap.org/way/1014600356
Retail: Department store,England SE and Central S,London,way,1017830044,,flat,,160.1,building=retail,https://www.openstreetmap.org/way/1017830044
Retail: Department store,England SE and Central S,London,way,1022733521,,flat,,42.1,building=retail,https://www.openstreetmap.org/way/1022733521
Retail: Department store,England SE and Central S,London,way,1022733522,,flat,,107.0,building=retail,https://www.openstreetmap.org/way/1022733522
Retail: Department store,England SE and Central S,London,way,1022733523,,flat,,101.1,building=retail,https://www.openstreetmap.org/way/1022733523
Retail: Department store,England SE and Central S,London,way,1022733524,,flat,,111.5,building=retail,https://www.openstreetmap.org/way/1022733524
Retail: Department store,England SE and Central S,London,way,1030178409,Subway,flat,,133.0,building=retail; amenity=fast_food,https://www.openstreetmap.org/way/1030178409
Retail: Department store,England SE and Central S,London,way,1052615950,Shop'N Drive,flat,,68.9,building=retail; shop=convenience,https://www.openstreetmap.org/way/1052615950
Retail: Department store,England SE and Central S,London,way,1056918090,Ariele Restaurant,gabled,,97.2,building=retail; amenity=restaurant,https://www.openstreetmap.org/way/1056918090
Retail: Department store,England SE and Central S,London,way,1058109915,Northfleet Premier Mart,flat,,65.3,building=retail; shop=convenience,https://www.openstreetmap.org/way/1058109915
Retail: Department store,England SE and Central S,London,way,1058903494,,hipped,,50.1,building=retail,https://www.openstreetmap.org/way/1058903494
Retail: Department store,England SE and Central S,London,way,1059420282,Kew Convenience Store,hipped,,81.9,building=retail; shop=convenience,https://www.openstreetmap.org/way/1059420282
Retail: Department store,England SE and Central S,London,way,1059420283,Noodles Kew,gabled,,80.0,building=retail; amenity=restaurant,https://www.openstreetmap.org/way/1059420283
Retail: Department store,England SE and Central S,London,way,1059420284,Lime Dry Cleaners,gabled,,78.1,building=retail; shop=dry_cleaning,https://www.openstreetmap.org/way/1059420284
Retail: Department store,England SE and Central S,London,way,1059420285,Kew Library,gabled,,73.3,building=retail; amenity=library,https://www.openstreetmap.org/way/1059420285
Retail: Department store,England SE and Central S,London,way,1065753119,Shop,flat,,56.0,building=retail; shop=convenience,https://www.openstreetmap.org/way/1065753119
Retail: Department store,England SE and Central S,London,way,1067220640,Remi Gentlemen's Lounge,flat,,38.2,building=retail; shop=hairdresser,https://www.openstreetmap.org/way/1067220640
Retail: Department store,England SE and Central S,London,way,1067220648,Alliance United,flat,,25.6,building=retail; shop=estate_agent,https://www.openstreetmap.org/way/1067220648
Retail: Department store,England SE and Central S,London,way,1067220649,KJM Salon,flat,,25.6,building=retail; shop=hairdresser,https://www.openstreetmap.org/way/1067220649
Retail: Department store,England SE and Central S,London,way,1072455163,,flat,,53.4,building=retail,https://www.openstreetmap.org/way/1072455163
Retail: Department store,England SE and Central S,London,way,1078885483,Only The Brave,flat,,3.8,building=retail; amenity=cafe,https://www.openstreetmap.org/way/1078885483
Retail: Department store,England SE and Central S,London,way,1116264147,,flat,,266.5,building=retail,https://www.openstreetmap.org/way/1116264147
Retail: Department store,England SE and Central S,London,way,1117244417,Thai Elephant,gabled,,162.7,building=retail; amenity=restaurant,https://www.openstreetmap.org/way/1117244417
Retail: Department store,England SE and Central S,London,way,1123312812,Faith In Natures Juice's,flat,,38.2,building=retail; amenity=fast_food,https://www.openstreetmap.org/way/1123312812
Retail: Department store,England SE and Central S,London,way,1128027491,,flat,,13.2,building=retail,https://www.openstreetmap.org/way/1128027491
Retail: Department store,England SE and Central S,London,way,1132210705,,hipped,,186.4,building=retail,https://www.openstreetmap.org/way/1132210705
Retail: Department store,England SE and Central S,London,way,1158066959,,gabled,,2026.6,building=retail,https://www.openstreetmap.org/way/1158066959
Retail: Department store,England SE and Central S,London,way,1178331044,,flat,,58.2,building=retail; shop=vacant,https://www.openstreetmap.org/way/1178331044
Retail: Department store,England SE and Central S,London,way,1178558700,,flat,,39.0,building=retail,https://www.openstreetmap.org/way/1178558700
Retail: Department store,England SE and Central S,London,way,1178558701,Goddard Veterinary Group,flat,,78.0,building=retail; amenity=veterinary,https://www.openstreetmap.org/way/1178558701
Retail: Department store,England SE and Central S,London,way,1178558702,Revitalise,flat,,39.0,building=retail; shop=hairdresser,https://www.openstreetmap.org/way/1178558702
Retail: Department store,England SE and Central S,London,way,1178558703,Pharmacare,flat,,78.0,building=retail; amenity=pharmacy,https://www.openstreetmap.org/way/1178558703
Retail: Department store,England SE and Central S,London,way,1187370892,,flat,,58.4,building=retail,https://www.openstreetmap.org/way/1187370892
Retail: Department store,England SE and Central S,London,way,1189873526,,hipped,,90.1,building=retail,https://www.openstreetmap.org/way/1189873526
Retail: Department store,England SE and Central S,London,way,1202814466,Nisa Local,flat,,75.9,building=retail; shop=convenience,https://www.openstreetmap.org/way/1202814466
Retail: Department store,England SE and Central S,London,way,1204501797,,half-hipped,,85.9,building=retail,https://www.openstreetmap.org/way/1204501797
Retail: Department store,England SE and Central S,London,way,1208115927,Signature Brew Taproom,flat,,69.0,building=retail; amenity=pub,https://www.openstreetmap.org/way/1208115927
Retail: Department store,England SE and Central S,London,way,1215440711,,hipped,,272.0,building=retail,https://www.openstreetmap.org/way/1215440711
Retail: Department store,England SE and Central S,London,way,1244858172,,flat,,490.9,building=retail,https://www.openstreetmap.org/way/1244858172
Retail: Department store,England SE and Central S,London,way,1246858887,,flat,,77.5,building=retail,https://www.openstreetmap.org/way/1246858887
Retail: Department store,England SE and Central S,London,way,1259082096,,hipped,,321.9,building=retail,https://www.openstreetmap.org/way/1259082096
Retail: Department store,England SE and Central S,London,way,1308825582,D-Max Salons,flat,,18.6,building=retail; shop=hairdresser,https://www.openstreetmap.org/way/1308825582
Retail: Department store,England SE and Central S,London,way,1311300816,,flat,,16.2,building=retail,https://www.openstreetmap.org/way/1311300816
Retail: Department store,England SE and Central S,London,way,1312259013,Supersave,flat,,77.3,building=retail; shop=convenience,https://www.openstreetmap.org/way/1312259013
Retail: Department store,England SE and Central S,London,way,1318435024,,flat,,48.4,building=retail,https://www.openstreetmap.org/way/1318435024
Retail: Department store,England SE and Central S,London,way,1414836996,Kahaila,flat,,26.8,building=retail; amenity=cafe,https://www.openstreetmap.org/way/1414836996
Retail: Department store,England SE and Central S,London,way,1467071649,,flat,,42.7,building=retail,https://www.openstreetmap.org/way/1467071649
Retail: Department store,England SE and Central S,London,relation,11367803,,flat,,41.9,building=retail; amenity=fast_food,https://www.openstreetmap.org/relation/11367803
Retail: Department store,England SE and Central S,London,relation,14208162,Gulf Ickenham Service Station,flat,,159.7,building=retail; amenity=fuel,https://www.openstreetmap.org/relation/14208162
Retail: Department store,England SE and Central S,London,relation,17367661,,hipped,,302.2,building=retail,https://www.openstreetmap.org/relation/17367661
Retail: Department store,England SE and Central S,London,relation,17745415,Ilford Tesco Superstore Barkingside,skillion,,0.0,building=retail,https://www.openstreetmap.org/relation/17745415
Retail: Department store,England SW and S Wales,Exeter,way,40135736,Wickes,gabled,,3201.0,building=retail; shop=doityourself,https://www.openstreetmap.org/way/40135736
Retail: Department store,England SW and S Wales,Exeter,way,50128000,Browns,hipped,,1085.8,building=retail; amenity=restaurant,https://www.openstreetmap.org/way/50128000
Retail: Department store,England SW and S Wales,Exeter,way,88511465,Bike Shed,gabled,,968.6,building=retail; shop=bicycle,https://www.openstreetmap.org/way/88511465
Retail: Department store,England SW and S Wales,Exeter,way,177199546,Princesshay,flat,,4034.8,building=retail; shop=mall,https://www.openstreetmap.org/way/177199546
Retail: Department store,England SW and S Wales,Exeter,way,446733865,,gabled,,348.1,building=retail,https://www.openstreetmap.org/way/446733865
Retail: Department store,England SW and S Wales,Exeter,way,448374653,,gabled,,182.8,building=retail,https://www.openstreetmap.org/way/448374653
Retail: Department store,England SW and S Wales,Exeter,way,481804187,,gabled,,111.7,building=retail,https://www.openstreetmap.org/way/481804187
Retail: Department store,England SW and S Wales,Exeter,way,481804196,,gabled,,95.8,building=retail,https://www.openstreetmap.org/way/481804196
Retail: Department store,England SW and S Wales,Exeter,way,482015254,,hipped,,72.3,building=retail,https://www.openstreetmap.org/way/482015254
Retail: Department store,England SW and S Wales,Exeter,way,482015256,,gabled,,101.0,building=retail,https://www.openstreetmap.org/way/482015256
Retail: Department store,England SW and S Wales,Exeter,way,497411865,Heart Pet Supplies,gabled,,380.4,building=retail; shop=pet,https://www.openstreetmap.org/way/497411865
Retail: Department store,England SW and S Wales,Exeter,way,522826416,Pets at Home,hipped,,902.6,building=retail; shop=pet,https://www.openstreetmap.org/way/522826416
Retail: Department store,England SW and S Wales,Exeter,way,522826417,Currys,hipped,,1987.8,building=retail; shop=electronics,https://www.openstreetmap.org/way/522826417
Retail: Department store,England SW and S Wales,Exeter,way,535781940,,gabled,,98.2,building=retail,https://www.openstreetmap.org/way/535781940
Retail: Department store,England SW and S Wales,Exeter,way,627183388,,gabled,,138.2,building=retail,https://www.openstreetmap.org/way/627183388
Retail: Department store,England SW and S Wales,Exeter,way,1102252517,,gabled,,65.2,building=retail,https://www.openstreetmap.org/way/1102252517
Retail: Department store,England SW and S Wales,Exeter,way,1119200353,,gabled,,364.1,building=retail,https://www.openstreetmap.org/way/1119200353
Retail: Department store,England SW and S Wales,Exeter,way,1119200354,,gabled,,394.5,building=retail,https://www.openstreetmap.org/way/1119200354
Retail: Department store,Midlands,Birmingham,way,80719142,Shops,hipped,,485.6,building=retail,https://www.openstreetmap.org/way/80719142
Retail: Department store,Midlands,Birmingham,way,80789887,ALDI,flat,,1478.7,building=retail; shop=supermarket,https://www.openstreetmap.org/way/80789887
Retail: Department store,Midlands,Birmingham,way,80875114,Scott Arms Shopping Centre,flat,,2233.6,building=retail,https://www.openstreetmap.org/way/80875114
Retail: Department store,Midlands,Birmingham,way,82106187,Tesco,flat,,7614.6,building=retail; shop=supermarket,https://www.openstreetmap.org/way/82106187
Retail: Department store,Midlands,Birmingham,way,89886721,,gabled,,466.0,building=retail,https://www.openstreetmap.org/way/89886721
Retail: Department store,Midlands,Birmingham,way,215379184,Volkswagen,flat,,1390.0,building=retail,https://www.openstreetmap.org/way/215379184
Retail: Department store,Midlands,Birmingham,way,289308252,Park St Tattoo,gabled,,69.5,building=retail,https://www.openstreetmap.org/way/289308252
Retail: Department store,Midlands,Birmingham,way,350334637,Gulf Store,flat,,57.2,building=retail,https://www.openstreetmap.org/way/350334637
Retail: Department store,Midlands,Birmingham,way,399133869,Timpson,flat,,52.8,building=retail,https://www.openstreetmap.org/way/399133869
Retail: Department store,Midlands,Birmingham,way,552205920,Tesco Express,quadruple_saltbox,,333.3,building=retail; shop=convenience,https://www.openstreetmap.org/way/552205920
Retail: Department store,Scotland E,Edinburgh,way,4943901,Ocean Terminal,many,,15165.7,building=retail; shop=mall,https://www.openstreetmap.org/way/4943901
Retail: Department store,Scotland E,Edinburgh,way,28522812,,hipped,,87.1,building=retail,https://www.openstreetmap.org/way/28522812
Retail: Department store,Scotland E,Edinburgh,way,30242915,Scotmid,flat,,826.7,building=retail; shop=supermarket,https://www.openstreetmap.org/way/30242915
Retail: Department store,Scotland E,Edinburgh,way,31139201,,gabled,,146.8,building=retail,https://www.openstreetmap.org/way/31139201
Retail: Department store,Scotland E,Edinburgh,way,41299980,,gabled,,157.3,building=retail,https://www.openstreetmap.org/way/41299980
Retail: Department store,Scotland E,Edinburgh,way,41523882,Sainsbury's,flat,,10404.7,building=retail; shop=supermarket,https://www.openstreetmap.org/way/41523882
Retail: Department store,Scotland E,Edinburgh,way,41524129,,flat,,2916.1,building=retail,https://www.openstreetmap.org/way/41524129
Retail: Department store,Scotland E,Edinburgh,way,49493187,,flat,,6774.2,building=retail,https://www.openstreetmap.org/way/49493187
Retail: Department store,Scotland E,Edinburgh,way,53657745,,double_saltbox,,119.1,building=retail,https://www.openstreetmap.org/way/53657745
Retail: Department store,Scotland E,Edinburgh,way,57709509,East Gate Lodge,gabled,,119.1,building=retail,https://www.openstreetmap.org/way/57709509
Retail: Department store,Scotland E,Edinburgh,way,58967144,,hipped,,29.7,building=retail,https://www.openstreetmap.org/way/58967144
Retail: Department store,Scotland E,Edinburgh,way,58967145,,hipped,,33.7,building=retail,https://www.openstreetmap.org/way/58967145
Retail: Department store,Scotland E,Edinburgh,way,72719434,,flat,,52.4,building=retail,https://www.openstreetmap.org/way/72719434
Retail: Department store,Scotland E,Edinburgh,way,85707460,,flat,,3368.0,building=retail,https://www.openstreetmap.org/way/85707460
Retail: Department store,Scotland E,Edinburgh,way,88680744,,skillion,,39.4,building=retail,https://www.openstreetmap.org/way/88680744
Retail: Department store,Scotland E,Edinburgh,way,99100551,Scotmid,flat,,983.4,building=retail; shop=supermarket,https://www.openstreetmap.org/way/99100551
Retail: Department store,Scotland E,Edinburgh,way,127648685,,flat,,307.2,building=retail,https://www.openstreetmap.org/way/127648685
Retail: Department store,Scotland E,Edinburgh,way,127648686,,flat,,622.7,building=retail,https://www.openstreetmap.org/way/127648686
Retail: Department store,Scotland E,Edinburgh,way,167843405,,half-hipped,,249.8,building=retail,https://www.openstreetmap.org/way/167843405
Retail: Department store,Scotland E,Edinburgh,way,175403321,,flat,,18.3,building=retail,https://www.openstreetmap.org/way/175403321
Retail: Department store,Scotland E,Edinburgh,way,175403328,,flat,,16.9,building=retail,https://www.openstreetmap.org/way/175403328
Retail: Department store,Scotland E,Edinburgh,way,179145331,,flat,,553.1,building=retail,https://www.openstreetmap.org/way/179145331
Retail: Department store,Scotland E,Edinburgh,way,224226712,,flat,,1082.9,building=retail,https://www.openstreetmap.org/way/224226712
Retail: Department store,Scotland E,Edinburgh,way,224226714,,flat,,1571.0,building=retail,https://www.openstreetmap.org/way/224226714
Retail: Department store,Scotland E,Edinburgh,way,224226715,,flat,,1028.1,building=retail,https://www.openstreetmap.org/way/224226715
Retail: Department store,Scotland E,Edinburgh,way,226835523,,flat,,364.5,building=retail,https://www.openstreetmap.org/way/226835523
Retail: Department store,Scotland E,Edinburgh,way,226835524,,flat,,977.6,building=retail,https://www.openstreetmap.org/way/226835524
Retail: Department store,Scotland E,Edinburgh,way,226835525,,flat,,1158.9,building=retail,https://www.openstreetmap.org/way/226835525
Retail: Department store,Scotland E,Edinburgh,way,230633614,Black & Lizars,gabled,,69.4,building=retail; shop=optician,https://www.openstreetmap.org/way/230633614
Retail: Department store,Scotland E,Edinburgh,way,239207153,,hipped,,332.8,building=retail,https://www.openstreetmap.org/way/239207153
Retail: Department store,Scotland E,Edinburgh,way,282568744,Tesco Express,gabled,,594.0,building=retail; shop=convenience,https://www.openstreetmap.org/way/282568744
Retail: Department store,Scotland E,Edinburgh,way,286472844,,flat,,17.5,building=retail,https://www.openstreetmap.org/way/286472844
Retail: Department store,Scotland E,Edinburgh,way,286472845,,flat,,49.7,building=retail,https://www.openstreetmap.org/way/286472845
Retail: Department store,Scotland E,Edinburgh,way,286472852,,gabled,,114.0,building=retail,https://www.openstreetmap.org/way/286472852
Retail: Department store,Scotland E,Edinburgh,way,287612673,,gabled,,709.1,building=retail,https://www.openstreetmap.org/way/287612673
Retail: Department store,Scotland E,Edinburgh,way,298862661,,gabled,,92.5,building=retail,https://www.openstreetmap.org/way/298862661
Retail: Department store,Scotland E,Edinburgh,way,302576848,,flat,,156.1,building=retail,https://www.openstreetmap.org/way/302576848
Retail: Department store,Scotland E,Edinburgh,way,316698352,,flat,,9.3,building=retail,https://www.openstreetmap.org/way/316698352
Retail: Department store,Scotland E,Edinburgh,way,316780653,,flat,,119.7,building=retail,https://www.openstreetmap.org/way/316780653
Retail: Department store,Scotland E,Edinburgh,way,316780654,,flat,,116.9,building=retail,https://www.openstreetmap.org/way/316780654
Retail: Department store,Scotland E,Edinburgh,way,316780655,,flat,,124.1,building=retail,https://www.openstreetmap.org/way/316780655
Retail: Department store,Scotland E,Edinburgh,way,316780656,,flat,,120.9,building=retail,https://www.openstreetmap.org/way/316780656
Retail: Department store,Scotland E,Edinburgh,way,320797157,,flat,,43.6,building=retail,https://www.openstreetmap.org/way/320797157
Retail: Department store,Scotland E,Edinburgh,way,331519923,,flat,,11.8,building=retail,https://www.openstreetmap.org/way/331519923
Retail: Department store,Scotland E,Edinburgh,way,331519925,,flat,,20.6,building=retail,https://www.openstreetmap.org/way/331519925
Retail: Department store,Scotland E,Edinburgh,way,338343390,,flat,,120.4,building=retail,https://www.openstreetmap.org/way/338343390
Retail: Department store,Scotland E,Edinburgh,way,338343485,,skillion,,9.2,building=retail,https://www.openstreetmap.org/way/338343485
Retail: Department store,Scotland E,Edinburgh,way,346342967,,flat,,68.2,building=retail,https://www.openstreetmap.org/way/346342967
Retail: Department store,Scotland E,Edinburgh,way,346342972,,flat,,48.7,building=retail,https://www.openstreetmap.org/way/346342972
Retail: Department store,Scotland E,Edinburgh,way,346342996,,flat,,37.7,building=retail,https://www.openstreetmap.org/way/346342996
Retail: Department store,Scotland E,Edinburgh,way,395619698,,flat,,39.1,building=retail,https://www.openstreetmap.org/way/395619698
Retail: Department store,Scotland E,Edinburgh,way,395619732,,flat,,42.5,building=retail,https://www.openstreetmap.org/way/395619732
Retail: Department store,Scotland E,Edinburgh,way,395619737,,flat,,32.4,building=retail,https://www.openstreetmap.org/way/395619737
Retail: Department store,Scotland E,Edinburgh,way,395619745,,flat,,29.3,building=retail,https://www.openstreetmap.org/way/395619745
Retail: Department store,Scotland E,Edinburgh,way,426730325,,flat,,82.0,building=retail,https://www.openstreetmap.org/way/426730325
Retail: Department store,Scotland E,Edinburgh,way,449369379,,flat,,5464.6,building=retail,https://www.openstreetmap.org/way/449369379
Retail: Department store,Scotland E,Edinburgh,way,507565110,,flat,,73.2,building=retail,https://www.openstreetmap.org/way/507565110
Retail: Department store,Scotland E,Edinburgh,way,683750650,,flat,,399.4,building=retail,https://www.openstreetmap.org/way/683750650
Retail: Department store,Scotland E,Edinburgh,way,760017837,,gabled,,166.9,building=retail,https://www.openstreetmap.org/way/760017837
Retail: Department store,Scotland E,Edinburgh,way,810201013,,flat,,109.1,building=retail,https://www.openstreetmap.org/way/810201013
Retail: Department store,Scotland E,Edinburgh,way,888196298,,flat,,95.0,building=retail,https://www.openstreetmap.org/way/888196298
Retail: Department store,Scotland E,Edinburgh,way,1118179750,,flat,,49.0,building=retail,https://www.openstreetmap.org/way/1118179750
Retail: Department store,Scotland N,Inverness,way,306929470,,flat,,224.8,building=retail,https://www.openstreetmap.org/way/306929470
Retail: Department store,Scotland W,Glasgow,way,13758518,Lidl,gabled,,1854.2,building=retail; shop=supermarket,https://www.openstreetmap.org/way/13758518
Retail: Department store,Scotland W,Glasgow,way,27247127,Mecca Bingo,round,,3704.5,building=retail; amenity=gambling,https://www.openstreetmap.org/way/27247127
Retail: Department store,Scotland W,Glasgow,way,58694663,McDonald's,flat,,208.0,building=retail; amenity=fast_food,https://www.openstreetmap.org/way/58694663
Retail: Department store,Scotland W,Glasgow,way,80925329,,flat,,7402.0,building=retail,https://www.openstreetmap.org/way/80925329
Retail: Department store,Scotland W,Glasgow,way,114871481,Lidl,skillion,,1503.3,building=retail; shop=supermarket,https://www.openstreetmap.org/way/114871481
Retail: Department store,Scotland W,Glasgow,way,114871488,,mansard,,820.8,building=retail,https://www.openstreetmap.org/way/114871488
Retail: Department store,Scotland W,Glasgow,way,115418018,Rowan House,hipped,,493.5,building=retail,https://www.openstreetmap.org/way/115418018
Retail: Department store,Scotland W,Glasgow,way,116391551,,flat,,165.8,building=retail,https://www.openstreetmap.org/way/116391551
Retail: Department store,Scotland W,Glasgow,way,151951987,The Sou'Wester,flat,,174.6,building=retail,https://www.openstreetmap.org/way/151951987
Retail: Department store,Scotland W,Glasgow,way,162222951,,hipped-and-gabled,,311.6,building=retail; amenity=restaurant,https://www.openstreetmap.org/way/162222951
Retail: Department store,Scotland W,Glasgow,way,169763459,Cookiez n Creamz,flat,,146.7,building=retail; amenity=fast_food,https://www.openstreetmap.org/way/169763459
Retail: Department store,Scotland W,Glasgow,way,186191333,,gabled,,711.8,building=retail,https://www.openstreetmap.org/way/186191333
Retail: Department store,Scotland W,Glasgow,way,204058597,,flat,,1117.7,building=retail,https://www.openstreetmap.org/way/204058597
Retail: Department store,Scotland W,Glasgow,way,699724285,,flat,,29.8,building=retail,https://www.openstreetmap.org/way/699724285
Retail: Department store,Scotland W,Glasgow,way,852171296,Burger King,flat,,253.4,building=retail; amenity=fast_food,https://www.openstreetmap.org/way/852171296
Retail: Department store,Scotland W,Glasgow,way,852171297,Costa,skillion,,227.1,building=retail; amenity=cafe,https://www.openstreetmap.org/way/852171297
Retail: Department store,Scotland W,Glasgow,way,1147045952,,gabled,,550.0,building=retail,https://www.openstreetmap.org/way/1147045952
Retail: Department store,Scotland W,Glasgow,way,1307052404,,flat,,163.7,building=retail,https://www.openstreetmap.org/way/1307052404
Retail: Department store,Scotland W,Glasgow,way,1307052405,,flat,,176.3,building=retail,https://www.openstreetmap.org/way/1307052405
Retail: Department store,Scotland W,Glasgow,way,1307052406,,flat,,422.1,building=retail,https://www.openstreetmap.org/way/1307052406
Retail: Department store,Scotland W,Glasgow,way,1307052409,,flat,,623.3,building=retail,https://www.openstreetmap.org/way/1307052409
Retail: Department store,Scotland W,Glasgow,way,1441731389,,flat,,185.8,building=retail,https://www.openstreetmap.org/way/1441731389
Retail: Department store,Scotland W,Glasgow,way,1441731400,,gabled,,107.0,building=retail,https://www.openstreetmap.org/way/1441731400
Health: Health centre,England NW and N Wales,Manchester,way,326731685,Levenshulme Health Centre,flat,,779.7,building=yes; amenity=clinic; healthcare=clinic,https://www.openstreetmap.org/way/326731685
Health: Health centre,England SE and Central S,London,way,51176572,Wellington Way Centre,flat,,824.7,building=yes; amenity=doctors; healthcare=doctor,https://www.openstreetmap.org/way/51176572
Health: Health centre,England SE and Central S,London,way,61977968,Brent Mental Health Service,mansard,,757.5,building=yes; healthcare=centre,https://www.openstreetmap.org/way/61977968
Health: Health centre,England SE and Central S,London,way,117687315,Abbey Road Health Centre,gabled,,374.1,building=yes; amenity=doctors; healthcare=doctor,https://www.openstreetmap.org/way/117687315
Health: Health centre,England SE and Central S,London,way,156546222,Lancaster Gate Medical Centre,flat,,152.7,building=yes; amenity=doctors; healthcare=doctor,https://www.openstreetmap.org/way/156546222
Health: Health centre,England SE and Central S,London,way,181059551,Crystal Palace Clinic,flat,,68.5,building=retail; amenity=clinic; healthcare=clinic,https://www.openstreetmap.org/way/181059551
Health: Health centre,England SE and Central S,London,way,236402402,Park House Medical Centre,gabled,,80.4,building=house; amenity=doctors; healthcare=doctor,https://www.openstreetmap.org/way/236402402
Health: Health centre,England SE and Central S,London,way,294683400,Latimer Health Centre,gabled,,303.1,building=yes; amenity=doctors; healthcare=doctor,https://www.openstreetmap.org/way/294683400
Health: Health centre,England SE and Central S,London,way,363272864,Queens Park Health Centre,gabled,,555.6,building=yes; amenity=clinic; healthcare=clinic,https://www.openstreetmap.org/way/363272864
Health: Health centre,England SE and Central S,London,way,373053302,Mildmay Medical Practice,flat,,411.5,building=yes; amenity=doctors; healthcare=doctor,https://www.openstreetmap.org/way/373053302
Health: Health centre,England SE and Central S,London,way,383198886,Primrose Resource Centre,pyramidal,,539.5,building=yes; amenity=clinic; healthcare=clinic,https://www.openstreetmap.org/way/383198886
Health: Health centre,England SE and Central S,London,way,422540690,The Ridgmount Practice,flat,,178.7,building=yes; amenity=doctors; healthcare=doctor,https://www.openstreetmap.org/way/422540690
Health: Health centre,England SE and Central S,London,way,424202424,The Child and Family Practice,gambrel,,89.6,building=yes; amenity=clinic; healthcare=clinic,https://www.openstreetmap.org/way/424202424
Health: Health centre,England SE and Central S,London,way,460379434,Chamberlayne Surgery,flat,,80.9,building=yes; amenity=doctors,https://www.openstreetmap.org/way/460379434
Health: Health centre,England SE and Central S,London,way,466092971,BPAS London East,hipped,,242.7,building=yes; amenity=clinic; healthcare=clinic,https://www.openstreetmap.org/way/466092971
Health: Health centre,England SE and Central S,London,way,539475188,Alexandra Surgery,gabled,,95.1,building=semidetached_house; amenity=doctors,https://www.openstreetmap.org/way/539475188
Health: Health centre,England SE and Central S,London,way,556541723,Staverton Surgery,hipped,,93.0,building=yes; amenity=doctors,https://www.openstreetmap.org/way/556541723
Health: Health centre,England SE and Central S,London,way,583302264,The Corner Surgery,gabled,,90.0,building=yes; amenity=doctors; healthcare=doctor,https://www.openstreetmap.org/way/583302264
Health: Health centre,England SE and Central S,London,way,586711056,Q Sports Physio,gabled,,38.4,building=retail; amenity=clinic; healthcare=clinic,https://www.openstreetmap.org/way/586711056
Health: Health centre,England SE and Central S,London,way,737130563,Commercial Way Surgery,gabled,,41.5,building=house; amenity=doctors; healthcare=doctor,https://www.openstreetmap.org/way/737130563
Health: Health centre,England SE and Central S,London,way,803752204,Joyce Campbell Clinic,gabled,,107.4,building=house; amenity=clinic; healthcare=clinic,https://www.openstreetmap.org/way/803752204
Health: Health centre,England SE and Central S,London,way,960900985,Oak Lane Medical Centre,gabled,,91.6,building=yes; amenity=doctors; healthcare=doctor,https://www.openstreetmap.org/way/960900985
Health: Health centre,England SE and Central S,London,way,1292147592,The Law Medical Group Practice,gabled,,152.3,building=yes; amenity=doctors; healthcare=doctor,https://www.openstreetmap.org/way/1292147592
Health: Health centre,England SE and Central S,London,way,1371150573,Fairview Medical Center,pyramidal,,206.4,building=civic; amenity=clinic; healthcare=clinic,https://www.openstreetmap.org/way/1371150573
Health: Health centre,England SW and S Wales,Exeter,way,165996323,Mount Pleasant Health Centre,hipped,,1516.2,building=yes; amenity=doctors; healthcare=doctor,https://www.openstreetmap.org/way/165996323
Health: Health centre,England SW and S Wales,Exeter,way,251542548,The Health Centre,hipped,,545.0,building=yes; amenity=doctors; healthcare=doctor,https://www.openstreetmap.org/way/251542548
Health: Health centre,England SW and S Wales,Exeter,way,377892521,Exwick Health Centre,hipped,,426.9,building=yes; amenity=doctors; healthcare=doctor,https://www.openstreetmap.org/way/377892521
Health: Health centre,England SW and S Wales,Exeter,way,391192630,The Whipton Surgery,hipped,,98.8,building=yes; amenity=doctors; healthcare=doctor,https://www.openstreetmap.org/way/391192630
Health: Health centre,England SW and S Wales,Exeter,way,475474916,Topsham Surgery,gabled,,340.9,building=yes; amenity=doctors; healthcare=doctor,https://www.openstreetmap.org/way/475474916
Health: Health centre,Midlands,Birmingham,way,56312780,Hearing Services Centre,flat,,759.7,building=hospital; amenity=clinic; healthcare=clinic,https://www.openstreetmap.org/way/56312780
Health: Health centre,Midlands,Birmingham,relation,11978016,Birmingham Treatment Centre,flat,,4660.8,building=hospital; amenity=clinic; healthcare=clinic,https://www.openstreetmap.org/relation/11978016
Health: Hospital,East Anglia,Norwich,way,541582339,Norwich Central Eye Clinic,gabled,,476.1,building=hospital; shop=optician,https://www.openstreetmap.org/way/541582339
Health: Hospital,England E and NE,Newcastle,way,456377493,Crawford House,mansard,,870.8,building=hospital,https://www.openstreetmap.org/way/456377493
Health: Hospital,England NW and N Wales,Manchester,way,172944606,Cobbett House,flat,,1989.5,building=hospital,https://www.openstreetmap.org/way/172944606
Health: Hospital,England SE and Central S,London,way,4960726,University College Hospital,flat,,5874.0,building=hospital,https://www.openstreetmap.org/way/4960726
Health: Hospital,England SE and Central S,London,way,37982218,Elizabeth Garrett Anderson Wing,flat,,2368.6,building=hospital,https://www.openstreetmap.org/way/37982218
Health: Hospital,England SE and Central S,London,way,41565630,Childrens A&E,flat,,1904.1,building=hospital,https://www.openstreetmap.org/way/41565630
Health: Hospital,England SE and Central S,London,way,53506420,,flat,,388.6,building=hospital,https://www.openstreetmap.org/way/53506420
Health: Hospital,England SE and Central S,London,way,53506421,Emblem House,quadruple_saltbox,,395.2,building=hospital,https://www.openstreetmap.org/way/53506421
Health: Hospital,England SE and Central S,London,way,112163312,South Wing,quadruple_saltbox,,927.0,building=hospital,https://www.openstreetmap.org/way/112163312
Health: Hospital,England SE and Central S,London,way,112163433,Wallace Wing,quadruple_saltbox,,1120.6,building=hospital,https://www.openstreetmap.org/way/112163433
Health: Hospital,England SE and Central S,London,way,184156416,The Bridge,hipped,,492.6,building=hospital,https://www.openstreetmap.org/way/184156416
Health: Hospital,England SE and Central S,London,way,193023273,Respiratory Medicine & Allergy,flat,,235.1,building=hospital,https://www.openstreetmap.org/way/193023273
Health: Hospital,England SE and Central S,London,way,193023275,Surgical Nurse Specialists,flat,,62.4,building=hospital,https://www.openstreetmap.org/way/193023275
Health: Hospital,England SE and Central S,London,way,223434946,,gambrel,,134.0,building=hospital,https://www.openstreetmap.org/way/223434946
Health: Hospital,England SE and Central S,London,way,224879207,Wakefield House,flat,,806.1,building=hospital,https://www.openstreetmap.org/way/224879207
Health: Hospital,England SE and Central S,London,way,244634584,Shirley House,flat,,629.2,building=hospital,https://www.openstreetmap.org/way/244634584
Health: Hospital,England SE and Central S,London,way,274468167,,flat,,398.1,building=hospital,https://www.openstreetmap.org/way/274468167
Health: Hospital,England SE and Central S,London,way,373403834,Outpatients,quadruple_saltbox,,1756.0,building=hospital,https://www.openstreetmap.org/way/373403834
Health: Hospital,England SE and Central S,London,way,414174198,,flat,,1030.0,building=hospital,https://www.openstreetmap.org/way/414174198
Health: Hospital,England SE and Central S,London,way,532066393,City and Hackney Mind,pyramidal,,169.3,building=hospital,https://www.openstreetmap.org/way/532066393
Health: Hospital,England SE and Central S,London,way,532066394,Children & Young People Centre,gabled,,456.8,building=hospital; healthcare=mental_health_clinic,https://www.openstreetmap.org/way/532066394
Health: Hospital,England SE and Central S,London,way,581996864,Golden Jubilee Wing,curved,,3756.0,building=hospital,https://www.openstreetmap.org/way/581996864
Health: Hospital,England SE and Central S,London,way,581996865,Hambleden Wing,half-hipped,,4314.4,building=hospital,https://www.openstreetmap.org/way/581996865
Health: Hospital,England SE and Central S,London,way,581996866,,flat,,1836.9,building=hospital,https://www.openstreetmap.org/way/581996866
Health: Hospital,England SE and Central S,London,way,583302217,Community Midwives Centre,gabled,,216.8,building=hospital; healthcare=midwife,https://www.openstreetmap.org/way/583302217
Health: Hospital,England SE and Central S,London,way,583302219,Midwives House,gabled,,107.1,building=hospital; healthcare=midwife,https://www.openstreetmap.org/way/583302219
Health: Hospital,England SE and Central S,London,way,813836958,Occupational Therapy,flat,,692.9,building=hospital,https://www.openstreetmap.org/way/813836958
Health: Hospital,England SE and Central S,London,way,922705958,The Stanmore Building,flat,,2199.7,building=hospital,https://www.openstreetmap.org/way/922705958
Health: Hospital,England SE and Central S,London,relation,1274010,Sydney Wing,quadruple_saltbox,,5111.9,building=hospital,https://www.openstreetmap.org/relation/1274010
Health: Hospital,England SE and Central S,London,relation,3641021,City & Hackney Centre for Mental Health,quadruple_saltbox,,3758.3,building=hospital; amenity=hospital; healthcare=hospital,https://www.openstreetmap.org/relation/3641021
Health: Hospital,England SE and Central S,London,relation,4100112,Gresham House,flat,,1778.5,building=hospital,https://www.openstreetmap.org/relation/4100112
Health: Hospital,England SE and Central S,London,relation,7800300,,flat,,3527.2,building=hospital,https://www.openstreetmap.org/relation/7800300
Health: Hospital,England SE and Central S,London,relation,17963083,,many,,3082.0,building=hospital,https://www.openstreetmap.org/relation/17963083
Health: Hospital,England SW and S Wales,Exeter,way,40151815,,gabled,,3513.6,building=hospital,https://www.openstreetmap.org/way/40151815
Health: Hospital,England SW and S Wales,Exeter,way,829747912,,hipped,,970.3,building=hospital,https://www.openstreetmap.org/way/829747912
Health: Hospital,Midlands,Birmingham,way,56312780,Hearing Services Centre,flat,,759.7,building=hospital; amenity=clinic; healthcare=clinic,https://www.openstreetmap.org/way/56312780
Health: Hospital,Midlands,Birmingham,relation,11978016,Birmingham Treatment Centre,flat,,4660.8,building=hospital; amenity=clinic; healthcare=clinic,https://www.openstreetmap.org/relation/11978016
Health: Hospital,Scotland E,Edinburgh,way,40616281,Charles Bell Pavillion,flat,,1029.7,building=hospital,https://www.openstreetmap.org/way/40616281
Health: Hospital,Scotland E,Edinburgh,way,40619535,"Headway House - Clinical Psychology, Pain Management, Speech and Language Therapy",gabled,,929.8,building=hospital,https://www.openstreetmap.org/way/40619535
Health: Hospital,Scotland E,Edinburgh,way,40619536,East Pavilion,hipped,,1026.9,building=hospital,https://www.openstreetmap.org/way/40619536
Health: Hospital,Scotland E,Edinburgh,way,40619537,SMART,skillion,,2900.1,building=hospital,https://www.openstreetmap.org/way/40619537
Health: Hospital,Scotland E,Edinburgh,way,40619539,"Scientific Block - Physiotherapy, XRay, Hydrotherapy Pool,Social Work",hipped,,892.8,building=hospital,https://www.openstreetmap.org/way/40619539
Health: Hospital,Scotland E,Edinburgh,way,40619541,Occupational Therapy,gabled,,595.3,building=hospital,https://www.openstreetmap.org/way/40619541
Health: Hospital,Scotland E,Edinburgh,way,40619543,Woodlands House,quadruple_saltbox,,1244.5,building=hospital,https://www.openstreetmap.org/way/40619543
Health: Hospital,Scotland E,Edinburgh,way,40735820,,gabled,,431.9,building=hospital,https://www.openstreetmap.org/way/40735820
Health: Hospital,Scotland E,Edinburgh,way,249188040,Duncan Street Dental Centre,hipped,,579.7,building=hospital,https://www.openstreetmap.org/way/249188040
Health: Hospital,Scotland E,Edinburgh,way,340302177,"Blackford Pavillion - Catering, IT Training",quadruple_saltbox,,2029.4,building=hospital,https://www.openstreetmap.org/way/340302177
Health: Hospital,Scotland E,Edinburgh,way,340302179,St Roque - Edinburgh Community Partnership,hipped,,433.4,building=hospital,https://www.openstreetmap.org/way/340302179
Health: Hospital,Scotland E,Edinburgh,way,435251882,Canaan Park,hipped,,671.1,building=hospital,https://www.openstreetmap.org/way/435251882
Health: Hospital,Scotland W,Glasgow,way,59189222,Maggie's Centre,gabled,,212.7,building=hospital,https://www.openstreetmap.org/way/59189222
Health: Hospital,Scotland W,Glasgow,way,154578393,,gabled,,155.0,building=hospital,https://www.openstreetmap.org/way/154578393
Health: Hospital,Scotland W,Glasgow,way,912100780,,gabled,,191.3,building=hospital,https://www.openstreetmap.org/way/912100780
