district,year,month,month_name,delta_T_mean,baseline_hdd_per_day,projected_hdd_per_day,hdd_reduction
East Anglia,2026,1,January,-0.0139,10.8351,10.8491,-0.0139
East Anglia,2026,2,February,0.7191,8.5252,7.8095,0.7157
East Anglia,2026,3,March,1.4571,7.4623,6.0078,1.4545
East Anglia,2026,4,April,0.9061,5.5199,4.6232,0.8967
East Anglia,2026,5,May,1.2827,3.006,1.882,1.1239
East Anglia,2026,6,June,1.5832,1.2732,0.3575,0.9157
East Anglia,2026,7,July,1.4135,0.5933,0.0421,0.5512
East Anglia,2026,8,August,1.7389,0.4995,0.0084,0.4911
East Anglia,2026,9,September,1.9788,1.5266,0.429,1.0977
East Anglia,2026,10,October,1.7623,3.7141,2.1561,1.558
East Anglia,2026,11,November,1.3233,7.2963,6.0134,1.283
East Anglia,2026,12,December,0.3743,7.9269,7.5533,0.3737
East Anglia,2027,1,January,0.6771,10.8351,10.1582,0.6769
East Anglia,2027,2,February,0.6791,8.5252,7.8492,0.676
East Anglia,2027,3,March,1.3384,7.4623,6.126,1.3363
East Anglia,2027,4,April,1.3187,5.5199,4.2195,1.3004
East Anglia,2027,5,May,0.9975,3.006,2.1164,0.8896
East Anglia,2027,6,June,1.3665,1.2732,0.4429,0.8303
East Anglia,2027,7,July,1.1896,0.5933,0.0738,0.5195
East Anglia,2027,8,August,2.1146,0.4995,0.002,0.4975
East Anglia,2027,9,September,1.8641,1.5266,0.4701,1.0565
East Anglia,2027,10,October,1.2151,3.7141,2.6105,1.1036
East Anglia,2027,11,November,1.5063,7.2963,5.839,1.4573
East Anglia,2027,12,December,1.8177,7.9269,6.1172,1.8097
East Anglia,2028,1,January,0.7472,10.8351,10.0881,0.747
East Anglia,2028,2,February,1.3121,8.5252,7.2215,1.3036
East Anglia,2028,3,March,0.8653,7.4623,6.5979,0.8644
East Anglia,2028,4,April,0.5366,5.5199,4.9876,0.5323
East Anglia,2028,5,May,1.3759,3.006,1.8079,1.1981
East Anglia,2028,6,June,1.6861,1.2732,0.3213,0.9518
East Anglia,2028,7,July,1.9927,0.5933,0.0074,0.5859
East Anglia,2028,8,August,1.8693,0.4995,0.0052,0.4943
East Anglia,2028,9,September,1.6649,1.5266,0.548,0.9786
East Anglia,2028,10,October,1.9834,3.7141,1.9826,1.7315
East Anglia,2028,11,November,1.5017,7.2963,5.8434,1.4529
East Anglia,2028,12,December,1.1205,7.9269,6.8094,1.1175
East Anglia,2029,1,January,0.9363,10.8351,9.8991,0.936
East Anglia,2029,2,February,0.4031,8.5252,8.1237,0.4015
East Anglia,2029,3,March,0.8312,7.4623,6.632,0.8303
East Anglia,2029,4,April,1.6601,5.5199,3.889,1.6308
East Anglia,2029,5,May,1.4487,3.006,1.7509,1.2551
East Anglia,2029,6,June,2.4402,1.2732,0.1324,1.1407
East Anglia,2029,7,July,2.3963,0.5933,0.0017,0.5916
East Anglia,2029,8,August,2.2863,0.4995,0.001,0.4985
East Anglia,2029,9,September,1.2422,1.5266,0.7413,0.7853
East Anglia,2029,10,October,1.2769,3.7141,2.5575,1.1566
East Anglia,2029,11,November,0.992,7.2963,6.3311,0.9652
East Anglia,2029,12,December,1.396,7.9269,6.5355,1.3915
East Anglia,2030,1,January,1.1323,10.8351,9.7032,1.1319
East Anglia,2030,2,February,1.2163,8.5252,7.3164,1.2088
East Anglia,2030,3,March,1.0526,7.4623,6.411,1.0513
East Anglia,2030,4,April,1.0973,5.5199,4.4356,1.0843
East Anglia,2030,5,May,1.6485,3.006,1.5986,1.4074
East Anglia,2030,6,June,0.9852,1.2732,0.6243,0.6489
East Anglia,2030,7,July,2.0062,0.5933,0.0071,0.5863
East Anglia,2030,8,August,2.3349,0.4995,0.0008,0.4987
East Anglia,2030,9,September,1.5901,1.5266,0.5794,0.9472
East Anglia,2030,10,October,1.4233,3.7141,2.4337,1.2804
East Anglia,2030,11,November,1.1185,7.2963,6.2095,1.0869
East Anglia,2030,12,December,1.0288,7.9269,6.9008,1.0262
East Anglia,2031,1,January,1.0969,10.8351,9.7386,1.0965
East Anglia,2031,2,February,0.6628,8.5252,7.8655,0.6597
East Anglia,2031,3,March,1.2009,7.4623,6.2631,1.1992
East Anglia,2031,4,April,0.8871,5.5199,4.6418,0.8781
East Anglia,2031,5,May,1.7944,3.006,1.4915,1.5145
East Anglia,2031,6,June,0.7216,1.2732,0.7733,0.4999
East Anglia,2031,7,July,2.0441,0.5933,0.0062,0.5871
East Anglia,2031,8,August,1.9281,0.4995,0.0042,0.4953
East Anglia,2031,9,September,2.2196,1.5266,0.3511,1.1755
East Anglia,2031,10,October,1.875,3.7141,2.0669,1.6472
East Anglia,2031,11,November,1.199,7.2963,6.1323,1.1641
East Anglia,2031,12,December,2.149,7.9269,5.7898,2.1371
East Anglia,2032,1,January,0.7635,10.8351,10.0719,0.7632
East Anglia,2032,2,February,0.7181,8.5252,7.8105,0.7147
East Anglia,2032,3,March,1.0008,7.4623,6.4626,0.9997
East Anglia,2032,4,April,0.7821,5.5199,4.7452,0.7746
East Anglia,2032,5,May,1.4919,3.006,1.7174,1.2885
East Anglia,2032,6,June,1.6266,1.2732,0.3419,0.9312
East Anglia,2032,7,July,2.228,0.5933,0.0032,0.5901
East Anglia,2032,8,August,1.7078,0.4995,0.0094,0.4902
East Anglia,2032,9,September,2.1437,1.5266,0.3744,1.1522
East Anglia,2032,10,October,1.7723,3.7141,2.1481,1.566
East Anglia,2032,11,November,0.6474,7.2963,6.6644,0.6319
East Anglia,2032,12,December,1.2054,7.9269,6.725,1.2019
East Anglia,2033,1,January,1.0994,10.8351,9.7361,1.099
East Anglia,2033,2,February,1.0396,8.5252,7.4914,1.0338
East Anglia,2033,3,March,0.658,7.4623,6.8049,0.6574
East Anglia,2033,4,April,1.1903,5.5199,4.3446,1.1752
East Anglia,2033,5,May,1.2579,3.006,1.902,1.104
East Anglia,2033,6,June,2.6434,1.2732,0.1009,1.1723
East Anglia,2033,7,July,2.1339,0.5933,0.0045,0.5888
East Anglia,2033,8,August,3.2315,0.4995,0.0,0.4995
East Anglia,2033,9,September,1.8749,1.5266,0.4661,1.0605
East Anglia,2033,10,October,1.7373,3.7141,2.1761,1.538
East Anglia,2033,11,November,1.5245,7.2963,5.8218,1.4746
East Anglia,2033,12,December,1.1682,7.9269,6.762,1.165
East Anglia,2034,1,January,0.1683,10.8351,10.6669,0.1682
East Anglia,2034,2,February,0.3068,8.5252,8.2196,0.3056
East Anglia,2034,3,March,0.8341,7.4623,6.629,0.8333
East Anglia,2034,4,April,1.2441,5.5199,4.2921,1.2277
East Anglia,2034,5,May,1.6954,3.006,1.5637,1.4422
East Anglia,2034,6,June,1.7766,1.2732,0.2917,0.9814
East Anglia,2034,7,July,1.9457,0.5933,0.0087,0.5847
East Anglia,2034,8,August,2.2964,0.4995,0.0009,0.4986
East Anglia,2034,9,September,2.3111,1.5266,0.3244,1.2022
East Anglia,2034,10,October,2.2379,3.7141,1.791,1.9231
East Anglia,2034,11,November,1.1691,7.2963,6.1609,1.1354
East Anglia,2034,12,December,1.0528,7.9269,6.8768,1.0501
East Anglia,2035,1,January,1.1049,10.8351,9.7306,1.1045
East Anglia,2035,2,February,1.3506,8.5252,7.1835,1.3417
East Anglia,2035,3,March,1.409,7.4623,6.0557,1.4066
East Anglia,2035,4,April,1.1741,5.5199,4.3605,1.1594
East Anglia,2035,5,May,1.543,3.006,1.6782,1.3278
East Anglia,2035,6,June,1.2826,1.2732,0.4793,0.7939
East Anglia,2035,7,July,1.5368,0.5933,0.0301,0.5632
East Anglia,2035,8,August,2.3648,0.4995,0.0007,0.4988
East Anglia,2035,9,September,1.8117,1.5266,0.4898,1.0368
East Anglia,2035,10,October,1.6464,3.7141,2.2495,1.4646
East Anglia,2035,11,November,1.7489,7.2963,5.6094,1.6869
East Anglia,2035,12,December,0.8926,7.9269,7.0363,0.8906
East Anglia,2036,1,January,1.1903,10.8351,9.6453,1.1899
East Anglia,2036,2,February,1.6747,8.5252,6.8635,1.6617
East Anglia,2036,3,March,1.4756,7.4623,5.9894,1.473
East Anglia,2036,4,April,1.442,5.5199,4.0996,1.4202
East Anglia,2036,5,May,1.425,3.006,1.7693,1.2366
East Anglia,2036,6,June,2.4895,1.2732,0.1241,1.149
East Anglia,2036,7,July,1.9213,0.5933,0.0094,0.584
East Anglia,2036,8,August,2.3743,0.4995,0.0007,0.4989
East Anglia,2036,9,September,2.5135,1.5266,0.2707,1.2559
East Anglia,2036,10,October,2.0682,3.7141,1.9177,1.7964
East Anglia,2036,11,November,2.1686,7.2963,5.217,2.0794
East Anglia,2036,12,December,0.445,7.9269,7.4827,0.4443
East Anglia,2037,1,January,0.5089,10.8351,10.3264,0.5087
East Anglia,2037,2,February,0.9289,8.5252,7.6011,0.924
East Anglia,2037,3,March,1.4399,7.4623,6.0249,1.4374
East Anglia,2037,4,April,2.0077,5.5199,3.5571,1.9627
East Anglia,2037,5,May,1.3691,3.006,1.8133,1.1927
East Anglia,2037,6,June,1.4175,1.2732,0.4216,0.8515
East Anglia,2037,7,July,1.6555,0.5933,0.0215,0.5719
East Anglia,2037,8,August,1.9825,0.4995,0.0034,0.4961
East Anglia,2037,9,September,1.8029,1.5266,0.4932,1.0334
East Anglia,2037,10,October,1.9744,3.7141,1.9895,1.7246
East Anglia,2037,11,November,2.1223,7.2963,5.26,2.0364
East Anglia,2037,12,December,1.614,7.9269,6.319,1.6079
East Anglia,2038,1,January,1.5495,10.8351,9.2864,1.5488
East Anglia,2038,2,February,1.5066,8.5252,7.0293,1.4959
East Anglia,2038,3,March,1.2328,7.4623,6.2312,1.2311
East Anglia,2038,4,April,1.6455,5.5199,3.9031,1.6168
East Anglia,2038,5,May,1.7756,3.006,1.505,1.5009
East Anglia,2038,6,June,2.2324,1.2732,0.1723,1.1009
East Anglia,2038,7,July,2.5976,0.5933,0.0007,0.5926
East Anglia,2038,8,August,2.3683,0.4995,0.0007,0.4988
East Anglia,2038,9,September,2.2966,1.5266,0.3285,1.1981
East Anglia,2038,10,October,2.6501,3.7141,1.5008,2.2133
East Anglia,2038,11,November,1.706,7.2963,5.6499,1.6465
East Anglia,2038,12,December,1.5975,7.9269,6.3354,1.5915
East Anglia,2039,1,January,1.3956,10.8351,9.4402,1.395
East Anglia,2039,2,February,0.6733,8.5252,7.855,0.6702
East Anglia,2039,3,March,1.3316,7.4623,6.1328,1.3295
East Anglia,2039,4,April,1.3485,5.5199,4.1904,1.3294
East Anglia,2039,5,May,1.6683,3.006,1.5838,1.4221
East Anglia,2039,6,June,2.1475,1.2732,0.1911,1.0821
East Anglia,2039,7,July,2.1295,0.5933,0.0046,0.5887
East Anglia,2039,8,August,2.7676,0.4995,0.0001,0.4994
East Anglia,2039,9,September,2.3502,1.5266,0.3134,1.2132
East Anglia,2039,10,October,1.8991,3.7141,2.048,1.6661
East Anglia,2039,11,November,1.6141,7.2963,5.7368,1.5596
East Anglia,2039,12,December,0.76,7.9269,7.1686,0.7584
East Anglia,2040,1,January,0.8878,10.8351,9.9475,0.8876
East Anglia,2040,2,February,1.6401,8.5252,6.8976,1.6276
East Anglia,2040,3,March,1.6053,7.4623,5.8602,1.6021
East Anglia,2040,4,April,1.5119,5.5199,4.032,1.4879
East Anglia,2040,5,May,1.9416,3.006,1.387,1.6189
East Anglia,2040,6,June,2.0707,1.2732,0.2093,1.0638
East Anglia,2040,7,July,2.4948,0.5933,0.0011,0.5922
East Anglia,2040,8,August,2.6571,0.4995,0.0002,0.4993
East Anglia,2040,9,September,2.2265,1.5266,0.349,1.1776
East Anglia,2040,10,October,2.5422,3.7141,1.5742,2.1399
East Anglia,2040,11,November,1.9369,7.2963,5.4329,1.8635
East Anglia,2040,12,December,1.425,7.9269,6.5067,1.4202
East Anglia,2041,1,January,1.1919,10.8351,9.6437,1.1914
East Anglia,2041,2,February,1.7351,8.5252,6.804,1.7212
East Anglia,2041,3,March,1.0218,7.4623,6.4417,1.0206
East Anglia,2041,4,April,0.8202,5.5199,4.7077,0.8122
East Anglia,2041,5,May,2.178,3.006,1.2275,1.7784
East Anglia,2041,6,June,2.9144,1.2732,0.0686,1.2046
East Anglia,2041,7,July,2.1081,0.5933,0.005,0.5884
East Anglia,2041,8,August,2.9292,0.4995,0.0,0.4995
East Anglia,2041,9,September,3.11,1.5266,0.1514,1.3752
East Anglia,2041,10,October,2.3452,3.7141,1.713,2.0011
East Anglia,2041,11,November,1.8138,7.2963,5.5483,1.748
East Anglia,2041,12,December,1.7112,7.9269,6.2227,1.7043
East Anglia,2042,1,January,1.988,10.8351,8.8484,1.9867
East Anglia,2042,2,February,2.0507,8.5252,6.4939,2.0313
East Anglia,2042,3,March,1.5306,7.4623,5.9346,1.5277
East Anglia,2042,4,April,1.7312,5.5199,3.8207,1.6992
East Anglia,2042,5,May,1.4171,3.006,1.7755,1.2304
East Anglia,2042,6,June,1.8912,1.2732,0.2572,1.016
East Anglia,2042,7,July,2.5012,0.5933,0.0011,0.5922
East Anglia,2042,8,August,2.4433,0.4995,0.0005,0.499
East Anglia,2042,9,September,2.7886,1.5266,0.209,1.3176
East Anglia,2042,10,October,2.056,3.7141,1.927,1.7871
East Anglia,2042,11,November,1.8171,7.2963,5.5452,1.7511
East Anglia,2042,12,December,2.1531,7.9269,5.7858,2.1412
East Anglia,2043,1,January,1.6158,10.8351,9.2201,1.615
East Anglia,2043,2,February,1.0776,8.5252,7.4537,1.0714
East Anglia,2043,3,March,0.8088,7.4623,6.6543,0.808
East Anglia,2043,4,April,1.7633,5.5199,3.7899,1.73
East Anglia,2043,5,May,2.0877,3.006,1.2872,1.7188
East Anglia,2043,6,June,2.0666,1.2732,0.2104,1.0628
East Anglia,2043,7,July,2.4234,0.5933,0.0015,0.5918
East Anglia,2043,8,August,2.9691,0.4995,0.0,0.4995
East Anglia,2043,9,September,2.6528,1.5266,0.2379,1.2887
East Anglia,2043,10,October,1.9837,3.7141,1.9824,1.7317
East Anglia,2043,11,November,1.7756,7.2963,5.5843,1.712
East Anglia,2043,12,December,2.2344,7.9269,5.7057,2.2212
East Anglia,2044,1,January,1.5107,10.8351,9.3251,1.51
East Anglia,2044,2,February,1.5239,8.5252,7.0122,1.513
East Anglia,2044,3,March,1.8238,7.4623,5.643,1.8193
East Anglia,2044,4,April,1.9561,5.5199,3.606,1.9139
East Anglia,2044,5,May,1.7288,3.006,1.5392,1.4668
East Anglia,2044,6,June,2.3041,1.2732,0.1576,1.1155
East Anglia,2044,7,July,2.7168,0.5933,0.0004,0.5929
East Anglia,2044,8,August,2.9816,0.4995,0.0,0.4995
East Anglia,2044,9,September,2.6575,1.5266,0.2369,1.2897
East Anglia,2044,10,October,2.8582,3.7141,1.3643,2.3498
East Anglia,2044,11,November,2.0642,7.2963,5.314,1.9823
East Anglia,2044,12,December,1.4147,7.9269,6.5169,1.4101
East Anglia,2045,1,January,1.8813,10.8351,8.955,1.8801
East Anglia,2045,2,February,1.5677,8.5252,6.9689,1.5562
East Anglia,2045,3,March,1.1828,7.4623,6.2811,1.1812
East Anglia,2045,4,April,1.8452,5.5199,3.7116,1.8082
East Anglia,2045,5,May,2.1268,3.006,1.2612,1.7448
East Anglia,2045,6,June,2.3207,1.2732,0.1544,1.1188
East Anglia,2045,7,July,3.1683,0.5933,0.0001,0.5933
East Anglia,2045,8,August,2.7082,0.4995,0.0001,0.4994
East Anglia,2045,9,September,2.8092,1.5266,0.2048,1.3218
East Anglia,2045,10,October,2.5218,3.7141,1.5883,2.1258
East Anglia,2045,11,November,1.4897,7.2963,5.8547,1.4416
East Anglia,2045,12,December,1.2213,7.9269,6.7092,1.2178
East Anglia,2046,1,January,1.5212,10.8351,9.3146,1.5205
East Anglia,2046,2,February,1.7151,8.5252,6.8237,1.7015
East Anglia,2046,3,March,1.348,7.4623,6.1164,1.3459
East Anglia,2046,4,April,1.4548,5.5199,4.0873,1.4326
East Anglia,2046,5,May,2.1734,3.006,1.2305,1.7754
East Anglia,2046,6,June,1.8722,1.2732,0.2627,1.0104
East Anglia,2046,7,July,2.5828,0.5933,0.0008,0.5925
East Anglia,2046,8,August,2.8402,0.4995,0.0001,0.4995
East Anglia,2046,9,September,3.1295,1.5266,0.1484,1.3782
East Anglia,2046,10,October,3.1649,3.7141,1.1764,2.5377
East Anglia,2046,11,November,2.2445,7.2963,5.1467,2.1496
East Anglia,2046,12,December,1.7649,7.9269,6.1695,1.7575
East Anglia,2047,1,January,1.4077,10.8351,9.428,1.4071
East Anglia,2047,2,February,1.6638,8.5252,6.8743,1.6509
East Anglia,2047,3,March,2.0826,7.4623,5.3862,2.0762
East Anglia,2047,4,April,2.2768,5.5199,3.3042,2.2156
East Anglia,2047,5,May,2.4699,3.006,1.0451,1.9609
East Anglia,2047,6,June,2.29,1.2732,0.1604,1.1127
East Anglia,2047,7,July,2.803,0.5933,0.0003,0.593
East Anglia,2047,8,August,3.2372,0.4995,0.0,0.4995
East Anglia,2047,9,September,3.2736,1.5266,0.1274,1.3992
East Anglia,2047,10,October,3.101,3.7141,1.2142,2.4999
East Anglia,2047,11,November,2.4049,7.2963,4.999,2.2973
East Anglia,2047,12,December,1.2872,7.9269,6.6436,1.2834
East Anglia,2048,1,January,1.5609,10.8351,9.275,1.5602
East Anglia,2048,2,February,1.3297,8.5252,7.2041,1.3211
East Anglia,2048,3,March,1.779,7.4623,5.6875,1.7748
East Anglia,2048,4,April,1.3815,5.5199,4.1584,1.3615
East Anglia,2048,5,May,1.685,3.006,1.5714,1.4346
East Anglia,2048,6,June,2.2045,1.2732,0.1783,1.0949
East Anglia,2048,7,July,2.2116,0.5933,0.0034,0.5899
East Anglia,2048,8,August,2.9409,0.4995,0.0,0.4995
East Anglia,2048,9,September,3.1957,1.5266,0.1384,1.3882
East Anglia,2048,10,October,3.123,3.7141,1.2011,2.513
East Anglia,2048,11,November,1.9349,7.2963,5.4348,1.8616
East Anglia,2048,12,December,1.0496,7.9269,6.8801,1.0469
East Anglia,2049,1,January,2.4503,10.8351,8.3872,2.4479
East Anglia,2049,2,February,1.9363,8.5252,6.6061,1.919
East Anglia,2049,3,March,2.1933,7.4623,5.2765,2.1858
East Anglia,2049,4,April,1.8353,5.5199,3.7211,1.7988
East Anglia,2049,5,May,2.4919,3.006,1.032,1.974
East Anglia,2049,6,June,3.1928,1.2732,0.0449,1.2283
East Anglia,2049,7,July,3.1511,0.5933,0.0001,0.5933
East Anglia,2049,8,August,3.4762,0.4995,0.0,0.4995
East Anglia,2049,9,September,3.3038,1.5266,0.1234,1.4033
East Anglia,2049,10,October,2.6317,3.7141,1.5132,2.2009
East Anglia,2049,11,November,2.4587,7.2963,4.9497,2.3466
East Anglia,2049,12,December,1.9647,7.9269,5.9718,1.9551
East Anglia,2050,1,January,2.4493,10.8351,8.3881,2.447
East Anglia,2050,2,February,1.091,8.5252,7.4404,1.0847
East Anglia,2050,3,March,0.8496,7.4623,6.6136,0.8487
East Anglia,2050,4,April,2.0195,5.5199,3.5459,1.9739
East Anglia,2050,5,May,2.1098,3.006,1.2725,1.7335
East Anglia,2050,6,June,2.5093,1.2732,0.1209,1.1522
East Anglia,2050,7,July,2.5018,0.5933,0.0011,0.5922
East Anglia,2050,8,August,3.4954,0.4995,0.0,0.4995
East Anglia,2050,9,September,3.7485,1.5266,0.0747,1.4519
East Anglia,2050,10,October,3.2705,3.7141,1.1154,2.5987
East Anglia,2050,11,November,2.7612,7.2963,4.6751,2.6213
East Anglia,2050,12,December,2.0719,7.9269,5.8659,2.061
East Anglia,2051,1,January,1.9173,10.8351,8.9191,1.916
East Anglia,2051,2,February,1.7965,8.5252,6.7435,1.7816
East Anglia,2051,3,March,1.7015,7.4623,5.7646,1.6977
East Anglia,2051,4,April,1.4249,5.5199,4.1162,1.4036
East Anglia,2051,5,May,1.7066,3.006,1.5555,1.4505
East Anglia,2051,6,June,2.9534,1.2732,0.0648,1.2084
East Anglia,2051,7,July,2.8752,0.5933,0.0002,0.5931
East Anglia,2051,8,August,3.6815,0.4995,0.0,0.4995
East Anglia,2051,9,September,2.8136,1.5266,0.204,1.3226
East Anglia,2051,10,October,2.8831,3.7141,1.3484,2.3656
East Anglia,2051,11,November,2.2144,7.2963,5.1746,2.1218
East Anglia,2051,12,December,1.7731,7.9269,6.1614,1.7655
East Anglia,2052,1,January,1.7052,10.8351,9.1309,1.7042
East Anglia,2052,2,February,1.7408,8.5252,6.7983,1.7269
East Anglia,2052,3,March,1.856,7.4623,5.611,1.8514
East Anglia,2052,4,April,2.209,5.5199,3.3676,2.1523
East Anglia,2052,5,May,2.9754,3.006,0.7692,2.2368
East Anglia,2052,6,June,2.6337,1.2732,0.1023,1.1709
East Anglia,2052,7,July,3.8805,0.5933,0.0,0.5933
East Anglia,2052,8,August,4.2658,0.4995,0.0,0.4995
East Anglia,2052,9,September,3.5539,1.5266,0.0936,1.433
East Anglia,2052,10,October,3.3167,3.7141,1.0893,2.6248
East Anglia,2052,11,November,2.833,7.2963,4.6104,2.6859
East Anglia,2052,12,December,2.4355,7.9269,5.5079,2.419
East Anglia,2053,1,January,1.9748,10.8351,8.8616,1.9735
East Anglia,2053,2,February,1.4301,8.5252,7.1048,1.4203
East Anglia,2053,3,March,1.9851,7.4623,5.4828,1.9795
East Anglia,2053,4,April,2.8354,5.5199,2.7943,2.7255
East Anglia,2053,5,May,2.229,3.006,1.1945,1.8115
East Anglia,2053,6,June,2.9952,1.2732,0.0608,1.2123
East Anglia,2053,7,July,3.5821,0.5933,0.0,0.5933
East Anglia,2053,8,August,3.6476,0.4995,0.0,0.4995
East Anglia,2053,9,September,3.8462,1.5266,0.0665,1.4601
East Anglia,2053,10,October,3.0352,3.7141,1.2539,2.4602
East Anglia,2053,11,November,2.3651,7.2963,5.0356,2.2608
East Anglia,2053,12,December,1.4319,7.9269,6.4998,1.4271
East Anglia,2054,1,January,1.8734,10.8351,8.9628,1.8723
East Anglia,2054,2,February,0.5289,8.5252,7.9986,0.5266
East Anglia,2054,3,March,1.9305,7.4623,5.537,1.9253
East Anglia,2054,4,April,1.635,5.5199,3.9131,1.6068
East Anglia,2054,5,May,2.8791,3.006,0.8178,2.1882
East Anglia,2054,6,June,2.1352,1.2732,0.1939,1.0792
East Anglia,2054,7,July,3.9279,0.5933,0.0,0.5933
East Anglia,2054,8,August,3.5523,0.4995,0.0,0.4995
East Anglia,2054,9,September,2.9982,1.5266,0.1698,1.3568
East Anglia,2054,10,October,2.9156,3.7141,1.328,2.3861
East Anglia,2054,11,November,2.6672,7.2963,4.7599,2.5364
East Anglia,2054,12,December,2.6376,7.9269,5.3099,2.617
East Anglia,2055,1,January,2.1181,10.8351,8.7186,2.1165
East Anglia,2055,2,February,2.3089,8.5252,6.2413,2.2839
East Anglia,2055,3,March,1.791,7.4623,5.6756,1.7867
East Anglia,2055,4,April,2.059,5.5199,3.5086,2.0113
East Anglia,2055,5,May,2.799,3.006,0.8596,2.1463
East Anglia,2055,6,June,3.3129,1.2732,0.037,1.2361
East Anglia,2055,7,July,3.4484,0.5933,0.0,0.5933
East Anglia,2055,8,August,3.4983,0.4995,0.0,0.4995
East Anglia,2055,9,September,3.1148,1.5266,0.1507,1.376
East Anglia,2055,10,October,3.0107,3.7141,1.2689,2.4452
East Anglia,2055,11,November,3.0363,7.2963,4.4291,2.8672
East Anglia,2055,12,December,3.0447,7.9269,4.9136,3.0133
East Anglia,2056,1,January,2.288,10.8351,8.5491,2.286
East Anglia,2056,2,February,1.9917,8.5252,6.5517,1.9734
East Anglia,2056,3,March,1.8847,7.4623,5.5825,1.8798
East Anglia,2056,4,April,2.201,5.5199,3.375,2.1448
East Anglia,2056,5,May,2.0886,3.006,1.2866,1.7193
East Anglia,2056,6,June,2.7007,1.2732,0.0932,1.18
East Anglia,2056,7,July,3.9323,0.5933,0.0,0.5933
East Anglia,2056,8,August,4.4096,0.4995,0.0,0.4995
East Anglia,2056,9,September,3.8643,1.5266,0.0651,1.4615
East Anglia,2056,10,October,3.2787,3.7141,1.1107,2.6034
East Anglia,2056,11,November,3.2735,7.2963,4.2205,3.0759
East Anglia,2056,12,December,2.041,7.9269,5.8964,2.0306
East Anglia,2057,1,January,1.884,10.8351,8.9523,1.8828
East Anglia,2057,2,February,2.5048,8.5252,6.0504,2.4748
East Anglia,2057,3,March,2.0597,7.4623,5.4089,2.0534
East Anglia,2057,4,April,2.0736,5.5199,3.4948,2.025
East Anglia,2057,5,May,2.6644,3.006,0.9329,2.0731
East Anglia,2057,6,June,3.6937,1.2732,0.0194,1.2537
East Anglia,2057,7,July,4.1987,0.5933,0.0,0.5933
East Anglia,2057,8,August,4.0425,0.4995,0.0,0.4995
East Anglia,2057,9,September,4.0353,1.5266,0.0528,1.4738
East Anglia,2057,10,October,3.296,3.7141,1.1009,2.6132
East Anglia,2057,11,November,3.2126,7.2963,4.2737,3.0226
East Anglia,2057,12,December,3.028,7.9269,4.9297,2.9972
East Anglia,2058,1,January,2.3313,10.8351,8.5059,2.3292
East Anglia,2058,2,February,2.3888,8.5252,6.1633,2.3619
East Anglia,2058,3,March,1.6357,7.4623,5.83,1.6323
East Anglia,2058,4,April,1.6288,5.5199,3.9191,1.6007
East Anglia,2058,5,May,2.8559,3.006,0.8298,2.1762
East Anglia,2058,6,June,2.7452,1.2732,0.0876,1.1856
East Anglia,2058,7,July,3.8964,0.5933,0.0,0.5933
East Anglia,2058,8,August,4.3628,0.4995,0.0,0.4995
East Anglia,2058,9,September,3.6369,1.5266,0.0851,1.4415
East Anglia,2058,10,October,3.8509,3.7141,0.8147,2.8993
East Anglia,2058,11,November,3.3659,7.2963,4.1401,3.1563
East Anglia,2058,12,December,2.6958,7.9269,5.253,2.6739
East Anglia,2059,1,January,2.1061,10.8351,8.7306,2.1046
East Anglia,2059,2,February,2.3508,8.5252,6.2004,2.3247
East Anglia,2059,3,March,2.806,7.4623,4.6728,2.7895
East Anglia,2059,4,April,2.3934,5.5199,3.196,2.3239
East Anglia,2059,5,May,2.5174,3.006,1.017,1.989
East Anglia,2059,6,June,2.9106,1.2732,0.069,1.2042
East Anglia,2059,7,July,3.9622,0.5933,0.0,0.5933
East Anglia,2059,8,August,3.9204,0.4995,0.0,0.4995
East Anglia,2059,9,September,4.1999,1.5266,0.0429,1.4837
East Anglia,2059,10,October,4.0133,3.7141,0.7412,2.9729
East Anglia,2059,11,November,2.969,7.2963,4.4889,2.8075
East Anglia,2059,12,December,2.8085,7.9269,5.1431,2.7839
East Anglia,2060,1,January,2.6799,10.8351,8.1583,2.6769
East Anglia,2060,2,February,2.6187,8.5252,5.9398,2.5854
East Anglia,2060,3,March,1.981,7.4623,5.4869,1.9754
East Anglia,2060,4,April,2.2169,5.5199,3.3602,2.1597
East Anglia,2060,5,May,2.7131,3.006,0.9059,2.1
East Anglia,2060,6,June,3.8751,1.2732,0.014,1.2592
East Anglia,2060,7,July,4.5069,0.5933,0.0,0.5933
East Anglia,2060,8,August,4.7989,0.4995,0.0,0.4995
East Anglia,2060,9,September,3.7223,1.5266,0.0771,1.4495
East Anglia,2060,10,October,3.4178,3.7141,1.0335,2.6806
East Anglia,2060,11,November,2.743,7.2963,4.6914,2.6049
East Anglia,2060,12,December,2.3548,7.9269,5.5872,2.3397
East Anglia,2061,1,January,2.5839,10.8351,8.254,2.5812
East Anglia,2061,2,February,2.0957,8.5252,6.4498,2.0754
East Anglia,2061,3,March,1.9929,7.4623,5.4751,1.9872
East Anglia,2061,4,April,2.3294,5.5199,3.2553,2.2645
East Anglia,2061,5,May,3.0207,3.006,0.747,2.259
East Anglia,2061,6,June,3.7197,1.2732,0.0185,1.2546
East Anglia,2061,7,July,3.6373,0.5933,0.0,0.5933
East Anglia,2061,8,August,4.1994,0.4995,0.0,0.4995
East Anglia,2061,9,September,4.0519,1.5266,0.0518,1.4749
East Anglia,2061,10,October,4.0139,3.7141,0.7409,2.9731
East Anglia,2061,11,November,3.2886,7.2963,4.2073,3.0891
East Anglia,2061,12,December,3.1774,7.9269,4.7853,3.1416
East Anglia,2062,1,January,2.4153,10.8351,8.4221,2.413
East Anglia,2062,2,February,2.2334,8.5252,6.315,2.2102
East Anglia,2062,3,March,2.0328,7.4623,5.4356,2.0267
East Anglia,2062,4,April,2.8394,5.5199,2.7908,2.7291
East Anglia,2062,5,May,2.7482,3.006,0.8868,2.1191
East Anglia,2062,6,June,3.8045,1.2732,0.0159,1.2572
East Anglia,2062,7,July,4.0739,0.5933,0.0,0.5933
East Anglia,2062,8,August,4.8719,0.4995,0.0,0.4995
East Anglia,2062,9,September,4.6577,1.5266,0.0233,1.5033
East Anglia,2062,10,October,3.819,3.7141,0.8297,2.8844
East Anglia,2062,11,November,3.4108,7.2963,4.1012,3.1952
East Anglia,2062,12,December,2.5349,7.9269,5.4104,2.5165
East Anglia,2063,1,January,2.111,10.8351,8.7257,2.1094
East Anglia,2063,2,February,1.8882,8.5252,6.6534,1.8718
East Anglia,2063,3,March,2.0572,7.4623,5.4114,2.0509
East Anglia,2063,4,April,2.3345,5.5199,3.2505,2.2693
East Anglia,2063,5,May,2.7542,3.006,0.8836,2.1224
East Anglia,2063,6,June,4.1095,1.2732,0.009,1.2642
East Anglia,2063,7,July,4.268,0.5933,0.0,0.5933
East Anglia,2063,8,August,5.264,0.4995,0.0,0.4995
East Anglia,2063,9,September,4.4529,1.5266,0.0308,1.4958
East Anglia,2063,10,October,4.6368,3.7141,0.5008,3.2133
East Anglia,2063,11,November,2.9445,7.2963,4.5107,2.7856
East Anglia,2063,12,December,2.8874,7.9269,5.0663,2.8607
East Anglia,2064,1,January,3.3531,10.8351,7.4884,3.3468
East Anglia,2064,2,February,2.6827,8.5252,5.8777,2.6474
East Anglia,2064,3,March,2.4739,7.4623,4.9993,2.463
East Anglia,2064,4,April,2.0495,5.5199,3.5176,2.0023
East Anglia,2064,5,May,2.7347,3.006,0.8942,2.1118
East Anglia,2064,6,June,3.8737,1.2732,0.014,1.2591
East Anglia,2064,7,July,4.555,0.5933,0.0,0.5933
East Anglia,2064,8,August,4.9684,0.4995,0.0,0.4995
East Anglia,2064,9,September,4.2041,1.5266,0.0427,1.4839
East Anglia,2064,10,October,3.978,3.7141,0.7568,2.9573
East Anglia,2064,11,November,3.6453,7.2963,3.9002,3.3962
East Anglia,2064,12,December,3.1617,7.9269,4.8004,3.1265
East Anglia,2065,1,January,2.4127,10.8351,8.4247,2.4104
East Anglia,2065,2,February,1.8952,8.5252,6.6465,1.8787
East Anglia,2065,3,March,2.4896,7.4623,4.9838,2.4785
East Anglia,2065,4,April,1.595,5.5199,3.9517,1.5682
East Anglia,2065,5,May,2.7814,3.006,0.869,2.137
East Anglia,2065,6,June,3.5672,1.2732,0.0242,1.2489
East Anglia,2065,7,July,4.2948,0.5933,0.0,0.5933
East Anglia,2065,8,August,4.5709,0.4995,0.0,0.4995
East Anglia,2065,9,September,4.4055,1.5266,0.0328,1.4938
East Anglia,2065,10,October,4.4561,3.7141,0.5638,3.1503
East Anglia,2065,11,November,2.7503,7.2963,4.6848,2.6115
East Anglia,2065,12,December,2.8147,7.9269,5.137,2.79
East Anglia,2066,1,January,2.0233,10.8351,8.8132,2.0219
East Anglia,2066,2,February,2.472,8.5252,6.0823,2.4429
East Anglia,2066,3,March,2.5093,7.4623,4.9644,2.4979
East Anglia,2066,4,April,2.2267,5.5199,3.351,2.1688
East Anglia,2066,5,May,3.1447,3.006,0.6884,2.3176
East Anglia,2066,6,June,3.8388,1.2732,0.015,1.2582
East Anglia,2066,7,July,4.4447,0.5933,0.0,0.5933
East Anglia,2066,8,August,4.7499,0.4995,0.0,0.4995
East Anglia,2066,9,September,4.4489,1.5266,0.031,1.4956
East Anglia,2066,10,October,3.7942,3.7141,0.8415,2.8726
East Anglia,2066,11,November,3.1661,7.2963,4.3145,2.9818
East Anglia,2066,12,December,2.9205,7.9269,5.0341,2.8929
East Anglia,2067,1,January,2.6964,10.8351,8.1418,2.6933
East Anglia,2067,2,February,2.8173,8.5252,5.7475,2.7776
East Anglia,2067,3,March,2.4029,7.4623,5.0694,2.3929
East Anglia,2067,4,April,2.28,5.5199,3.3013,2.2186
East Anglia,2067,5,May,3.1796,3.006,0.6724,2.3336
East Anglia,2067,6,June,3.8638,1.2732,0.0143,1.2589
East Anglia,2067,7,July,4.1723,0.5933,0.0,0.5933
East Anglia,2067,8,August,4.9284,0.4995,0.0,0.4995
East Anglia,2067,9,September,4.612,1.5266,0.0248,1.5018
East Anglia,2067,10,October,3.898,3.7141,0.7929,2.9212
East Anglia,2067,11,November,3.4107,7.2963,4.1013,3.1951
East Anglia,2067,12,December,3.0038,7.9269,4.9532,2.9737
East Anglia,2068,1,January,3.425,10.8351,7.417,3.4181
East Anglia,2068,2,February,3.2729,8.5252,5.3105,3.2146
East Anglia,2068,3,March,2.3602,7.4623,5.1114,2.3509
East Anglia,2068,4,April,2.549,5.5199,3.053,2.4669
East Anglia,2068,5,May,3.0939,3.006,0.712,2.2939
East Anglia,2068,6,June,3.8525,1.2732,0.0146,1.2586
East Anglia,2068,7,July,4.6269,0.5933,0.0,0.5933
East Anglia,2068,8,August,5.2025,0.4995,0.0,0.4995
East Anglia,2068,9,September,4.6843,1.5266,0.0225,1.5041
East Anglia,2068,10,October,4.3462,3.7141,0.6047,3.1094
East Anglia,2068,11,November,3.2236,7.2963,4.2641,3.0322
East Anglia,2068,12,December,3.0565,7.9269,4.9021,3.0248
East Anglia,2069,1,January,2.7148,10.8351,8.1235,2.7116
East Anglia,2069,2,February,1.5182,8.5252,7.0179,1.5073
East Anglia,2069,3,March,1.5642,7.4623,5.9012,1.5611
East Anglia,2069,4,April,2.8171,5.5199,2.8107,2.7092
East Anglia,2069,5,May,3.6897,3.006,0.4671,2.5389
East Anglia,2069,6,June,3.804,1.2732,0.0159,1.2572
East Anglia,2069,7,July,4.7924,0.5933,0.0,0.5933
East Anglia,2069,8,August,5.3837,0.4995,0.0,0.4995
East Anglia,2069,9,September,4.4754,1.5266,0.0299,1.4967
East Anglia,2069,10,October,2.9653,3.7141,1.2969,2.4172
East Anglia,2069,11,November,3.2772,7.2963,4.2172,3.0792
East Anglia,2069,12,December,3.0665,7.9269,4.8924,3.0345
East Anglia,2070,1,January,2.9113,10.8351,7.9277,2.9074
East Anglia,2070,2,February,2.8543,8.5252,5.7119,2.8133
East Anglia,2070,3,March,2.4336,7.4623,5.039,2.4233
East Anglia,2070,4,April,2.4883,5.5199,3.1085,2.4113
East Anglia,2070,5,May,2.8672,3.006,0.8239,2.182
East Anglia,2070,6,June,3.5043,1.2732,0.027,1.2462
East Anglia,2070,7,July,4.6059,0.5933,0.0,0.5933
East Anglia,2070,8,August,5.173,0.4995,0.0,0.4995
East Anglia,2070,9,September,4.6377,1.5266,0.024,1.5026
East Anglia,2070,10,October,4.2519,3.7141,0.6414,3.0726
East Anglia,2070,11,November,3.7891,7.2963,3.7787,3.5177
East Anglia,2070,12,December,3.3964,7.9269,4.5748,3.3521
East Anglia,2071,1,January,3.5758,10.8351,7.2673,3.5678
East Anglia,2071,2,February,2.4373,8.5252,6.116,2.4091
East Anglia,2071,3,March,2.7058,7.4623,4.7711,2.6912
East Anglia,2071,4,April,3.5918,5.5199,2.1483,3.3716
East Anglia,2071,5,May,3.6095,3.006,0.496,2.51
East Anglia,2071,6,June,4.5073,1.2732,0.004,1.2691
East Anglia,2071,7,July,4.7375,0.5933,0.0,0.5933
East Anglia,2071,8,August,5.2884,0.4995,0.0,0.4995
East Anglia,2071,9,September,4.9719,1.5266,0.0149,1.5117
East Anglia,2071,10,October,4.3368,3.7141,0.6083,3.1058
East Anglia,2071,11,November,3.9959,7.2963,3.6066,3.6898
East Anglia,2071,12,December,3.1656,7.9269,4.7967,3.1302
East Anglia,2072,1,January,2.8511,10.8351,7.9878,2.8474
East Anglia,2072,2,February,2.9015,8.5252,5.6664,2.8588
East Anglia,2072,3,March,3.2139,7.4623,4.2752,3.1872
East Anglia,2072,4,April,2.2125,5.5199,3.3643,2.1555
East Anglia,2072,5,May,2.5707,3.006,0.986,2.02
East Anglia,2072,6,June,4.2992,1.2732,0.0062,1.267
East Anglia,2072,7,July,5.3008,0.5933,0.0,0.5933
East Anglia,2072,8,August,6.2738,0.4995,0.0,0.4995
East Anglia,2072,9,September,5.1621,1.5266,0.0112,1.5154
East Anglia,2072,10,October,5.067,3.7141,0.3715,3.3426
East Anglia,2072,11,November,3.9564,7.2963,3.6392,3.6572
East Anglia,2072,12,December,3.3863,7.9269,4.5845,3.3424
East Anglia,2073,1,January,2.5837,10.8351,8.2541,2.581
East Anglia,2073,2,February,2.7092,8.5252,5.8521,2.673
East Anglia,2073,3,March,3.6282,7.4623,3.8764,3.5859
East Anglia,2073,4,April,2.9716,5.5199,2.6738,2.8461
East Anglia,2073,5,May,4.4408,3.006,0.2525,2.7535
East Anglia,2073,6,June,3.5941,1.2732,0.0231,1.25
East Anglia,2073,7,July,4.3885,0.5933,0.0,0.5933
East Anglia,2073,8,August,5.3513,0.4995,0.0,0.4995
East Anglia,2073,9,September,5.0813,1.5266,0.0127,1.5139
East Anglia,2073,10,October,5.1266,3.7141,0.3558,3.3583
East Anglia,2073,11,November,3.8055,7.2963,3.7649,3.5314
East Anglia,2073,12,December,3.381,7.9269,4.5895,3.3374
East Anglia,2074,1,January,3.2347,10.8351,7.606,3.2291
East Anglia,2074,2,February,3.1429,8.5252,5.4346,3.0905
East Anglia,2074,3,March,2.7298,7.4623,4.7475,2.7148
East Anglia,2074,4,April,2.9037,5.5199,2.7337,2.7862
East Anglia,2074,5,May,3.2873,3.006,0.6248,2.3812
East Anglia,2074,6,June,3.818,1.2732,0.0155,1.2576
East Anglia,2074,7,July,4.6249,0.5933,0.0,0.5933
East Anglia,2074,8,August,5.3704,0.4995,0.0,0.4995
East Anglia,2074,9,September,4.5068,1.5266,0.0287,1.4979
East Anglia,2074,10,October,4.6525,3.7141,0.4956,3.2185
East Anglia,2074,11,November,4.1039,7.2963,3.5179,3.7784
East Anglia,2074,12,December,3.5876,7.9269,4.3923,3.5347
East Anglia,2075,1,January,2.8669,10.8351,7.9719,2.8632
East Anglia,2075,2,February,2.7635,8.5252,5.7995,2.7256
East Anglia,2075,3,March,3.2929,7.4623,4.1987,3.2636
East Anglia,2075,4,April,2.5507,5.5199,3.0514,2.4685
East Anglia,2075,5,May,3.4633,3.006,0.5519,2.454
East Anglia,2075,6,June,3.9419,1.2732,0.0124,1.2608
East Anglia,2075,7,July,5.6637,0.5933,0.0,0.5933
East Anglia,2075,8,August,6.2002,0.4995,0.0,0.4995
East Anglia,2075,9,September,5.7032,1.5266,0.0048,1.5218
East Anglia,2075,10,October,5.0192,3.7141,0.3845,3.3296
East Anglia,2075,11,November,4.0897,7.2963,3.5295,3.7668
East Anglia,2075,12,December,3.3334,7.9269,4.6352,3.2917
East Anglia,2076,1,January,3.0198,10.8351,7.8198,3.0153
East Anglia,2076,2,February,2.8819,8.5252,5.6853,2.8399
East Anglia,2076,3,March,3.4065,7.4623,4.089,3.3733
East Anglia,2076,4,April,3.4451,5.5199,2.2687,3.2511
East Anglia,2076,5,May,3.9685,3.006,0.376,2.63
East Anglia,2076,6,June,4.3716,1.2732,0.0053,1.2678
East Anglia,2076,7,July,5.5683,0.5933,0.0,0.5933
East Anglia,2076,8,August,6.0198,0.4995,0.0,0.4995
East Anglia,2076,9,September,5.4988,1.5266,0.0067,1.5199
East Anglia,2076,10,October,4.8777,3.7141,0.4249,3.2892
East Anglia,2076,11,November,4.166,7.2963,3.4673,3.829
East Anglia,2076,12,December,3.7303,7.9269,4.257,3.6699
East Anglia,2077,1,January,2.5286,10.8351,8.3091,2.526
East Anglia,2077,2,February,3.1563,8.5252,5.4218,3.1033
East Anglia,2077,3,March,3.0095,7.4623,4.4738,2.9885
East Anglia,2077,4,April,3.1309,5.5199,2.5349,2.985
East Anglia,2077,5,May,3.1025,3.006,0.708,2.298
East Anglia,2077,6,June,3.756,1.2732,0.0174,1.2558
East Anglia,2077,7,July,5.3255,0.5933,0.0,0.5933
East Anglia,2077,8,August,5.8269,0.4995,0.0,0.4995
East Anglia,2077,9,September,5.061,1.5266,0.0131,1.5135
East Anglia,2077,10,October,4.6832,3.7141,0.4855,3.2286
East Anglia,2077,11,November,3.9791,7.2963,3.6204,3.6759
East Anglia,2077,12,December,3.5296,7.9269,4.4476,3.4794
East Anglia,2078,1,January,2.6729,10.8351,8.1653,2.6698
East Anglia,2078,2,February,2.8328,8.5252,5.7326,2.7926
East Anglia,2078,3,March,2.9385,7.4623,4.5432,2.9191
East Anglia,2078,4,April,3.1425,5.5199,2.5249,2.995
East Anglia,2078,5,May,3.4521,3.006,0.5564,2.4496
East Anglia,2078,6,June,4.7386,1.2732,0.0025,1.2707
East Anglia,2078,7,July,5.4399,0.5933,0.0,0.5933
East Anglia,2078,8,August,6.2121,0.4995,0.0,0.4995
East Anglia,2078,9,September,5.5173,1.5266,0.0065,1.5201
East Anglia,2078,10,October,5.05,3.7141,0.3761,3.338
East Anglia,2078,11,November,4.2005,7.2963,3.4394,3.857
East Anglia,2078,12,December,3.7907,7.9269,4.2001,3.7269
East Anglia,2079,1,January,3.3801,10.8351,7.4616,3.3735
East Anglia,2079,2,February,3.522,8.5252,5.0742,3.451
East Anglia,2079,3,March,3.1882,7.4623,4.3,3.1623
East Anglia,2079,4,April,3.3809,5.5199,2.3223,3.1976
East Anglia,2079,5,May,4.2,3.006,0.3108,2.6952
East Anglia,2079,6,June,4.957,1.2732,0.0015,1.2717
East Anglia,2079,7,July,5.7461,0.5933,0.0,0.5933
East Anglia,2079,8,August,6.7313,0.4995,0.0,0.4995
East Anglia,2079,9,September,5.6085,1.5266,0.0056,1.521
East Anglia,2079,10,October,5.0698,3.7141,0.3708,3.3433
East Anglia,2079,11,November,4.5902,7.2963,3.1299,4.1664
East Anglia,2079,12,December,3.5614,7.9269,4.4172,3.5097
East Anglia,2080,1,January,3.2625,10.8351,7.5784,3.2567
East Anglia,2080,2,February,2.821,8.5252,5.744,2.7812
East Anglia,2080,3,March,2.7173,7.4623,4.7598,2.7025
East Anglia,2080,4,April,2.9806,5.5199,2.6658,2.854
East Anglia,2080,5,May,3.6114,3.006,0.4953,2.5106
East Anglia,2080,6,June,4.5172,1.2732,0.0039,1.2692
East Anglia,2080,7,July,6.3504,0.5933,0.0,0.5933
East Anglia,2080,8,August,6.4334,0.4995,0.0,0.4995
East Anglia,2080,9,September,5.4224,1.5266,0.0075,1.5191
East Anglia,2080,10,October,5.7474,3.7141,0.2205,3.4936
East Anglia,2080,11,November,4.7105,7.2963,3.037,4.2594
England E and NE,2026,1,January,0.172,12.097,11.925,0.172
England E and NE,2026,2,February,0.7124,9.8003,9.0883,0.712
England E and NE,2026,3,March,1.0899,8.6271,7.5377,1.0894
England E and NE,2026,4,April,0.8568,7.1186,6.2635,0.8551
England E and NE,2026,5,May,1.2852,4.1829,2.9858,1.197
England E and NE,2026,6,June,1.166,2.2953,1.3055,0.9898
England E and NE,2026,7,July,1.1647,1.4796,0.5527,0.9269
England E and NE,2026,8,August,1.4726,1.225,0.2582,0.9668
England E and NE,2026,9,September,1.7645,3.0422,1.5338,1.5084
England E and NE,2026,10,October,1.4758,5.152,3.7471,1.4049
England E and NE,2026,11,November,0.9525,8.8005,7.8613,0.9392
England E and NE,2026,12,December,0.6728,8.9894,8.3182,0.6713
England E and NE,2027,1,January,0.8336,12.097,11.2635,0.8335
England E and NE,2027,2,February,0.6059,9.8003,9.1948,0.6055
England E and NE,2027,3,March,1.1435,8.6271,7.4841,1.143
England E and NE,2027,4,April,1.0987,7.1186,6.0226,1.0961
England E and NE,2027,5,May,0.8967,4.1829,3.3375,0.8454
England E and NE,2027,6,June,1.464,2.2953,1.0904,1.2049
England E and NE,2027,7,July,0.957,1.4796,0.6881,0.7915
England E and NE,2027,8,August,1.7446,1.225,0.1691,1.0559
England E and NE,2027,9,September,1.4411,3.0422,1.7808,1.2613
England E and NE,2027,10,October,0.9661,5.152,4.2227,0.9293
England E and NE,2027,11,November,1.3004,8.8005,7.5207,1.2799
England E and NE,2027,12,December,1.8278,8.9894,7.17,1.8195
England E and NE,2028,1,January,0.523,12.097,11.5741,0.5229
England E and NE,2028,2,February,1.0996,9.8003,8.7016,1.0987
England E and NE,2028,3,March,0.7997,8.6271,7.8277,0.7994
England E and NE,2028,4,April,0.4725,7.1186,6.6468,0.4719
England E and NE,2028,5,May,1.2325,4.1829,3.0328,1.15
England E and NE,2028,6,June,1.3909,2.2953,1.1414,1.154
England E and NE,2028,7,July,1.6706,1.4796,0.2936,1.186
England E and NE,2028,8,August,1.3657,1.225,0.3008,0.9241
England E and NE,2028,9,September,1.4141,3.0422,1.8022,1.2399
England E and NE,2028,10,October,1.8987,5.152,3.3638,1.7882
England E and NE,2028,11,November,1.5463,8.8005,7.2811,1.5195
England E and NE,2028,12,December,1.37,8.9894,7.6243,1.3652
England E and NE,2029,1,January,0.7676,12.097,11.3295,0.7676
England E and NE,2029,2,February,0.5749,9.8003,9.2258,0.5745
England E and NE,2029,3,March,0.9026,8.6271,7.7248,0.9023
England E and NE,2029,4,April,1.5998,7.1186,5.5246,1.594
England E and NE,2029,5,May,1.1631,4.1829,3.0951,1.0878
England E and NE,2029,6,June,1.8773,2.2953,0.8253,1.47
England E and NE,2029,7,July,1.7487,1.4796,0.2627,1.2169
England E and NE,2029,8,August,1.8234,1.225,0.1481,1.0768
England E and NE,2029,9,September,1.1266,3.0422,2.0362,1.006
England E and NE,2029,10,October,1.0635,5.152,4.1308,1.0212
England E and NE,2029,11,November,1.099,8.8005,7.7177,1.0828
England E and NE,2029,12,December,1.3124,8.9894,7.6815,1.3079
England E and NE,2030,1,January,1.2074,12.097,10.8898,1.2073
England E and NE,2030,2,February,1.1211,9.8003,8.6802,1.1202
England E and NE,2030,3,March,1.1467,8.6271,7.481,1.1462
England E and NE,2030,4,April,0.7491,7.1186,6.3709,0.7478
England E and NE,2030,5,May,1.2979,4.1829,2.9746,1.2083
England E and NE,2030,6,June,0.8631,2.2953,1.5424,0.7529
England E and NE,2030,7,July,1.7029,1.4796,0.2805,1.1991
England E and NE,2030,8,August,1.7817,1.225,0.159,1.066
England E and NE,2030,9,September,1.2848,3.0422,1.906,1.1361
England E and NE,2030,10,October,1.176,5.152,4.0253,1.1267
England E and NE,2030,11,November,0.9628,8.8005,7.8512,0.9494
England E and NE,2030,12,December,1.2304,8.9894,7.763,1.2264
England E and NE,2031,1,January,1.2052,12.097,10.8919,1.2051
England E and NE,2031,2,February,0.7065,9.8003,9.0943,0.706
England E and NE,2031,3,March,1.2538,8.6271,7.3739,1.2532
England E and NE,2031,4,April,0.8099,7.1186,6.3103,0.8084
England E and NE,2031,5,May,1.4622,4.1829,2.8295,1.3534
England E and NE,2031,6,June,0.7332,2.2953,1.649,0.6463
England E and NE,2031,7,July,1.5033,1.4796,0.3679,1.1117
England E and NE,2031,8,August,1.6012,1.225,0.2126,1.0124
England E and NE,2031,9,September,2.1795,3.0422,1.2427,1.7994
England E and NE,2031,10,October,1.5846,5.152,3.6474,1.5046
England E and NE,2031,11,November,1.1784,8.8005,7.6399,1.1606
England E and NE,2031,12,December,2.1101,8.9894,6.8908,2.0987
England E and NE,2032,1,January,0.9252,12.097,11.1719,0.9251
England E and NE,2032,2,February,0.2709,9.8003,9.5295,0.2708
England E and NE,2032,3,March,0.5559,8.6271,8.0713,0.5558
England E and NE,2032,4,April,0.7564,7.1186,6.3636,0.755
England E and NE,2032,5,May,1.4504,4.1829,2.8399,1.343
England E and NE,2032,6,June,1.257,2.2953,1.2378,1.0575
England E and NE,2032,7,July,2.0634,1.4796,0.1612,1.3184
England E and NE,2032,8,August,1.5315,1.225,0.2365,0.9884
England E and NE,2032,9,September,1.9198,3.0422,1.4212,1.6209
England E and NE,2032,10,October,1.4608,5.152,3.7609,1.3911
England E and NE,2032,11,November,0.5014,8.8005,8.3051,0.4955
England E and NE,2032,12,December,0.8119,8.9894,8.1796,0.8098
England E and NE,2033,1,January,1.2686,12.097,10.8285,1.2685
England E and NE,2033,2,February,0.8893,9.8003,8.9117,0.8887
England E and NE,2033,3,March,0.8114,8.6271,7.816,0.8111
England E and NE,2033,4,April,1.1262,7.1186,5.9952,1.1234
England E and NE,2033,5,May,1.0989,4.1829,3.1531,1.0298
England E and NE,2033,6,June,2.7739,2.2953,0.396,1.8993
England E and NE,2033,7,July,1.6523,1.4796,0.3012,1.1784
England E and NE,2033,8,August,2.5761,1.225,0.0333,1.1917
England E and NE,2033,9,September,1.568,3.0422,1.6819,1.3602
England E and NE,2033,10,October,1.5789,5.152,3.6527,1.4993
England E and NE,2033,11,November,1.584,8.8005,7.2444,1.5561
England E and NE,2033,12,December,0.961,8.9894,8.0311,0.9583
England E and NE,2034,1,January,-0.04,12.097,12.1371,-0.04
England E and NE,2034,2,February,0.3706,9.8003,9.43,0.3704
England E and NE,2034,3,March,1.1038,8.6271,7.5238,1.1033
England E and NE,2034,4,April,1.1492,7.1186,5.9723,1.1463
England E and NE,2034,5,May,1.5719,4.1829,2.734,1.4489
England E and NE,2034,6,June,1.5702,2.2953,1.0184,1.2769
England E and NE,2034,7,July,1.519,1.4796,0.3605,1.1191
England E and NE,2034,8,August,2.0519,1.225,0.0985,1.1265
England E and NE,2034,9,September,1.7736,3.0422,1.527,1.5151
England E and NE,2034,10,October,1.8997,5.152,3.3628,1.7892
England E and NE,2034,11,November,1.3062,8.8005,7.5151,1.2855
England E and NE,2034,12,December,1.1411,8.9894,7.8518,1.1376
England E and NE,2035,1,January,1.2615,12.097,10.8356,1.2614
England E and NE,2035,2,February,1.1497,9.8003,8.6516,1.1487
England E and NE,2035,3,March,1.4399,8.6271,7.1881,1.439
England E and NE,2035,4,April,0.9641,7.1186,6.1566,0.9621
England E and NE,2035,5,May,1.5299,4.1829,2.7705,1.4124
England E and NE,2035,6,June,1.2565,2.2953,1.2382,1.0571
England E and NE,2035,7,July,1.3829,1.4796,0.4284,1.0512
England E and NE,2035,8,August,1.988,1.225,0.1108,1.1141
England E and NE,2035,9,September,1.4027,3.0422,1.8113,1.2309
England E and NE,2035,10,October,1.4659,5.152,3.7562,1.3958
England E and NE,2035,11,November,1.3549,8.8005,7.4675,1.3331
England E and NE,2035,12,December,1.0926,8.9894,7.9001,1.0894
England E and NE,2036,1,January,1.1672,12.097,10.9299,1.1671
England E and NE,2036,2,February,1.6975,9.8003,8.105,1.6953
England E and NE,2036,3,March,1.2233,8.6271,7.4044,1.2227
England E and NE,2036,4,April,1.2228,7.1186,5.8991,1.2196
England E and NE,2036,5,May,1.3311,4.1829,2.945,1.2378
England E and NE,2036,6,June,2.1219,2.2953,0.6881,1.6073
England E and NE,2036,7,July,1.3699,1.4796,0.4352,1.0444
England E and NE,2036,8,August,2.0132,1.225,0.1059,1.1191
England E and NE,2036,9,September,2.3284,3.0422,1.1461,1.8961
England E and NE,2036,10,October,1.662,5.152,3.5769,1.5751
England E and NE,2036,11,November,1.8575,8.8005,6.9792,1.8214
England E and NE,2036,12,December,0.408,8.9894,8.5823,0.4071
England E and NE,2037,1,January,0.334,12.097,11.7631,0.3339
England E and NE,2037,2,February,0.9917,9.8003,8.8094,0.9909
England E and NE,2037,3,March,1.3476,8.6271,7.2803,1.3468
England E and NE,2037,4,April,1.8585,7.1186,5.2685,1.8502
England E and NE,2037,5,May,1.0837,4.1829,3.1668,1.0161
England E and NE,2037,6,June,1.3507,2.2953,1.1699,1.1254
England E and NE,2037,7,July,1.4998,1.4796,0.3696,1.11
England E and NE,2037,8,August,1.8669,1.225,0.1375,1.0875
England E and NE,2037,9,September,1.7749,3.0422,1.526,1.5161
England E and NE,2037,10,October,1.7889,5.152,3.4622,1.6898
England E and NE,2037,11,November,1.7463,8.8005,7.0868,1.7137
England E and NE,2037,12,December,1.4671,8.9894,7.5278,1.4617
England E and NE,2038,1,January,1.359,12.097,10.7381,1.3589
England E and NE,2038,2,February,1.1557,9.8003,8.6456,1.1547
England E and NE,2038,3,March,1.0619,8.6271,7.5657,1.0614
England E and NE,2038,4,April,1.6669,7.1186,5.4581,1.6605
England E and NE,2038,5,May,1.6821,4.1829,2.6391,1.5437
England E and NE,2038,6,June,2.0053,2.2953,0.7516,1.5437
England E and NE,2038,7,July,2.2838,1.4796,0.11,1.3696
England E and NE,2038,8,August,2.0812,1.225,0.0932,1.1317
England E and NE,2038,9,September,2.086,3.0422,1.3056,1.7366
England E and NE,2038,10,October,2.5918,5.152,2.7641,2.3879
England E and NE,2038,11,November,1.4555,8.8005,7.3694,1.4311
England E and NE,2038,12,December,1.8022,8.9894,7.1953,1.7941
England E and NE,2039,1,January,1.0674,12.097,11.0297,1.0673
England E and NE,2039,2,February,0.2743,9.8003,9.5262,0.2741
England E and NE,2039,3,March,1.2195,8.6271,7.4083,1.2188
England E and NE,2039,4,April,1.3464,7.1186,5.7762,1.3424
England E and NE,2039,5,May,1.4921,4.1829,2.8034,1.3795
England E and NE,2039,6,June,1.7359,2.2953,0.9114,1.3839
England E and NE,2039,7,July,1.9256,1.4796,0.2012,1.2783
England E and NE,2039,8,August,2.5247,1.225,0.0374,1.1876
England E and NE,2039,9,September,2.045,3.0422,1.3336,1.7085
England E and NE,2039,10,October,1.7032,5.152,3.5396,1.6124
England E and NE,2039,11,November,1.4328,8.8005,7.3916,1.409
England E and NE,2039,12,December,0.7128,8.9894,8.2784,0.711
England E and NE,2040,1,January,1.1477,12.097,10.9494,1.1476
England E and NE,2040,2,February,1.4418,9.8003,8.3601,1.4402
England E and NE,2040,3,March,1.5844,8.6271,7.0438,1.5833
England E and NE,2040,4,April,1.3723,7.1186,5.7505,1.3682
England E and NE,2040,5,May,1.758,4.1829,2.5745,1.6083
England E and NE,2040,6,June,1.7755,2.2953,0.8868,1.4085
England E and NE,2040,7,July,1.978,1.4796,0.1853,1.2943
England E and NE,2040,8,August,2.4715,1.225,0.0421,1.1829
England E and NE,2040,9,September,1.9402,3.0422,1.4067,1.6354
England E and NE,2040,10,October,2.1568,5.152,3.1359,2.0161
England E and NE,2040,11,November,1.7594,8.8005,7.0742,1.7264
England E and NE,2040,12,December,1.6242,8.9894,7.3718,1.6176
England E and NE,2041,1,January,1.2035,12.097,10.8936,1.2034
England E and NE,2041,2,February,1.8166,9.8003,7.9863,1.814
England E and NE,2041,3,March,0.8965,8.6271,7.731,0.8961
England E and NE,2041,4,April,0.6766,7.1186,6.4432,0.6755
England E and NE,2041,5,May,1.7295,4.1829,2.5987,1.5841
England E and NE,2041,6,June,2.4711,2.2953,0.5184,1.7769
England E and NE,2041,7,July,1.7702,1.4796,0.2546,1.225
England E and NE,2041,8,August,2.3509,1.225,0.0545,1.1705
England E and NE,2041,9,September,2.7448,3.0422,0.8991,2.1431
England E and NE,2041,10,October,2.2869,5.152,3.023,2.129
England E and NE,2041,11,November,1.9737,8.8005,6.8669,1.9336
England E and NE,2041,12,December,1.7755,8.9894,7.2218,1.7676
England E and NE,2042,1,January,1.9133,12.097,10.1841,1.9129
England E and NE,2042,2,February,1.9607,9.8003,7.8427,1.9576
England E and NE,2042,3,March,1.4657,8.6271,7.1623,1.4648
England E and NE,2042,4,April,1.4962,7.1186,5.6274,1.4913
England E and NE,2042,5,May,1.1119,4.1829,3.1413,1.0415
England E and NE,2042,6,June,1.7948,2.2953,0.8749,1.4204
England E and NE,2042,7,July,1.9828,1.4796,0.1838,1.2957
England E and NE,2042,8,August,2.1006,1.225,0.0899,1.1351
England E and NE,2042,9,September,2.5718,3.0422,0.9974,2.0447
England E and NE,2042,10,October,1.8247,5.152,3.43,1.7219
England E and NE,2042,11,November,1.6014,8.8005,7.2275,1.5731
England E and NE,2042,12,December,1.9143,8.9894,7.0844,1.905
England E and NE,2043,1,January,1.5471,12.097,10.5501,1.5469
England E and NE,2043,2,February,1.0219,9.8003,8.7793,1.021
England E and NE,2043,3,March,0.9943,8.6271,7.6332,0.9939
England E and NE,2043,4,April,1.5948,7.1186,5.5296,1.5891
England E and NE,2043,5,May,1.6382,4.1829,2.6768,1.5061
England E and NE,2043,6,June,2.0818,2.2953,0.7095,1.5858
England E and NE,2043,7,July,1.8803,1.4796,0.2159,1.2637
England E and NE,2043,8,August,2.5318,1.225,0.0368,1.1882
England E and NE,2043,9,September,2.453,3.0422,1.0685,1.9736
England E and NE,2043,10,October,1.8931,5.152,3.3688,1.7832
England E and NE,2043,11,November,1.5533,8.8005,7.2742,1.5263
England E and NE,2043,12,December,2.0228,8.9894,6.977,2.0124
England E and NE,2044,1,January,1.3385,12.097,10.7587,1.3384
England E and NE,2044,2,February,1.3501,9.8003,8.4516,1.3487
England E and NE,2044,3,March,1.6861,8.6271,6.9424,1.6847
England E and NE,2044,4,April,1.8014,7.1186,5.3249,1.7937
England E and NE,2044,5,May,1.6197,4.1829,2.6928,1.4901
England E and NE,2044,6,June,1.9967,2.2953,0.7565,1.5389
England E and NE,2044,7,July,2.5817,1.4796,0.0621,1.4175
England E and NE,2044,8,August,2.3993,1.225,0.0492,1.1758
England E and NE,2044,9,September,2.3864,3.0422,1.1096,1.9325
England E and NE,2044,10,October,2.6114,5.152,2.7478,2.4042
England E and NE,2044,11,November,1.9153,8.8005,6.9233,1.8772
England E and NE,2044,12,December,1.6146,8.9894,7.3814,1.6081
England E and NE,2045,1,January,1.9249,12.097,10.1725,1.9245
England E and NE,2045,2,February,1.4669,9.8003,8.335,1.4653
England E and NE,2045,3,March,1.1842,8.6271,7.4435,1.1836
England E and NE,2045,4,April,1.8268,7.1186,5.2998,1.8189
England E and NE,2045,5,May,2.0313,4.1829,2.3469,1.836
England E and NE,2045,6,June,2.1374,2.2953,0.6799,1.6154
England E and NE,2045,7,July,2.7867,1.4796,0.0403,1.4393
England E and NE,2045,8,August,2.3407,1.225,0.0557,1.1693
England E and NE,2045,9,September,2.3881,3.0422,1.1085,1.9336
England E and NE,2045,10,October,2.4701,5.152,2.8665,2.2855
England E and NE,2045,11,November,1.3852,8.8005,7.438,1.3626
England E and NE,2045,12,December,1.3176,8.9894,7.6763,1.3132
England E and NE,2046,1,January,1.6677,12.097,10.4296,1.6674
England E and NE,2046,2,February,1.628,9.8003,8.1744,1.6259
England E and NE,2046,3,March,1.2919,8.6271,7.3359,1.2912
England E and NE,2046,4,April,1.4599,7.1186,5.6635,1.4552
England E and NE,2046,5,May,1.8421,4.1829,2.5036,1.6793
England E and NE,2046,6,June,1.6099,2.2953,0.9922,1.3032
England E and NE,2046,7,July,2.1215,1.4796,0.1462,1.3333
England E and NE,2046,8,August,2.5706,1.225,0.0338,1.1912
England E and NE,2046,9,September,2.6545,3.0422,0.9497,2.0925
England E and NE,2046,10,October,2.7082,5.152,2.6676,2.4844
England E and NE,2046,11,November,2.0653,8.8005,6.7786,2.0219
England E and NE,2046,12,December,1.5994,8.9894,7.3965,1.593
England E and NE,2047,1,January,1.299,12.097,10.7982,1.2988
England E and NE,2047,2,February,1.5704,9.8003,8.2318,1.5685
England E and NE,2047,3,March,2.0535,8.6271,6.5759,2.0512
England E and NE,2047,4,April,2.2067,7.1186,4.9251,2.1936
England E and NE,2047,5,May,2.2994,4.1829,2.1317,2.0512
England E and NE,2047,6,June,2.0588,2.2953,0.722,1.5733
England E and NE,2047,7,July,1.9536,1.4796,0.1926,1.287
England E and NE,2047,8,August,2.5769,1.225,0.0333,1.1917
England E and NE,2047,9,September,2.7372,3.0422,0.9033,2.1389
England E and NE,2047,10,October,2.5038,5.152,2.838,2.314
England E and NE,2047,11,November,2.0524,8.8005,6.7911,2.0095
England E and NE,2047,12,December,1.3012,8.9894,7.6926,1.2968
England E and NE,2048,1,January,1.5925,12.097,10.5047,1.5923
England E and NE,2048,2,February,1.3163,9.8003,8.4853,1.315
England E and NE,2048,3,March,1.8255,8.6271,6.8033,1.8238
England E and NE,2048,4,April,1.4887,7.1186,5.6349,1.4838
England E and NE,2048,5,May,1.7337,4.1829,2.5951,1.5877
England E and NE,2048,6,June,2.1121,2.2953,0.6933,1.602
England E and NE,2048,7,July,1.8905,1.4796,0.2125,1.2671
England E and NE,2048,8,August,2.5901,1.225,0.0323,1.1927
England E and NE,2048,9,September,2.8274,3.0422,0.8542,2.1879
England E and NE,2048,10,October,2.9584,5.152,2.4648,2.6872
England E and NE,2048,11,November,1.9545,8.8005,6.8855,1.9151
England E and NE,2048,12,December,1.1249,8.9894,7.8679,1.1215
England E and NE,2049,1,January,2.4108,12.097,9.6869,2.4101
England E and NE,2049,2,February,1.9481,9.8003,7.8553,1.9451
England E and NE,2049,3,March,2.0187,8.6271,6.6107,2.0165
England E and NE,2049,4,April,1.7983,7.1186,5.328,1.7907
England E and NE,2049,5,May,2.2973,4.1829,2.1333,2.0495
England E and NE,2049,6,June,3.0228,2.2953,0.3119,1.9834
England E and NE,2049,7,July,2.7619,1.4796,0.0425,1.437
England E and NE,2049,8,August,2.9174,1.225,0.0146,1.2103
England E and NE,2049,9,September,2.8635,3.0422,0.8351,2.207
England E and NE,2049,10,October,2.4122,5.152,2.9156,2.2364
England E and NE,2049,11,November,2.4702,8.8005,6.3907,2.4099
England E and NE,2049,12,December,1.7971,8.9894,7.2004,1.789
England E and NE,2050,1,January,2.2269,12.097,9.8707,2.2263
England E and NE,2050,2,February,1.058,9.8003,8.7432,1.0571
England E and NE,2050,3,March,0.6819,8.6271,7.9454,0.6817
England E and NE,2050,4,April,1.9029,7.1186,5.2246,1.8941
England E and NE,2050,5,May,1.9259,4.1829,2.4337,1.7491
England E and NE,2050,6,June,2.1805,2.2953,0.6574,1.6379
England E and NE,2050,7,July,2.2574,1.4796,0.1154,1.3642
England E and NE,2050,8,August,2.8416,1.225,0.0177,1.2073
England E and NE,2050,9,September,3.4825,3.0422,0.5487,2.4935
England E and NE,2050,10,October,3.2608,5.152,2.2286,2.9234
England E and NE,2050,11,November,2.2929,8.8005,6.5601,2.2404
England E and NE,2050,12,December,2.2215,8.9894,6.7808,2.2087
England E and NE,2051,1,January,2.1231,12.097,9.9744,2.1226
England E and NE,2051,2,February,1.814,9.8003,7.9889,1.8114
England E and NE,2051,3,March,1.8024,8.6271,6.8263,1.8008
England E and NE,2051,4,April,1.2366,7.1186,5.8854,1.2333
England E and NE,2051,5,May,1.7377,4.1829,2.5918,1.5911
England E and NE,2051,6,June,2.8253,2.2953,0.3774,1.9179
England E and NE,2051,7,July,2.8489,1.4796,0.0351,1.4445
England E and NE,2051,8,August,3.3161,1.225,0.005,1.22
England E and NE,2051,9,September,2.5561,3.0422,1.0067,2.0354
England E and NE,2051,10,October,2.5892,5.152,2.7663,2.3857
England E and NE,2051,11,November,1.9801,8.8005,6.8608,1.9398
England E and NE,2051,12,December,1.583,8.9894,7.4127,1.5767
England E and NE,2052,1,January,1.9188,12.097,10.1786,1.9184
England E and NE,2052,2,February,1.5275,9.8003,8.2746,1.5257
England E and NE,2052,3,March,1.6844,8.6271,6.9441,1.6831
England E and NE,2052,4,April,1.9955,7.1186,5.1331,1.9855
England E and NE,2052,5,May,2.5154,4.1829,1.9648,2.2181
England E and NE,2052,6,June,2.7576,2.2953,0.402,1.8933
England E and NE,2052,7,July,3.1225,1.4796,0.0185,1.4611
England E and NE,2052,8,August,3.5299,1.225,0.0026,1.2224
England E and NE,2052,9,September,3.0788,3.0422,0.7265,2.3156
England E and NE,2052,10,October,3.2348,5.152,2.2485,2.9035
England E and NE,2052,11,November,2.8012,8.8005,6.0767,2.7238
England E and NE,2052,12,December,2.1168,8.9894,6.8842,2.1052
England E and NE,2053,1,January,1.9719,12.097,10.1255,1.9715
England E and NE,2053,2,February,1.4271,9.8003,8.3747,1.4256
England E and NE,2053,3,March,2.1462,8.6271,6.4835,2.1436
England E and NE,2053,4,April,2.4813,7.1186,4.6557,2.4629
England E and NE,2053,5,May,1.9354,4.1829,2.4258,1.757
England E and NE,2053,6,June,2.6022,2.2953,0.4626,1.8327
England E and NE,2053,7,July,3.1469,1.4796,0.0174,1.4622
England E and NE,2053,8,August,3.0437,1.225,0.0105,1.2144
England E and NE,2053,9,September,3.3023,3.0422,0.6239,2.4182
England E and NE,2053,10,October,2.6456,5.152,2.7193,2.4327
England E and NE,2053,11,November,2.2502,8.8005,6.601,2.1996
England E and NE,2053,12,December,1.2953,8.9894,7.6985,1.291
England E and NE,2054,1,January,1.8438,12.097,10.2536,1.8434
England E and NE,2054,2,February,0.5886,9.8003,9.2121,0.5882
England E and NE,2054,3,March,1.984,8.6271,6.6452,1.9819
England E and NE,2054,4,April,1.5536,7.1186,5.5704,1.5482
England E and NE,2054,5,May,2.6104,4.1829,1.8934,2.2895
England E and NE,2054,6,June,1.7628,2.2953,0.8947,1.4007
England E and NE,2054,7,July,3.0407,1.4796,0.0225,1.457
England E and NE,2054,8,August,2.9162,1.225,0.0147,1.2103
England E and NE,2054,9,September,2.6656,3.0422,0.9433,2.0988
England E and NE,2054,10,October,2.8878,5.152,2.5213,2.6307
England E and NE,2054,11,November,2.3236,8.8005,6.5308,2.2698
England E and NE,2054,12,December,2.2262,8.9894,6.7762,2.2133
England E and NE,2055,1,January,1.8304,12.097,10.267,1.8301
England E and NE,2055,2,February,2.2076,9.8003,7.5968,2.2035
England E and NE,2055,3,March,1.7607,8.6271,6.8679,1.7592
England E and NE,2055,4,April,1.8251,7.1186,5.3014,1.8172
England E and NE,2055,5,May,2.7372,4.1829,1.8,2.3829
England E and NE,2055,6,June,3.0063,2.2953,0.317,1.9783
England E and NE,2055,7,July,2.9691,1.4796,0.0267,1.4529
England E and NE,2055,8,August,2.9356,1.225,0.014,1.211
England E and NE,2055,9,September,3.0282,3.0422,0.7512,2.2909
England E and NE,2055,10,October,2.9344,5.152,2.4839,2.6681
England E and NE,2055,11,November,2.8351,8.8005,6.0447,2.7559
England E and NE,2055,12,December,2.6371,8.9894,6.3718,2.6176
England E and NE,2056,1,January,2.1794,12.097,9.9181,2.1789
England E and NE,2056,2,February,1.8697,9.8003,7.9333,1.867
England E and NE,2056,3,March,1.713,8.6271,6.9156,1.7115
England E and NE,2056,4,April,2.0314,7.1186,5.0978,2.0209
England E and NE,2056,5,May,2.1336,4.1829,2.2638,1.9191
England E and NE,2056,6,June,2.4394,2.2953,0.5325,1.7628
England E and NE,2056,7,July,3.4174,1.4796,0.0086,1.4709
England E and NE,2056,8,August,3.6765,1.225,0.0017,1.2233
England E and NE,2056,9,September,3.5641,3.0422,0.5167,2.5254
England E and NE,2056,10,October,3.2107,5.152,2.267,2.885
England E and NE,2056,11,November,3.0056,8.8005,5.8844,2.9162
England E and NE,2056,12,December,2.0789,8.9894,6.9216,2.0679
England E and NE,2057,1,January,1.6347,12.097,10.4626,1.6345
England E and NE,2057,2,February,2.2681,9.8003,7.5367,2.2636
England E and NE,2057,3,March,1.7457,8.6271,6.8829,1.7442
England E and NE,2057,4,April,1.7797,7.1186,5.3464,1.7723
England E and NE,2057,5,May,2.5747,4.1829,1.9201,2.2628
England E and NE,2057,6,June,3.5336,2.2953,0.1814,2.114
England E and NE,2057,7,July,3.3272,1.4796,0.011,1.4686
England E and NE,2057,8,August,3.4804,1.225,0.003,1.2219
England E and NE,2057,9,September,3.7069,3.0422,0.464,2.5781
England E and NE,2057,10,October,2.9677,5.152,2.4573,2.6947
England E and NE,2057,11,November,2.9848,8.8005,5.9039,2.8966
England E and NE,2057,12,December,2.6474,8.9894,6.3617,2.6277
England E and NE,2058,1,January,2.2048,12.097,9.8927,2.2043
England E and NE,2058,2,February,1.9806,9.8003,7.8229,1.9775
England E and NE,2058,3,March,1.5424,8.6271,7.0858,1.5413
England E and NE,2058,4,April,1.6489,7.1186,5.476,1.6427
England E and NE,2058,5,May,2.5625,4.1829,1.9292,2.2536
England E and NE,2058,6,June,2.6803,2.2953,0.4314,1.8639
England E and NE,2058,7,July,3.1513,1.4796,0.0172,1.4624
England E and NE,2058,8,August,3.949,1.225,0.0007,1.2243
England E and NE,2058,9,September,3.4318,3.0422,0.5692,2.473
England E and NE,2058,10,October,3.4388,5.152,2.0947,3.0573
England E and NE,2058,11,November,3.1036,8.8005,5.7926,3.0079
England E and NE,2058,12,December,2.5192,8.9894,6.4876,2.5018
England E and NE,2059,1,January,1.6947,12.097,10.4026,1.6945
England E and NE,2059,2,February,1.9149,9.8003,7.8883,1.912
England E and NE,2059,3,March,2.5101,8.6271,6.1214,2.5057
England E and NE,2059,4,April,2.044,7.1186,5.0853,2.0333
England E and NE,2059,5,May,2.1829,4.1829,2.2241,1.9587
England E and NE,2059,6,June,2.3582,2.2953,0.5699,1.7255
England E and NE,2059,7,July,3.3731,1.4796,0.0097,1.4698
England E and NE,2059,8,August,3.2669,1.225,0.0057,1.2193
England E and NE,2059,9,September,3.7521,3.0422,0.4481,2.594
England E and NE,2059,10,October,3.6152,5.152,1.9657,3.1862
England E and NE,2059,11,November,2.8702,8.8005,6.0116,2.7889
England E and NE,2059,12,December,2.7501,8.9894,6.261,2.7284
England E and NE,2060,1,January,2.3683,12.097,9.7294,2.3677
England E and NE,2060,2,February,2.5495,9.8003,7.257,2.5434
England E and NE,2060,3,March,2.0243,8.6271,6.605,2.0221
England E and NE,2060,4,April,2.1427,7.1186,4.9881,2.1306
England E and NE,2060,5,May,2.4467,4.1829,2.0172,2.1657
England E and NE,2060,6,June,3.5346,2.2953,0.1812,2.1141
England E and NE,2060,7,July,3.8515,1.4796,0.0025,1.4771
England E and NE,2060,8,August,3.9462,1.225,0.0007,1.2243
England E and NE,2060,9,September,3.4336,3.0422,0.5685,2.4737
England E and NE,2060,10,October,3.1587,5.152,2.3072,2.8448
England E and NE,2060,11,November,2.7749,8.8005,6.1016,2.699
England E and NE,2060,12,December,2.0526,8.9894,6.9476,2.0418
England E and NE,2061,1,January,2.2393,12.097,9.8583,2.2388
England E and NE,2061,2,February,1.8601,9.8003,7.943,1.8573
England E and NE,2061,3,March,1.7129,8.6271,6.9157,1.7114
England E and NE,2061,4,April,2.1419,7.1186,4.9888,2.1298
England E and NE,2061,5,May,2.8057,4.1829,1.7505,2.4324
England E and NE,2061,6,June,2.8079,2.2953,0.3837,1.9117
England E and NE,2061,7,July,2.9976,1.4796,0.025,1.4546
England E and NE,2061,8,August,3.6053,1.225,0.0021,1.2229
England E and NE,2061,9,September,3.6134,3.0422,0.4981,2.5441
England E and NE,2061,10,October,3.5674,5.152,2.0003,3.1517
England E and NE,2061,11,November,3.0039,8.8005,5.886,2.9146
England E and NE,2061,12,December,3.032,8.9894,5.9856,3.0038
England E and NE,2062,1,January,2.4959,12.097,9.6019,2.4952
England E and NE,2062,2,February,2.0435,9.8003,7.7602,2.0401
England E and NE,2062,3,March,2.1144,8.6271,6.5152,2.1119
England E and NE,2062,4,April,2.437,7.1186,4.6991,2.4196
England E and NE,2062,5,May,2.2487,4.1829,2.1717,2.0112
England E and NE,2062,6,June,3.4411,2.2953,0.2011,2.0942
England E and NE,2062,7,July,3.4643,1.4796,0.0076,1.472
England E and NE,2062,8,August,4.0384,1.225,0.0005,1.2245
England E and NE,2062,9,September,4.3995,3.0422,0.2617,2.7804
England E and NE,2062,10,October,3.3966,5.152,2.1261,3.0259
England E and NE,2062,11,November,3.2156,8.8005,5.6883,3.1123
England E and NE,2062,12,December,2.452,8.9894,6.5536,2.4358
England E and NE,2063,1,January,2.1029,12.097,9.9946,2.1024
England E and NE,2063,2,February,1.839,9.8003,7.964,1.8363
England E and NE,2063,3,March,1.8567,8.6271,6.7722,1.8549
England E and NE,2063,4,April,2.2283,7.1186,4.9038,2.2148
England E and NE,2063,5,May,2.0364,4.1829,2.3426,1.8402
England E and NE,2063,6,June,3.7167,2.2953,0.1467,2.1486
England E and NE,2063,7,July,3.4557,1.4796,0.0078,1.4718
England E and NE,2063,8,August,4.601,1.225,0.0001,1.2249
England E and NE,2063,9,September,3.8875,3.0422,0.4029,2.6392
England E and NE,2063,10,October,4.2085,5.152,1.5627,3.5893
England E and NE,2063,11,November,2.5632,8.8005,6.3022,2.4983
England E and NE,2063,12,December,2.8233,8.9894,6.1894,2.8001
England E and NE,2064,1,January,3.0314,12.097,9.0671,3.0299
England E and NE,2064,2,February,2.4042,9.8003,7.4013,2.399
England E and NE,2064,3,March,2.0679,8.6271,6.5616,2.0655
England E and NE,2064,4,April,1.6112,7.1186,5.5134,1.6053
England E and NE,2064,5,May,2.3435,4.1829,2.0971,2.0858
England E and NE,2064,6,June,3.4493,2.2953,0.1993,2.096
England E and NE,2064,7,July,4.0677,1.4796,0.0012,1.4783
England E and NE,2064,8,August,4.5106,1.225,0.0001,1.2249
England E and NE,2064,9,September,3.7233,3.0422,0.4582,2.584
England E and NE,2064,10,October,3.7486,5.152,1.871,3.281
England E and NE,2064,11,November,3.504,8.8005,5.4214,3.3791
England E and NE,2064,12,December,3.0012,8.9894,6.0156,2.9738
England E and NE,2065,1,January,2.0372,12.097,10.0602,2.0368
England E and NE,2065,2,February,1.6341,9.8003,8.1683,1.632
England E and NE,2065,3,March,2.2236,8.6271,6.4065,2.2206
England E and NE,2065,4,April,1.4674,7.1186,5.656,1.4626
England E and NE,2065,5,May,2.6126,4.1829,1.8918,2.2911
England E and NE,2065,6,June,3.1867,2.2953,0.2641,2.0312
England E and NE,2065,7,July,4.2886,1.4796,0.0006,1.479
England E and NE,2065,8,August,4.4184,1.225,0.0001,1.2249
England E and NE,2065,9,September,4.1921,3.0422,0.3135,2.7287
England E and NE,2065,10,October,4.2502,5.152,1.5362,3.6158
England E and NE,2065,11,November,2.7808,8.8005,6.0959,2.7046
England E and NE,2065,12,December,2.8469,8.9894,6.1663,2.8232
England E and NE,2066,1,January,1.7794,12.097,10.318,1.7791
England E and NE,2066,2,February,2.3354,9.8003,7.4698,2.3305
England E and NE,2066,3,March,2.0376,8.6271,6.5918,2.0353
England E and NE,2066,4,April,2.1573,7.1186,4.9737,2.145
England E and NE,2066,5,May,2.8396,4.1829,1.7263,2.4566
England E and NE,2066,6,June,3.321,2.2953,0.2293,2.0661
England E and NE,2066,7,July,3.9739,1.4796,0.0017,1.4779
England E and NE,2066,8,August,4.0959,1.225,0.0004,1.2246
England E and NE,2066,9,September,3.9402,3.0422,0.3863,2.6559
England E and NE,2066,10,October,3.5115,5.152,2.0411,3.1109
England E and NE,2066,11,November,3.065,8.8005,5.8288,2.9718
England E and NE,2066,12,December,2.8009,8.9894,6.2113,2.7781
England E and NE,2067,1,January,2.4371,12.097,9.6607,2.4364
England E and NE,2067,2,February,2.4032,9.8003,7.4023,2.398
England E and NE,2067,3,March,2.1944,8.6271,6.4356,2.1915
England E and NE,2067,4,April,2.1144,7.1186,5.016,2.1027
England E and NE,2067,5,May,2.8877,4.1829,1.6921,2.4908
England E and NE,2067,6,June,3.5156,2.2953,0.1851,2.1102
England E and NE,2067,7,July,3.6127,1.4796,0.005,1.4746
England E and NE,2067,8,August,4.6782,1.225,0.0,1.2249
England E and NE,2067,9,September,4.2103,3.0422,0.3086,2.7335
England E and NE,2067,10,October,3.5251,5.152,2.0311,3.1209
England E and NE,2067,11,November,3.1193,8.8005,5.778,3.0226
England E and NE,2067,12,December,2.8252,8.9894,6.1875,2.8019
England E and NE,2068,1,January,3.1248,12.097,8.9738,3.1232
England E and NE,2068,2,February,2.9889,9.8003,6.8213,2.9791
England E and NE,2068,3,March,2.2321,8.6271,6.398,2.2291
England E and NE,2068,4,April,2.2601,7.1186,4.8726,2.2461
England E and NE,2068,5,May,2.7259,4.1829,1.8082,2.3747
England E and NE,2068,6,June,3.3641,2.2953,0.2189,2.0765
England E and NE,2068,7,July,3.7526,1.4796,0.0033,1.4762
England E and NE,2068,8,August,4.8033,1.225,0.0,1.225
England E and NE,2068,9,September,4.2353,3.0422,0.3021,2.74
England E and NE,2068,10,October,3.9564,5.152,1.728,3.424
England E and NE,2068,11,November,3.0596,8.8005,5.8338,2.9667
England E and NE,2068,12,December,3.0826,8.9894,5.9363,3.0531
England E and NE,2069,1,January,2.6375,12.097,9.4604,2.6366
England E and NE,2069,2,February,1.5727,9.8003,8.2295,1.5708
England E and NE,2069,3,March,1.3789,8.6271,7.249,1.3781
England E and NE,2069,4,April,2.5137,7.1186,4.6241,2.4945
England E and NE,2069,5,May,3.128,4.1829,1.5269,2.656
England E and NE,2069,6,June,3.1437,2.2953,0.2761,2.0192
England E and NE,2069,7,July,3.9835,1.4796,0.0016,1.4779
England E and NE,2069,8,August,4.4068,1.225,0.0001,1.2249
England E and NE,2069,9,September,4.061,3.0422,0.35,2.6922
England E and NE,2069,10,October,2.5883,5.152,2.7671,2.3849
England E and NE,2069,11,November,3.1852,8.8005,5.7165,3.084
England E and NE,2069,12,December,2.9664,8.9894,6.0496,2.9399
England E and NE,2070,1,January,2.9282,12.097,9.1701,2.9269
England E and NE,2070,2,February,2.4974,9.8003,7.3087,2.4916
England E and NE,2070,3,March,2.1824,8.6271,6.4475,2.1796
England E and NE,2070,4,April,2.0629,7.1186,5.0667,2.052
England E and NE,2070,5,May,2.2824,4.1829,2.145,2.0378
England E and NE,2070,6,June,2.948,2.2953,0.3357,1.9597
England E and NE,2070,7,July,4.1121,1.4796,0.0011,1.4785
England E and NE,2070,8,August,4.5992,1.225,0.0001,1.2249
England E and NE,2070,9,September,4.25,3.0422,0.2983,2.7438
England E and NE,2070,10,October,3.9831,5.152,1.7101,3.4419
England E and NE,2070,11,November,3.8384,8.8005,5.1162,3.6843
England E and NE,2070,12,December,3.4208,8.9894,5.6084,3.3811
England E and NE,2071,1,January,3.1213,12.097,8.9774,3.1197
England E and NE,2071,2,February,2.1172,9.8003,7.6868,2.1135
England E and NE,2071,3,March,2.4066,8.6271,6.2243,2.4028
England E and NE,2071,4,April,2.9817,7.1186,4.1698,2.9488
England E and NE,2071,5,May,3.2987,4.1829,1.4149,2.768
England E and NE,2071,6,June,4.5552,2.2953,0.0489,2.2464
England E and NE,2071,7,July,3.8998,1.4796,0.0021,1.4774
England E and NE,2071,8,August,4.7893,1.225,0.0,1.225
England E and NE,2071,9,September,4.4829,3.0422,0.2429,2.7993
England E and NE,2071,10,October,4.0926,5.152,1.6376,3.5144
England E and NE,2071,11,November,4.0023,8.8005,4.9685,3.8321
England E and NE,2071,12,December,2.7654,8.9894,6.246,2.7434
England E and NE,2072,1,January,2.5337,12.097,9.5641,2.5329
England E and NE,2072,2,February,2.8715,9.8003,6.9375,2.8629
England E and NE,2072,3,March,3.0058,8.6271,5.6295,2.9976
England E and NE,2072,4,April,2.045,7.1186,5.0843,2.0343
England E and NE,2072,5,May,2.1889,4.1829,2.2193,1.9636
England E and NE,2072,6,June,3.994,2.2953,0.1045,2.1909
England E and NE,2072,7,July,4.7734,1.4796,0.0001,1.4795
England E and NE,2072,8,August,5.612,1.225,0.0,1.225
England E and NE,2072,9,September,4.6703,3.0422,0.2043,2.8378
England E and NE,2072,10,October,4.5515,5.152,1.3525,3.7995
England E and NE,2072,11,November,3.5205,8.8005,5.4063,3.3943
England E and NE,2072,12,December,3.3381,8.9894,5.6884,3.3011
England E and NE,2073,1,January,2.1931,12.097,9.9045,2.1926
England E and NE,2073,2,February,2.3763,9.8003,7.4291,2.3713
England E and NE,2073,3,March,3.3615,8.6271,5.2782,3.3489
England E and NE,2073,4,April,2.5028,7.1186,4.6348,2.4838
England E and NE,2073,5,May,3.7504,4.1829,1.1415,3.0414
England E and NE,2073,6,June,3.2227,2.2953,0.2544,2.0409
England E and NE,2073,7,July,3.8301,1.4796,0.0026,1.4769
England E and NE,2073,8,August,4.6517,1.225,0.0,1.2249
England E and NE,2073,9,September,4.4377,3.0422,0.253,2.7892
England E and NE,2073,10,October,4.6643,5.152,1.2871,3.8649
England E and NE,2073,11,November,3.5287,8.8005,5.3988,3.4017
England E and NE,2073,12,December,3.1102,8.9894,5.9094,3.08
England E and NE,2074,1,January,2.9648,12.097,9.1336,2.9635
England E and NE,2074,2,February,2.9104,9.8003,6.8989,2.9014
England E and NE,2074,3,March,2.5164,8.6271,6.1151,2.512
England E and NE,2074,4,April,2.6895,7.1186,4.4527,2.6659
England E and NE,2074,5,May,2.964,4.1829,1.6387,2.5442
England E and NE,2074,6,June,3.2368,2.2953,0.2507,2.0446
England E and NE,2074,7,July,3.8044,1.4796,0.0029,1.4767
England E and NE,2074,8,August,4.4323,1.225,0.0001,1.2249
England E and NE,2074,9,September,3.9841,3.0422,0.3728,2.6694
England E and NE,2074,10,October,4.3019,5.152,1.5037,3.6483
England E and NE,2074,11,November,3.8541,8.8005,5.1021,3.6985
England E and NE,2074,12,December,3.1842,8.9894,5.8376,3.1519
England E and NE,2075,1,January,2.6933,12.097,9.4047,2.6923
England E and NE,2075,2,February,2.3286,9.8003,7.4765,2.3238
England E and NE,2075,3,March,3.0359,8.6271,5.5997,3.0274
England E and NE,2075,4,April,2.388,7.1186,4.7471,2.3715
England E and NE,2075,5,May,3.1402,4.1829,1.5187,2.6642
England E and NE,2075,6,June,3.6183,2.2953,0.1646,2.1307
England E and NE,2075,7,July,4.9702,1.4796,0.0,1.4795
England E and NE,2075,8,August,5.5064,1.225,0.0,1.225
England E and NE,2075,9,September,5.0071,3.0422,0.1473,2.8949
England E and NE,2075,10,October,4.6233,5.152,1.3107,3.8413
England E and NE,2075,11,November,3.8706,8.8005,5.0871,3.7134
England E and NE,2075,12,December,3.3539,8.9894,5.6731,3.3164
England E and NE,2076,1,January,3.149,12.097,8.9496,3.1474
England E and NE,2076,2,February,2.3985,9.8003,7.407,2.3933
England E and NE,2076,3,March,3.2309,8.6271,5.407,3.2202
England E and NE,2076,4,April,3.1335,7.1186,4.024,3.0947
England E and NE,2076,5,May,3.553,4.1829,1.2568,2.926
England E and NE,2076,6,June,3.8898,2.2953,0.119,2.1763
England E and NE,2076,7,July,5.1795,1.4796,0.0,1.4796
England E and NE,2076,8,August,5.7642,1.225,0.0,1.225
England E and NE,2076,9,September,4.9994,3.0422,0.1484,2.8937
England E and NE,2076,10,October,4.2955,5.152,1.5078,3.6442
England E and NE,2076,11,November,3.7118,8.8005,5.2313,3.5693
England E and NE,2076,12,December,3.5895,8.9894,5.4458,3.5437
England E and NE,2077,1,January,2.6656,12.097,9.4323,2.6647
England E and NE,2077,2,February,2.7639,9.8003,7.0441,2.7562
England E and NE,2077,3,March,2.6405,8.6271,5.9918,2.6353
England E and NE,2077,4,April,2.7024,7.1186,4.4402,2.6784
England E and NE,2077,5,May,2.8122,4.1829,1.7458,2.4371
England E and NE,2077,6,June,3.4179,2.2953,0.2064,2.0889
England E and NE,2077,7,July,4.6751,1.4796,0.0001,1.4794
England E and NE,2077,8,August,5.3415,1.225,0.0,1.225
England E and NE,2077,9,September,4.4261,3.0422,0.2556,2.7866
England E and NE,2077,10,October,4.4419,5.152,1.4177,3.7343
England E and NE,2077,11,November,3.6868,8.8005,5.2541,3.5465
England E and NE,2077,12,December,3.4417,8.9894,5.5881,3.4013
England E and NE,2078,1,January,2.4703,12.097,9.6274,2.4696
England E and NE,2078,2,February,2.5167,9.8003,7.2895,2.5108
England E and NE,2078,3,March,2.6926,8.6271,5.94,2.6871
England E and NE,2078,4,April,2.8468,7.1186,4.3001,2.8186
England E and NE,2078,5,May,3.1265,4.1829,1.5278,2.655
England E and NE,2078,6,June,4.1295,2.2953,0.0878,2.2076
England E and NE,2078,7,July,4.9952,1.4796,0.0,1.4795
England E and NE,2078,8,August,5.6465,1.225,0.0,1.225
England E and NE,2078,9,September,5.0514,3.0422,0.1408,2.9013
England E and NE,2078,10,October,4.6447,5.152,1.2983,3.8537
England E and NE,2078,11,November,3.9112,8.8005,5.0504,3.7501
England E and NE,2078,12,December,3.2939,8.9894,5.7311,3.2583
England E and NE,2079,1,January,3.0597,12.097,9.0388,3.0583
England E and NE,2079,2,February,3.4083,9.8003,6.407,3.3933
England E and NE,2079,3,March,3.0198,8.6271,5.6157,3.0114
England E and NE,2079,4,April,3.0819,7.1186,4.0734,3.0452
England E and NE,2079,5,May,3.8107,4.1829,1.1075,3.0754
England E and NE,2079,6,June,4.2148,2.2953,0.0784,2.2169
England E and NE,2079,7,July,4.9272,1.4796,0.0001,1.4795
England E and NE,2079,8,August,6.0826,1.225,0.0,1.225
England E and NE,2079,9,September,4.9944,3.0422,0.1492,2.893
England E and NE,2079,10,October,4.7709,5.152,1.2271,3.9249
England E and NE,2079,11,November,4.3978,8.8005,4.6172,4.1833
England E and NE,2079,12,December,3.3747,8.9894,5.6529,3.3365
England E and NE,2080,1,January,3.1719,12.097,8.9268,3.1703
England E and NE,2080,2,February,2.7197,9.8003,7.088,2.7123
England E and NE,2080,3,March,2.6602,8.6271,5.9722,2.6549
England E and NE,2080,4,April,2.966,7.1186,4.185,2.9336
England E and NE,2080,5,May,3.0645,4.1829,1.5696,2.6132
England E and NE,2080,6,June,4.2224,2.2953,0.0776,2.2177
England E and NE,2080,7,July,5.4924,1.4796,0.0,1.4796
England E and NE,2080,8,August,5.5758,1.225,0.0,1.225
England E and NE,2080,9,September,4.7174,3.0422,0.1954,2.8467
England E and NE,2080,10,October,5.22,5.152,0.9935,4.1585
England E and NE,2080,11,November,4.4846,8.8005,4.5412,4.2594
England NW and N Wales,2026,1,January,-0.0737,11.3743,11.448,-0.0737
England NW and N Wales,2026,2,February,0.6632,9.0717,8.4093,0.6624
England NW and N Wales,2026,3,March,1.1375,7.5195,6.3841,1.1354
England NW and N Wales,2026,4,April,0.8569,5.6534,4.8007,0.8528
England NW and N Wales,2026,5,May,1.4061,3.0043,1.7883,1.216
England NW and N Wales,2026,6,June,1.2132,1.6599,0.7857,0.8742
England NW and N Wales,2026,7,July,1.1745,0.9556,0.2339,0.7216
England NW and N Wales,2026,8,August,1.5027,0.875,0.1019,0.7731
England NW and N Wales,2026,9,September,1.8599,2.2197,0.912,1.3077
England NW and N Wales,2026,10,October,1.5429,4.1987,2.7708,1.4279
England NW and N Wales,2026,11,November,1.1806,8.1064,6.9563,1.1501
England NW and N Wales,2026,12,December,0.4733,8.4037,7.931,0.4727
England NW and N Wales,2027,1,January,0.6904,11.3743,10.6843,0.69
England NW and N Wales,2027,2,February,0.6166,9.0717,8.4558,0.6158
England NW and N Wales,2027,3,March,1.1052,7.5195,6.4163,1.1032
England NW and N Wales,2027,4,April,1.0515,5.6534,4.608,1.0455
England NW and N Wales,2027,5,May,0.9955,3.0043,2.1204,0.8839
England NW and N Wales,2027,6,June,1.5706,1.6599,0.5943,1.0656
England NW and N Wales,2027,7,July,0.8374,0.9556,0.383,0.5726
England NW and N Wales,2027,8,August,1.7551,0.875,0.0593,0.8157
England NW and N Wales,2027,9,September,1.4995,2.2197,1.1184,1.1013
England NW and N Wales,2027,10,October,1.0978,4.1987,3.1672,1.0315
England NW and N Wales,2027,11,November,1.3544,8.1064,6.7891,1.3173
England NW and N Wales,2027,12,December,1.8391,8.4037,6.5708,1.8329
England NW and N Wales,2028,1,January,0.5499,11.3743,10.8247,0.5496
England NW and N Wales,2028,2,February,1.1139,9.0717,7.9597,1.112
England NW and N Wales,2028,3,March,0.7146,7.5195,6.8058,0.7137
England NW and N Wales,2028,4,April,0.4369,5.6534,5.218,0.4354
England NW and N Wales,2028,5,May,1.3977,3.0043,1.7949,1.2094
England NW and N Wales,2028,6,June,1.3998,1.6599,0.6817,0.9782
England NW and N Wales,2028,7,July,1.6391,0.9556,0.103,0.8525
England NW and N Wales,2028,8,August,1.3878,0.875,0.1279,0.7471
England NW and N Wales,2028,9,September,1.3663,2.2197,1.201,1.0187
England NW and N Wales,2028,10,October,1.8944,4.1987,2.4702,1.7285
England NW and N Wales,2028,11,November,1.4939,8.1064,6.6554,1.451
England NW and N Wales,2028,12,December,1.2948,8.4037,7.1119,1.2918
England NW and N Wales,2029,1,January,0.7258,11.3743,10.6489,0.7254
England NW and N Wales,2029,2,February,0.4391,9.0717,8.633,0.4386
England NW and N Wales,2029,3,March,0.8332,7.5195,6.6875,0.832
England NW and N Wales,2029,4,April,1.4618,5.6534,4.2035,1.45
England NW and N Wales,2029,5,May,1.0684,3.0043,2.0598,0.9445
England NW and N Wales,2029,6,June,1.9958,1.6599,0.4094,1.2505
England NW and N Wales,2029,7,July,1.718,0.9556,0.0881,0.8675
England NW and N Wales,2029,8,August,1.76,0.875,0.0586,0.8163
England NW and N Wales,2029,9,September,1.1346,2.2197,1.3524,0.8674
England NW and N Wales,2029,10,October,1.0897,4.1987,3.1746,1.0241
England NW and N Wales,2029,11,November,1.0811,8.1064,7.0523,1.0541
England NW and N Wales,2029,12,December,1.309,8.4037,7.0977,1.306
England NW and N Wales,2030,1,January,1.1695,11.3743,10.2056,1.1687
England NW and N Wales,2030,2,February,1.0886,9.0717,7.9848,1.0868
England NW and N Wales,2030,3,March,1.0118,7.5195,6.5094,1.0101
England NW and N Wales,2030,4,April,0.801,5.6534,4.8561,0.7973
England NW and N Wales,2030,5,May,1.3051,3.0043,1.8678,1.1365
England NW and N Wales,2030,6,June,0.8371,1.6599,1.022,0.6379
England NW and N Wales,2030,7,July,1.7316,0.9556,0.0857,0.8699
England NW and N Wales,2030,8,August,1.8007,0.875,0.0534,0.8216
England NW and N Wales,2030,9,September,1.2956,2.2197,1.2461,0.9736
England NW and N Wales,2030,10,October,1.2015,4.1987,3.0735,1.1252
England NW and N Wales,2030,11,November,1.0625,8.1064,7.0704,1.036
England NW and N Wales,2030,12,December,1.148,8.4037,7.2581,1.1456
England NW and N Wales,2031,1,January,1.1669,11.3743,10.2081,1.1661
England NW and N Wales,2031,2,February,0.5324,9.0717,8.5399,0.5318
England NW and N Wales,2031,3,March,1.1859,7.5195,6.3358,1.1837
England NW and N Wales,2031,4,April,0.8429,5.6534,4.8146,0.8388
England NW and N Wales,2031,5,May,1.5324,3.0043,1.691,1.3133
England NW and N Wales,2031,6,June,0.5926,1.6599,1.1935,0.4664
England NW and N Wales,2031,7,July,1.4371,0.9556,0.1503,0.8053
England NW and N Wales,2031,8,August,1.5407,0.875,0.0943,0.7807
England NW and N Wales,2031,9,September,2.097,2.2197,0.7901,1.4297
England NW and N Wales,2031,10,October,1.5817,4.1987,2.737,1.4617
England NW and N Wales,2031,11,November,1.1333,8.1064,7.002,1.1044
England NW and N Wales,2031,12,December,2.0685,8.4037,6.3434,2.0603
England NW and N Wales,2032,1,January,0.9281,11.3743,10.4467,0.9276
England NW and N Wales,2032,2,February,0.4195,9.0717,8.6526,0.419
England NW and N Wales,2032,3,March,0.5587,7.5195,6.9615,0.558
England NW and N Wales,2032,4,April,0.6769,5.6534,4.9794,0.674
England NW and N Wales,2032,5,May,1.4033,3.0043,1.7905,1.2138
England NW and N Wales,2032,6,June,1.2399,1.6599,0.7703,0.8896
England NW and N Wales,2032,7,July,2.1329,0.9556,0.0354,0.9202
England NW and N Wales,2032,8,August,1.4315,0.875,0.1175,0.7575
England NW and N Wales,2032,9,September,1.9349,2.2197,0.8723,1.3474
England NW and N Wales,2032,10,October,1.6024,4.1987,2.7191,1.4796
England NW and N Wales,2032,11,November,0.4817,8.1064,7.6345,0.4718
England NW and N Wales,2032,12,December,0.7841,8.4037,7.6209,0.7828
England NW and N Wales,2033,1,January,1.1363,11.3743,10.2388,1.1355
England NW and N Wales,2033,2,February,0.8338,9.0717,8.2391,0.8326
England NW and N Wales,2033,3,March,0.7875,7.5195,6.7331,0.7864
England NW and N Wales,2033,4,April,1.2893,5.6534,4.3732,1.2803
England NW and N Wales,2033,5,May,1.1432,3.0043,1.9983,1.006
England NW and N Wales,2033,6,June,2.7073,1.6599,0.197,1.4629
England NW and N Wales,2033,7,July,1.7105,0.9556,0.0894,0.8661
England NW and N Wales,2033,8,August,2.5177,0.875,0.0079,0.8671
England NW and N Wales,2033,9,September,1.5945,2.2197,1.0616,1.1581
England NW and N Wales,2033,10,October,1.6691,4.1987,2.6615,1.5372
England NW and N Wales,2033,11,November,1.5241,8.1064,6.6266,1.4798
England NW and N Wales,2033,12,December,1.0001,8.4037,7.4055,0.9982
England NW and N Wales,2034,1,January,-0.1258,11.3743,11.5001,-0.1258
England NW and N Wales,2034,2,February,0.3648,9.0717,8.7073,0.3644
England NW and N Wales,2034,3,March,0.9844,7.5195,6.5367,0.9828
England NW and N Wales,2034,4,April,1.1299,5.6534,4.5304,1.123
England NW and N Wales,2034,5,May,1.8007,3.0043,1.4927,1.5116
England NW and N Wales,2034,6,June,1.4913,1.6599,0.6339,1.026
England NW and N Wales,2034,7,July,1.4899,0.9556,0.1366,0.8189
England NW and N Wales,2034,8,August,2.0251,0.875,0.031,0.8439
England NW and N Wales,2034,9,September,1.7962,2.2197,0.9467,1.273
England NW and N Wales,2034,10,October,1.9803,4.1987,2.3987,1.8
England NW and N Wales,2034,11,November,1.2252,8.1064,6.9134,1.193
England NW and N Wales,2034,12,December,1.0063,8.4037,7.3993,1.0045
England NW and N Wales,2035,1,January,1.1789,11.3743,10.1963,1.178
England NW and N Wales,2035,2,February,1.2057,9.0717,7.8681,1.2036
England NW and N Wales,2035,3,March,1.3296,7.5195,6.1928,1.3267
England NW and N Wales,2035,4,April,1.0244,5.6534,4.6347,1.0187
England NW and N Wales,2035,5,May,1.3708,3.0043,1.816,1.1884
England NW and N Wales,2035,6,June,1.213,1.6599,0.7858,0.8741
England NW and N Wales,2035,7,July,1.4087,0.9556,0.1581,0.7975
England NW and N Wales,2035,8,August,1.9107,0.875,0.0412,0.8338
England NW and N Wales,2035,9,September,1.371,2.2197,1.198,1.0217
England NW and N Wales,2035,10,October,1.4676,4.1987,2.8367,1.362
England NW and N Wales,2035,11,November,1.451,8.1064,6.6965,1.4099
England NW and N Wales,2035,12,December,1.0677,8.4037,7.3382,1.0656
England NW and N Wales,2036,1,January,1.1446,11.3743,10.2304,1.1439
England NW and N Wales,2036,2,February,1.6634,9.0717,7.4123,1.6594
England NW and N Wales,2036,3,March,1.1566,7.5195,6.365,1.1544
England NW and N Wales,2036,4,April,1.2087,5.6534,4.4526,1.2008
England NW and N Wales,2036,5,May,1.2485,3.0043,1.913,1.0913
England NW and N Wales,2036,6,June,2.2985,1.6599,0.3051,1.3548
England NW and N Wales,2036,7,July,1.2211,0.9556,0.2171,0.7384
England NW and N Wales,2036,8,August,2.1154,0.875,0.0246,0.8504
England NW and N Wales,2036,9,September,2.4377,2.2197,0.634,1.5857
England NW and N Wales,2036,10,October,1.7443,4.1987,2.5971,1.6016
England NW and N Wales,2036,11,November,2.0181,8.1064,6.1573,1.9491
England NW and N Wales,2036,12,December,0.3376,8.4037,8.0665,0.3372
England NW and N Wales,2037,1,January,0.26,11.3743,11.1144,0.2599
England NW and N Wales,2037,2,February,0.8506,9.0717,8.2222,0.8494
England NW and N Wales,2037,3,March,1.291,7.5195,6.2312,1.2883
England NW and N Wales,2037,4,April,1.7863,5.6534,3.8863,1.7671
England NW and N Wales,2037,5,May,1.0513,3.0043,2.074,0.9304
England NW and N Wales,2037,6,June,1.379,1.6599,0.6928,0.9671
England NW and N Wales,2037,7,July,1.5893,0.9556,0.1134,0.8421
England NW and N Wales,2037,8,August,1.9453,0.875,0.0379,0.8371
England NW and N Wales,2037,9,September,1.7287,2.2197,0.9843,1.2354
England NW and N Wales,2037,10,October,1.8461,4.1987,2.5108,1.6879
England NW and N Wales,2037,11,November,1.8593,8.1064,6.3074,1.799
England NW and N Wales,2037,12,December,1.5607,8.4037,6.8474,1.5564
England NW and N Wales,2038,1,January,1.4055,11.3743,9.9699,1.4044
England NW and N Wales,2038,2,February,1.1793,9.0717,7.8944,1.1772
England NW and N Wales,2038,3,March,1.0349,7.5195,6.4863,1.0332
England NW and N Wales,2038,4,April,1.5641,5.6534,4.1032,1.5502
England NW and N Wales,2038,5,May,1.7134,3.0043,1.556,1.4484
England NW and N Wales,2038,6,June,1.9052,1.6599,0.4449,1.215
England NW and N Wales,2038,7,July,2.1717,0.9556,0.0322,0.9233
England NW and N Wales,2038,8,August,2.0303,0.875,0.0306,0.8443
England NW and N Wales,2038,9,September,1.9896,2.2197,0.8439,1.3758
England NW and N Wales,2038,10,October,2.6396,4.1987,1.8789,2.3198
England NW and N Wales,2038,11,November,1.5684,8.1064,6.5842,1.5222
England NW and N Wales,2038,12,December,1.7817,8.4037,6.6278,1.776
England NW and N Wales,2039,1,January,1.1499,11.3743,10.2252,1.1491
England NW and N Wales,2039,2,February,0.3398,9.0717,8.7322,0.3395
England NW and N Wales,2039,3,March,1.1549,7.5195,6.3667,1.1528
England NW and N Wales,2039,4,April,1.4144,5.6534,4.2501,1.4033
England NW and N Wales,2039,5,May,1.5355,3.0043,1.6886,1.3157
England NW and N Wales,2039,6,June,1.5355,1.6599,0.6116,1.0483
England NW and N Wales,2039,7,July,1.8089,0.9556,0.0731,0.8825
England NW and N Wales,2039,8,August,2.6532,0.875,0.0052,0.8698
England NW and N Wales,2039,9,September,2.0428,2.2197,0.8169,1.4028
England NW and N Wales,2039,10,October,1.723,4.1987,2.6153,1.5834
England NW and N Wales,2039,11,November,1.4808,8.1064,6.6679,1.4384
England NW and N Wales,2039,12,December,0.6027,8.4037,7.8019,0.6019
England NW and N Wales,2040,1,January,0.9459,11.3743,10.429,0.9453
England NW and N Wales,2040,2,February,1.4807,9.0717,7.5941,1.4775
England NW and N Wales,2040,3,March,1.5044,7.5195,6.0189,1.5006
England NW and N Wales,2040,4,April,1.2479,5.6534,4.4139,1.2395
England NW and N Wales,2040,5,May,1.9179,3.0043,1.4099,1.5944
England NW and N Wales,2040,6,June,1.8003,1.6599,0.4887,1.1712
England NW and N Wales,2040,7,July,1.9646,0.9556,0.0522,0.9034
England NW and N Wales,2040,8,August,2.3316,0.875,0.0136,0.8613
England NW and N Wales,2040,9,September,1.9745,2.2197,0.8517,1.368
England NW and N Wales,2040,10,October,2.2709,4.1987,2.1629,2.0358
England NW and N Wales,2040,11,November,1.9249,8.1064,6.2453,1.8611
England NW and N Wales,2040,12,December,1.566,8.4037,6.8421,1.5616
England NW and N Wales,2041,1,January,1.1291,11.3743,10.246,1.1283
England NW and N Wales,2041,2,February,1.75,9.0717,7.3261,1.7455
England NW and N Wales,2041,3,March,0.919,7.5195,6.6019,0.9176
England NW and N Wales,2041,4,April,0.7126,5.6534,4.9439,0.7096
England NW and N Wales,2041,5,May,1.6113,3.0043,1.6315,1.3729
England NW and N Wales,2041,6,June,2.5454,1.6599,0.2356,1.4243
England NW and N Wales,2041,7,July,1.6606,0.9556,0.0988,0.8568
England NW and N Wales,2041,8,August,2.2527,0.875,0.017,0.858
England NW and N Wales,2041,9,September,2.8649,2.2197,0.4697,1.75
England NW and N Wales,2041,10,October,2.2779,4.1987,2.1574,2.0413
England NW and N Wales,2041,11,November,1.8803,8.1064,6.2875,1.8188
England NW and N Wales,2041,12,December,1.6064,8.4037,6.8019,1.6018
England NW and N Wales,2042,1,January,1.9153,11.3743,9.4611,1.9132
England NW and N Wales,2042,2,February,1.8627,9.0717,7.2141,1.8575
England NW and N Wales,2042,3,March,1.3677,7.5195,6.1548,1.3647
England NW and N Wales,2042,4,April,1.4545,5.6534,4.2106,1.4428
England NW and N Wales,2042,5,May,1.1566,3.0043,1.9874,1.0169
England NW and N Wales,2042,6,June,1.92,1.6599,0.439,1.2209
England NW and N Wales,2042,7,July,2.1481,0.9556,0.0341,0.9215
England NW and N Wales,2042,8,August,2.1778,0.875,0.0208,0.8541
England NW and N Wales,2042,9,September,2.5477,2.2197,0.5884,1.6313
England NW and N Wales,2042,10,October,1.9226,4.1987,2.4467,1.752
England NW and N Wales,2042,11,November,1.6049,8.1064,6.5494,1.557
England NW and N Wales,2042,12,December,1.9846,8.4037,6.4266,1.9772
England NW and N Wales,2043,1,January,1.4795,11.3743,9.896,1.4783
England NW and N Wales,2043,2,February,1.0098,9.0717,8.0634,1.0082
England NW and N Wales,2043,3,March,0.8974,7.5195,6.6235,0.896
England NW and N Wales,2043,4,April,1.502,5.6534,4.164,1.4894
England NW and N Wales,2043,5,May,1.6775,3.0043,1.5823,1.422
England NW and N Wales,2043,6,June,2.2428,1.6599,0.3226,1.3373
England NW and N Wales,2043,7,July,1.6774,0.9556,0.0955,0.86
England NW and N Wales,2043,8,August,2.46,0.875,0.0094,0.8656
England NW and N Wales,2043,9,September,2.4323,2.2197,0.6362,1.5835
England NW and N Wales,2043,10,October,1.877,4.1987,2.4848,1.7139
England NW and N Wales,2043,11,November,1.6009,8.1064,6.5531,1.5532
England NW and N Wales,2043,12,December,2.0939,8.4037,6.3183,2.0855
England NW and N Wales,2044,1,January,1.4056,11.3743,9.9698,1.4045
England NW and N Wales,2044,2,February,1.3156,9.0717,7.7586,1.313
England NW and N Wales,2044,3,March,1.6244,7.5195,5.8996,1.6199
England NW and N Wales,2044,4,April,1.6875,5.6534,3.9826,1.6709
England NW and N Wales,2044,5,May,1.6151,3.0043,1.6286,1.3757
England NW and N Wales,2044,6,June,1.8742,1.6599,0.4575,1.2024
England NW and N Wales,2044,7,July,2.6068,0.9556,0.0103,0.9453
England NW and N Wales,2044,8,August,2.4418,0.875,0.0099,0.8651
England NW and N Wales,2044,9,September,2.359,2.2197,0.668,1.5517
England NW and N Wales,2044,10,October,2.6422,4.1987,1.877,2.3217
England NW and N Wales,2044,11,November,1.8343,8.1064,6.3311,1.7753
England NW and N Wales,2044,12,December,1.555,8.4037,6.853,1.5507
England NW and N Wales,2045,1,January,1.8548,11.3743,9.5215,1.8528
England NW and N Wales,2045,2,February,1.4522,9.0717,7.6225,1.4492
England NW and N Wales,2045,3,March,1.1087,7.5195,6.4128,1.1067
England NW and N Wales,2045,4,April,1.6488,5.6534,4.0203,1.6331
England NW and N Wales,2045,5,May,2.1859,3.0043,1.2296,1.7747
England NW and N Wales,2045,6,June,2.2288,1.6599,0.3272,1.3327
England NW and N Wales,2045,7,July,2.8184,0.9556,0.0055,0.95
England NW and N Wales,2045,8,August,2.5484,0.875,0.0072,0.8678
England NW and N Wales,2045,9,September,2.4441,2.2197,0.6312,1.5885
England NW and N Wales,2045,10,October,2.5244,4.1987,1.9657,2.233
England NW and N Wales,2045,11,November,1.4129,8.1064,6.733,1.3734
England NW and N Wales,2045,12,December,1.2914,8.4037,7.1153,1.2884
England NW and N Wales,2046,1,January,1.5868,11.3743,9.7889,1.5854
England NW and N Wales,2046,2,February,1.6146,9.0717,7.4608,1.6108
England NW and N Wales,2046,3,March,1.1762,7.5195,6.3456,1.1739
England NW and N Wales,2046,4,April,1.4477,5.6534,4.2174,1.4361
England NW and N Wales,2046,5,May,1.8703,3.0043,1.4432,1.5611
England NW and N Wales,2046,6,June,1.6625,1.6599,0.5504,1.1095
England NW and N Wales,2046,7,July,1.967,0.9556,0.0519,0.9037
England NW and N Wales,2046,8,August,2.5992,0.875,0.0061,0.8688
England NW and N Wales,2046,9,September,2.5791,2.2197,0.5758,1.6439
England NW and N Wales,2046,10,October,2.8358,4.1987,1.7353,2.4634
England NW and N Wales,2046,11,November,2.1348,8.1064,6.0474,2.0589
England NW and N Wales,2046,12,December,1.5069,8.4037,6.9008,1.5029
England NW and N Wales,2047,1,January,1.2051,11.3743,10.1701,1.2042
England NW and N Wales,2047,2,February,1.5698,9.0717,7.5054,1.5663
England NW and N Wales,2047,3,March,1.8961,7.5195,5.63,1.8895
England NW and N Wales,2047,4,April,2.0075,5.6534,3.6718,1.9817
England NW and N Wales,2047,5,May,2.2526,3.0043,1.1868,1.8175
England NW and N Wales,2047,6,June,1.8127,1.6599,0.4834,1.1765
England NW and N Wales,2047,7,July,1.6812,0.9556,0.0948,0.8607
England NW and N Wales,2047,8,August,2.5617,0.875,0.0069,0.8681
England NW and N Wales,2047,9,September,2.6654,2.2197,0.5421,1.6776
England NW and N Wales,2047,10,October,2.6408,4.1987,1.878,2.3206
England NW and N Wales,2047,11,November,2.1655,8.1064,6.0186,2.0878
England NW and N Wales,2047,12,December,1.1649,8.4037,7.2413,1.1625
England NW and N Wales,2048,1,January,1.6652,11.3743,9.7107,1.6636
England NW and N Wales,2048,2,February,1.2292,9.0717,7.8447,1.2269
England NW and N Wales,2048,3,March,1.7177,7.5195,5.8069,1.7126
England NW and N Wales,2048,4,April,1.5285,5.6534,4.1381,1.5153
England NW and N Wales,2048,5,May,1.7837,3.0043,1.5049,1.4994
England NW and N Wales,2048,6,June,2.0367,1.6599,0.394,1.2659
England NW and N Wales,2048,7,July,1.8107,0.9556,0.0728,0.8828
England NW and N Wales,2048,8,August,2.566,0.875,0.0068,0.8682
England NW and N Wales,2048,9,September,2.7583,2.2197,0.5075,1.7122
England NW and N Wales,2048,10,October,2.9694,4.1987,1.6408,2.5579
England NW and N Wales,2048,11,November,1.9563,8.1064,6.2156,1.8908
England NW and N Wales,2048,12,December,1.0287,8.4037,7.377,1.0267
England NW and N Wales,2049,1,January,2.4113,11.3743,8.9666,2.4077
England NW and N Wales,2049,2,February,1.8827,9.0717,7.1943,1.8774
England NW and N Wales,2049,3,March,2.0342,7.5195,5.4931,2.0263
England NW and N Wales,2049,4,April,1.6514,5.6534,4.0178,1.6357
England NW and N Wales,2049,5,May,2.436,3.0043,1.0734,1.9309
England NW and N Wales,2049,6,June,3.0618,1.6599,0.1296,1.5303
England NW and N Wales,2049,7,July,2.8948,0.9556,0.0044,0.9512
England NW and N Wales,2049,8,August,2.9264,0.875,0.0021,0.8729
England NW and N Wales,2049,9,September,2.8423,2.2197,0.4775,1.7422
England NW and N Wales,2049,10,October,2.454,4.1987,2.0196,2.179
England NW and N Wales,2049,11,November,2.5141,8.1064,5.6935,2.4129
England NW and N Wales,2049,12,December,1.9039,8.4037,6.5065,1.8972
England NW and N Wales,2050,1,January,2.3679,11.3743,9.0098,2.3645
England NW and N Wales,2050,2,February,0.9865,9.0717,8.0867,0.9849
England NW and N Wales,2050,3,March,0.7053,7.5195,6.8151,0.7044
England NW and N Wales,2050,4,April,1.8961,5.6534,3.7796,1.8739
England NW and N Wales,2050,5,May,1.9086,3.0043,1.4163,1.588
England NW and N Wales,2050,6,June,2.1892,1.6599,0.3402,1.3197
England NW and N Wales,2050,7,July,2.1738,0.9556,0.0321,0.9235
England NW and N Wales,2050,8,August,2.8199,0.875,0.003,0.872
England NW and N Wales,2050,9,September,3.4791,2.2197,0.2904,1.9293
England NW and N Wales,2050,10,October,3.2431,4.1987,1.4556,2.7431
England NW and N Wales,2050,11,November,2.5597,8.1064,5.6513,2.4551
England NW and N Wales,2050,12,December,2.2401,8.4037,6.1736,2.2301
England NW and N Wales,2051,1,January,1.9864,11.3743,9.3901,1.9842
England NW and N Wales,2051,2,February,1.7977,9.0717,7.2787,1.793
England NW and N Wales,2051,3,March,1.6757,7.5195,5.8486,1.6708
England NW and N Wales,2051,4,April,1.2091,5.6534,4.4522,1.2012
England NW and N Wales,2051,5,May,1.655,3.0043,1.599,1.4054
England NW and N Wales,2051,6,June,3.0327,1.6599,0.1343,1.5256
England NW and N Wales,2051,7,July,3.0154,0.9556,0.003,0.9526
England NW and N Wales,2051,8,August,3.4556,0.875,0.0003,0.8747
England NW and N Wales,2051,9,September,2.6387,2.2197,0.5524,1.6673
England NW and N Wales,2051,10,October,2.6291,4.1987,1.8867,2.3119
England NW and N Wales,2051,11,November,1.9732,8.1064,6.1996,1.9068
England NW and N Wales,2051,12,December,1.6443,8.4037,6.7642,1.6395
England NW and N Wales,2052,1,January,1.8051,11.3743,9.571,1.8033
England NW and N Wales,2052,2,February,1.5236,9.0717,7.5514,1.5203
England NW and N Wales,2052,3,March,1.6195,7.5195,5.9045,1.615
England NW and N Wales,2052,4,April,1.9915,5.6534,3.6873,1.9662
England NW and N Wales,2052,5,May,2.6102,3.0043,0.9718,2.0326
England NW and N Wales,2052,6,June,2.6998,1.6599,0.1987,1.4612
England NW and N Wales,2052,7,July,3.0252,0.9556,0.0029,0.9527
England NW and N Wales,2052,8,August,3.6162,0.875,0.0001,0.8748
England NW and N Wales,2052,9,September,3.0931,2.2197,0.3956,1.8241
England NW and N Wales,2052,10,October,3.1633,4.1987,1.5084,2.6903
England NW and N Wales,2052,11,November,2.7652,8.1064,5.462,2.6444
England NW and N Wales,2052,12,December,2.1107,8.4037,6.3016,2.1021
England NW and N Wales,2053,1,January,1.8568,11.3743,9.5195,1.8548
England NW and N Wales,2053,2,February,1.3827,9.0717,7.6917,1.38
England NW and N Wales,2053,3,March,1.941,7.5195,5.5855,1.934
England NW and N Wales,2053,4,April,2.4529,5.6534,3.2461,2.4073
England NW and N Wales,2053,5,May,1.8338,3.0043,1.4691,1.5352
England NW and N Wales,2053,6,June,2.5026,1.6599,0.2467,1.4132
England NW and N Wales,2053,7,July,3.0436,0.9556,0.0027,0.9528
England NW and N Wales,2053,8,August,2.9773,0.875,0.0017,0.8732
England NW and N Wales,2053,9,September,3.2636,2.2197,0.3461,1.8736
England NW and N Wales,2053,10,October,2.7398,4.1987,1.805,2.3937
England NW and N Wales,2053,11,November,2.2514,8.1064,5.9381,2.1683
England NW and N Wales,2053,12,December,1.3182,8.4037,7.0886,1.3151
England NW and N Wales,2054,1,January,1.8688,11.3743,9.5074,1.8669
England NW and N Wales,2054,2,February,0.4139,9.0717,8.6582,0.4134
England NW and N Wales,2054,3,March,1.903,7.5195,5.6232,1.8963
England NW and N Wales,2054,4,April,1.6573,5.6534,4.0121,1.6414
England NW and N Wales,2054,5,May,2.6442,3.0043,0.9526,2.0517
England NW and N Wales,2054,6,June,1.8236,1.6599,0.4787,1.1812
England NW and N Wales,2054,7,July,2.7861,0.9556,0.0061,0.9495
England NW and N Wales,2054,8,August,2.8847,0.875,0.0024,0.8726
England NW and N Wales,2054,9,September,2.6492,2.2197,0.5483,1.6714
England NW and N Wales,2054,10,October,2.857,4.1987,1.7202,2.4785
England NW and N Wales,2054,11,November,2.3294,8.1064,5.8653,2.2411
England NW and N Wales,2054,12,December,2.298,8.4037,6.1164,2.2873
England NW and N Wales,2055,1,January,1.7919,11.3743,9.5842,1.7901
England NW and N Wales,2055,2,February,2.1322,9.0717,6.9465,2.1251
England NW and N Wales,2055,3,March,1.6333,7.5195,5.8907,1.6287
England NW and N Wales,2055,4,April,1.6988,5.6534,3.9715,1.682
England NW and N Wales,2055,5,May,2.7299,3.0043,0.9054,2.0989
England NW and N Wales,2055,6,June,2.9892,1.6599,0.1416,1.5183
England NW and N Wales,2055,7,July,2.9336,0.9556,0.0039,0.9517
England NW and N Wales,2055,8,August,2.8241,0.875,0.0029,0.872
England NW and N Wales,2055,9,September,2.8986,2.2197,0.4581,1.7616
England NW and N Wales,2055,10,October,2.9115,4.1987,1.6814,2.5173
England NW and N Wales,2055,11,November,2.9334,8.1064,5.3083,2.7981
England NW and N Wales,2055,12,December,2.8925,8.4037,5.5316,2.8721
England NW and N Wales,2056,1,January,2.1309,11.3743,9.246,2.1283
England NW and N Wales,2056,2,February,1.8545,9.0717,7.2223,1.8494
England NW and N Wales,2056,3,March,1.6581,7.5195,5.8661,1.6534
England NW and N Wales,2056,4,April,1.9704,5.6534,3.7077,1.9457
England NW and N Wales,2056,5,May,2.0366,3.0043,1.3284,1.6759
England NW and N Wales,2056,6,June,2.5242,1.6599,0.241,1.4189
England NW and N Wales,2056,7,July,3.3628,0.9556,0.0009,0.9546
England NW and N Wales,2056,8,August,3.7825,0.875,0.0001,0.8749
England NW and N Wales,2056,9,September,3.6518,2.2197,0.2509,1.9688
England NW and N Wales,2056,10,October,3.1558,4.1987,1.5134,2.6853
England NW and N Wales,2056,11,November,3.0396,8.1064,5.2119,2.8945
England NW and N Wales,2056,12,December,2.0451,8.4037,6.3666,2.0371
England NW and N Wales,2057,1,January,1.6166,11.3743,9.7591,1.6152
England NW and N Wales,2057,2,February,2.2006,9.0717,6.8787,2.193
England NW and N Wales,2057,3,March,1.6911,7.5195,5.8333,1.6862
England NW and N Wales,2057,4,April,1.7108,5.6534,3.9598,1.6936
England NW and N Wales,2057,5,May,2.7404,3.0043,0.8997,2.1046
England NW and N Wales,2057,6,June,3.5589,1.6599,0.0675,1.5924
England NW and N Wales,2057,7,July,3.2989,0.9556,0.0011,0.9544
England NW and N Wales,2057,8,August,3.2621,0.875,0.0006,0.8744
England NW and N Wales,2057,9,September,3.6337,2.2197,0.2548,1.9649
England NW and N Wales,2057,10,October,3.0218,4.1987,1.6045,2.5942
England NW and N Wales,2057,11,November,3.1172,8.1064,5.1417,2.9647
England NW and N Wales,2057,12,December,2.7232,8.4037,5.6976,2.7062
England NW and N Wales,2058,1,January,2.2605,11.3743,9.1168,2.2575
England NW and N Wales,2058,2,February,1.9907,9.0717,7.087,1.9847
England NW and N Wales,2058,3,March,1.4942,7.5195,6.029,1.4905
England NW and N Wales,2058,4,April,1.6954,5.6534,3.9748,1.6786
England NW and N Wales,2058,5,May,2.5407,3.0043,1.0116,1.9927
England NW and N Wales,2058,6,June,2.7829,1.6599,0.1807,1.4792
England NW and N Wales,2058,7,July,3.1183,0.9556,0.0021,0.9534
England NW and N Wales,2058,8,August,3.7753,0.875,0.0001,0.8749
England NW and N Wales,2058,9,September,3.3057,2.2197,0.3346,1.8851
England NW and N Wales,2058,10,October,3.4579,4.1987,1.3185,2.8801
England NW and N Wales,2058,11,November,3.0986,8.1064,5.1585,2.9479
England NW and N Wales,2058,12,December,2.6703,8.4037,5.7495,2.6542
England NW and N Wales,2059,1,January,1.7178,11.3743,9.6581,1.7162
England NW and N Wales,2059,2,February,1.9234,9.0717,7.1538,1.9179
England NW and N Wales,2059,3,March,2.5183,7.5195,5.0157,2.5038
England NW and N Wales,2059,4,April,2.0745,5.6534,3.6071,2.0463
England NW and N Wales,2059,5,May,2.1881,3.0043,1.2282,1.7761
England NW and N Wales,2059,6,June,2.6114,1.6599,0.2192,1.4407
England NW and N Wales,2059,7,July,3.2577,0.9556,0.0013,0.9542
England NW and N Wales,2059,8,August,3.433,0.875,0.0003,0.8747
England NW and N Wales,2059,9,September,3.6862,2.2197,0.2435,1.9762
England NW and N Wales,2059,10,October,3.6331,4.1987,1.2124,2.9863
England NW and N Wales,2059,11,November,2.961,8.1064,5.2832,2.8232
England NW and N Wales,2059,12,December,2.7431,8.4037,5.678,2.7257
England NW and N Wales,2060,1,January,2.4409,11.3743,8.937,2.4373
England NW and N Wales,2060,2,February,2.5033,9.0717,6.5791,2.4926
England NW and N Wales,2060,3,March,1.8677,7.5195,5.6581,1.8614
England NW and N Wales,2060,4,April,1.9969,5.6534,3.682,1.9714
England NW and N Wales,2060,5,May,2.3817,3.0043,1.1063,1.898
England NW and N Wales,2060,6,June,3.6985,1.6599,0.0555,1.6044
England NW and N Wales,2060,7,July,3.8115,0.9556,0.0002,0.9554
England NW and N Wales,2060,8,August,3.9225,0.875,0.0,0.8749
England NW and N Wales,2060,9,September,3.4407,2.2197,0.2998,1.9199
England NW and N Wales,2060,10,October,3.199,4.1987,1.4846,2.7141
England NW and N Wales,2060,11,November,2.7336,8.1064,5.491,2.6154
England NW and N Wales,2060,12,December,2.1309,8.4037,6.2816,2.1221
England NW and N Wales,2061,1,January,2.3234,11.3743,9.0541,2.3202
England NW and N Wales,2061,2,February,1.7935,9.0717,7.2829,1.7888
England NW and N Wales,2061,3,March,1.6435,7.5195,5.8806,1.6389
England NW and N Wales,2061,4,April,2.1306,5.6534,3.5532,2.1002
England NW and N Wales,2061,5,May,2.829,3.0043,0.8526,2.1517
England NW and N Wales,2061,6,June,2.8001,1.6599,0.1772,1.4827
England NW and N Wales,2061,7,July,2.9587,0.9556,0.0036,0.952
England NW and N Wales,2061,8,August,3.474,0.875,0.0003,0.8747
England NW and N Wales,2061,9,September,3.5106,2.2197,0.2828,1.9369
England NW and N Wales,2061,10,October,3.588,4.1987,1.2392,2.9595
England NW and N Wales,2061,11,November,3.1236,8.1064,5.136,2.9704
England NW and N Wales,2061,12,December,3.1088,8.4037,5.3203,3.0834
England NW and N Wales,2062,1,January,2.5273,11.3743,8.8511,2.5232
England NW and N Wales,2062,2,February,2.0123,9.0717,7.0655,2.0061
England NW and N Wales,2062,3,March,2.0216,7.5195,5.5057,2.0138
England NW and N Wales,2062,4,April,2.4909,5.6534,3.2102,2.4432
England NW and N Wales,2062,5,May,2.3584,3.0043,1.1206,1.8837
England NW and N Wales,2062,6,June,3.5741,1.6599,0.0661,1.5938
England NW and N Wales,2062,7,July,3.4584,0.9556,0.0006,0.9549
England NW and N Wales,2062,8,August,3.9967,0.875,0.0,0.8749
England NW and N Wales,2062,9,September,4.3471,2.2197,0.1323,2.0875
England NW and N Wales,2062,10,October,3.4054,4.1987,1.3514,2.8473
England NW and N Wales,2062,11,November,3.2089,8.1064,5.0592,3.0472
England NW and N Wales,2062,12,December,2.477,8.4037,5.9398,2.4639
England NW and N Wales,2063,1,January,2.1198,11.3743,9.2572,2.1171
England NW and N Wales,2063,2,February,1.7885,9.0717,7.2878,1.7838
England NW and N Wales,2063,3,March,1.6975,7.5195,5.8269,1.6926
England NW and N Wales,2063,4,April,2.1108,5.6534,3.5722,2.0812
England NW and N Wales,2063,5,May,2.1041,3.0043,1.2833,1.7211
England NW and N Wales,2063,6,June,4.2257,1.6599,0.0249,1.635
England NW and N Wales,2063,7,July,3.2134,0.9556,0.0015,0.954
England NW and N Wales,2063,8,August,4.829,0.875,0.0,0.875
England NW and N Wales,2063,9,September,3.8766,2.2197,0.2058,2.0139
England NW and N Wales,2063,10,October,4.2549,4.1987,0.8778,3.3209
England NW and N Wales,2063,11,November,2.5801,8.1064,5.6324,2.474
England NW and N Wales,2063,12,December,2.9483,8.4037,5.477,2.9268
England NW and N Wales,2064,1,January,3.181,11.3743,8.2009,3.1734
England NW and N Wales,2064,2,February,2.3691,9.0717,6.7118,2.3599
England NW and N Wales,2064,3,March,2.0767,7.5195,5.4511,2.0684
England NW and N Wales,2064,4,April,1.5945,5.6534,4.0734,1.58
England NW and N Wales,2064,5,May,2.4767,3.0043,1.0491,1.9552
England NW and N Wales,2064,6,June,3.3868,1.6599,0.0854,1.5745
England NW and N Wales,2064,7,July,3.8173,0.9556,0.0002,0.9554
England NW and N Wales,2064,8,August,4.5214,0.875,0.0,0.875
England NW and N Wales,2064,9,September,3.6723,2.2197,0.2465,1.9732
England NW and N Wales,2064,10,October,3.7392,4.1987,1.1506,3.0481
England NW and N Wales,2064,11,November,3.5156,8.1064,4.786,3.3204
England NW and N Wales,2064,12,December,3.0373,8.4037,5.39,3.0137
England NW and N Wales,2065,1,January,2.1083,11.3743,9.2686,2.1057
England NW and N Wales,2065,2,February,1.5474,9.0717,7.5277,1.5439
England NW and N Wales,2065,3,March,2.1468,7.5195,5.3819,2.1376
England NW and N Wales,2065,4,April,1.398,5.6534,4.2662,1.3872
England NW and N Wales,2065,5,May,2.4443,3.0043,1.0685,1.9359
England NW and N Wales,2065,6,June,3.2717,1.6599,0.0994,1.5605
England NW and N Wales,2065,7,July,4.3051,0.9556,0.0,0.9555
England NW and N Wales,2065,8,August,4.4138,0.875,0.0,0.875
England NW and N Wales,2065,9,September,4.2706,2.2197,0.1425,2.0772
England NW and N Wales,2065,10,October,4.2774,4.1987,0.867,3.3317
England NW and N Wales,2065,11,November,2.8158,8.1064,5.4156,2.6908
England NW and N Wales,2065,12,December,2.7211,8.4037,5.6996,2.7041
England NW and N Wales,2066,1,January,1.7944,11.3743,9.5817,1.7926
England NW and N Wales,2066,2,February,2.2087,9.0717,6.8706,2.201
England NW and N Wales,2066,3,March,1.9907,7.5195,5.5362,1.9833
England NW and N Wales,2066,4,April,2.0496,5.6534,3.6312,2.0222
England NW and N Wales,2066,5,May,2.781,3.0043,0.8779,2.1264
England NW and N Wales,2066,6,June,3.129,1.6599,0.1192,1.5407
England NW and N Wales,2066,7,July,4.0649,0.9556,0.0001,0.9555
England NW and N Wales,2066,8,August,4.064,0.875,0.0,0.875
England NW and N Wales,2066,9,September,3.8484,2.2197,0.2111,2.0086
England NW and N Wales,2066,10,October,3.5351,4.1987,1.2712,2.9275
England NW and N Wales,2066,11,November,3.0512,8.1064,5.2014,2.905
England NW and N Wales,2066,12,December,2.7939,8.4037,5.6282,2.7755
England NW and N Wales,2067,1,January,2.4811,11.3743,8.897,2.4773
England NW and N Wales,2067,2,February,2.4551,9.0717,6.6267,2.4449
England NW and N Wales,2067,3,March,2.0801,7.5195,5.4477,2.0718
England NW and N Wales,2067,4,April,1.9465,5.6534,3.7307,1.9227
England NW and N Wales,2067,5,May,2.925,3.0043,0.8033,2.201
England NW and N Wales,2067,6,June,3.5033,1.6599,0.0729,1.587
England NW and N Wales,2067,7,July,3.6616,0.9556,0.0003,0.9553
England NW and N Wales,2067,8,August,4.7182,0.875,0.0,0.875
England NW and N Wales,2067,9,September,4.1202,2.2197,0.1645,2.0552
England NW and N Wales,2067,10,October,3.5337,4.1987,1.272,2.9267
England NW and N Wales,2067,11,November,3.1484,8.1064,5.1136,2.9927
England NW and N Wales,2067,12,December,2.8506,8.4037,5.5726,2.8311
England NW and N Wales,2068,1,January,3.2656,11.3743,8.117,3.2573
England NW and N Wales,2068,2,February,2.9425,9.0717,6.146,2.9256
England NW and N Wales,2068,3,March,2.0992,7.5195,5.4289,2.0906
England NW and N Wales,2068,4,April,2.2531,5.6534,3.4359,2.2175
England NW and N Wales,2068,5,May,2.6862,3.0043,0.9293,2.075
England NW and N Wales,2068,6,June,3.6663,1.6599,0.0581,1.6018
England NW and N Wales,2068,7,July,3.6416,0.9556,0.0003,0.9552
England NW and N Wales,2068,8,August,4.9332,0.875,0.0,0.875
England NW and N Wales,2068,9,September,4.1773,2.2197,0.1558,2.0639
England NW and N Wales,2068,10,October,4.0427,4.1987,0.9845,3.2142
England NW and N Wales,2068,11,November,3.0602,8.1064,5.1933,2.9131
England NW and N Wales,2068,12,December,3.1283,8.4037,5.3013,3.1024
England NW and N Wales,2069,1,January,2.6855,11.3743,8.6935,2.6808
England NW and N Wales,2069,2,February,1.5202,9.0717,7.5548,1.5168
England NW and N Wales,2069,3,March,1.2807,7.5195,6.2414,1.2781
England NW and N Wales,2069,4,April,2.4868,5.6534,3.2141,2.4393
England NW and N Wales,2069,5,May,3.4807,3.0043,0.5542,2.4501
England NW and N Wales,2069,6,June,2.9261,1.6599,0.1528,1.5071
England NW and N Wales,2069,7,July,3.9086,0.9556,0.0001,0.9554
England NW and N Wales,2069,8,August,4.3864,0.875,0.0,0.875
England NW and N Wales,2069,9,September,3.9461,2.2197,0.1933,2.0264
England NW and N Wales,2069,10,October,2.599,4.1987,1.9093,2.2894
England NW and N Wales,2069,11,November,3.1642,8.1064,5.0994,3.0069
England NW and N Wales,2069,12,December,3.0646,8.4037,5.3634,3.0403
England NW and N Wales,2070,1,January,2.9358,11.3743,8.4446,2.9297
England NW and N Wales,2070,2,February,2.5175,9.0717,6.565,2.5067
England NW and N Wales,2070,3,March,2.1033,7.5195,5.4248,2.0947
England NW and N Wales,2070,4,April,2.1289,5.6534,3.5548,2.0986
England NW and N Wales,2070,5,May,2.3455,3.0043,1.1286,1.8757
England NW and N Wales,2070,6,June,2.9967,1.6599,0.1404,1.5195
England NW and N Wales,2070,7,July,3.9166,0.9556,0.0001,0.9555
England NW and N Wales,2070,8,August,4.6344,0.875,0.0,0.875
England NW and N Wales,2070,9,September,4.2159,2.2197,0.1502,2.0695
England NW and N Wales,2070,10,October,4.0148,4.1987,0.9991,3.1995
England NW and N Wales,2070,11,November,3.8259,8.1064,4.5146,3.5918
England NW and N Wales,2070,12,December,3.411,8.4037,5.0269,3.3768
England NW and N Wales,2071,1,January,3.3166,11.3743,8.0664,3.3079
England NW and N Wales,2071,2,February,2.181,9.0717,6.8982,2.1735
England NW and N Wales,2071,3,March,2.3182,7.5195,5.2127,2.3068
England NW and N Wales,2071,4,April,3.0222,5.6534,2.7187,2.9348
England NW and N Wales,2071,5,May,3.5891,3.0043,0.5127,2.4916
England NW and N Wales,2071,6,June,4.8329,1.6599,0.0088,1.6511
England NW and N Wales,2071,7,July,3.7396,0.9556,0.0002,0.9553
England NW and N Wales,2071,8,August,4.714,0.875,0.0,0.875
England NW and N Wales,2071,9,September,4.4566,2.2197,0.1187,2.101
England NW and N Wales,2071,10,October,4.0944,4.1987,0.9578,3.2409
England NW and N Wales,2071,11,November,4.0646,8.1064,4.3095,3.7969
England NW and N Wales,2071,12,December,2.9262,8.4037,5.4986,2.9052
England NW and N Wales,2072,1,January,2.549,11.3743,8.8294,2.5449
England NW and N Wales,2072,2,February,2.7974,9.0717,6.2888,2.7828
England NW and N Wales,2072,3,March,2.8849,7.5195,4.6569,2.8626
England NW and N Wales,2072,4,April,1.9281,5.6534,3.7486,1.9048
England NW and N Wales,2072,5,May,2.093,3.0043,1.2906,1.7137
England NW and N Wales,2072,6,June,3.8978,1.6599,0.0414,1.6185
England NW and N Wales,2072,7,July,4.8463,0.9556,0.0,0.9556
England NW and N Wales,2072,8,August,5.6742,0.875,0.0,0.875
England NW and N Wales,2072,9,September,4.6891,2.2197,0.0936,2.1261
England NW and N Wales,2072,10,October,4.5893,4.1987,0.7254,3.4733
England NW and N Wales,2072,11,November,3.6481,8.1064,4.6695,3.4369
England NW and N Wales,2072,12,December,3.4299,8.4037,5.0085,3.3952
England NW and N Wales,2073,1,January,2.1792,11.3743,9.1978,2.1765
England NW and N Wales,2073,2,February,2.2951,9.0717,6.7851,2.2866
England NW and N Wales,2073,3,March,3.2278,7.5195,4.3243,3.1952
England NW and N Wales,2073,4,April,2.4181,5.6534,3.279,2.3744
England NW and N Wales,2073,5,May,3.9536,3.0043,0.3892,2.6151
England NW and N Wales,2073,6,June,3.6959,1.6599,0.0557,1.6042
England NW and N Wales,2073,7,July,3.7413,0.9556,0.0002,0.9553
England NW and N Wales,2073,8,August,4.8277,0.875,0.0,0.875
England NW and N Wales,2073,9,September,4.4132,2.2197,0.1239,2.0958
England NW and N Wales,2073,10,October,4.7206,4.1987,0.6707,3.528
England NW and N Wales,2073,11,November,3.6746,8.1064,4.6464,3.46
England NW and N Wales,2073,12,December,3.1262,8.4037,5.3033,3.1004
England NW and N Wales,2074,1,January,2.9782,11.3743,8.4024,2.9719
England NW and N Wales,2074,2,February,2.9379,9.0717,6.1505,2.9211
England NW and N Wales,2074,3,March,2.3876,7.5195,5.1443,2.3752
England NW and N Wales,2074,4,April,2.5751,5.6534,3.131,2.5224
England NW and N Wales,2074,5,May,3.0176,3.0043,0.7576,2.2468
England NW and N Wales,2074,6,June,3.1357,1.6599,0.1182,1.5417
England NW and N Wales,2074,7,July,3.4981,0.9556,0.0006,0.955
England NW and N Wales,2074,8,August,4.426,0.875,0.0,0.875
England NW and N Wales,2074,9,September,3.8715,2.2197,0.2068,2.0129
England NW and N Wales,2074,10,October,4.2613,4.1987,0.8747,3.324
England NW and N Wales,2074,11,November,3.9173,8.1064,4.4357,3.6707
England NW and N Wales,2074,12,December,3.3687,8.4037,5.0678,3.3359
England NW and N Wales,2075,1,January,2.7004,11.3743,8.6787,2.6955
England NW and N Wales,2075,2,February,2.3822,9.0717,6.6988,2.3729
England NW and N Wales,2075,3,March,2.9879,7.5195,4.5567,2.9628
England NW and N Wales,2075,4,April,2.4566,5.6534,3.2425,2.4109
England NW and N Wales,2075,5,May,3.0719,3.0043,0.7315,2.2728
England NW and N Wales,2075,6,June,3.5017,1.6599,0.0731,1.5868
England NW and N Wales,2075,7,July,4.8714,0.9556,0.0,0.9556
England NW and N Wales,2075,8,August,5.6312,0.875,0.0,0.875
England NW and N Wales,2075,9,September,4.952,2.2197,0.0707,2.149
England NW and N Wales,2075,10,October,4.6046,4.1987,0.7188,3.4799
England NW and N Wales,2075,11,November,3.9486,8.1064,4.4088,3.6976
England NW and N Wales,2075,12,December,3.439,8.4037,4.9998,3.4039
England NW and N Wales,2076,1,January,3.104,11.3743,8.2775,3.0968
England NW and N Wales,2076,2,February,2.4616,9.0717,6.6203,2.4514
England NW and N Wales,2076,3,March,3.084,7.5195,4.4633,3.0562
England NW and N Wales,2076,4,April,3.0344,5.6534,2.7076,2.9458
England NW and N Wales,2076,5,May,3.674,3.0043,0.4817,2.5226
England NW and N Wales,2076,6,June,4.2016,1.6599,0.0259,1.634
England NW and N Wales,2076,7,July,5.4963,0.9556,0.0,0.9556
England NW and N Wales,2076,8,August,6.1052,0.875,0.0,0.875
England NW and N Wales,2076,9,September,5.032,2.2197,0.0647,2.155
England NW and N Wales,2076,10,October,4.4311,4.1987,0.7951,3.4036
England NW and N Wales,2076,11,November,3.8207,8.1064,4.5192,3.5872
England NW and N Wales,2076,12,December,3.7262,8.4037,4.7234,3.6803
England NW and N Wales,2077,1,January,2.4947,11.3743,8.8835,2.4908
England NW and N Wales,2077,2,February,2.7025,9.0717,6.3823,2.6894
England NW and N Wales,2077,3,March,2.6066,7.5195,4.929,2.5905
England NW and N Wales,2077,4,April,2.6578,5.6534,3.0537,2.5997
England NW and N Wales,2077,5,May,3.0062,3.0043,0.7631,2.2412
England NW and N Wales,2077,6,June,3.1115,1.6599,0.1219,1.538
England NW and N Wales,2077,7,July,4.4064,0.9556,0.0,0.9555
England NW and N Wales,2077,8,August,5.3427,0.875,0.0,0.875
England NW and N Wales,2077,9,September,4.4401,2.2197,0.1206,2.0991
England NW and N Wales,2077,10,October,4.4308,4.1987,0.7952,3.4035
England NW and N Wales,2077,11,November,3.6997,8.1064,4.6244,3.482
England NW and N Wales,2077,12,December,3.5017,8.4037,4.9392,3.4645
England NW and N Wales,2078,1,January,2.4387,11.3743,8.9393,2.435
England NW and N Wales,2078,2,February,2.5041,9.0717,6.5782,2.4934
England NW and N Wales,2078,3,March,2.5874,7.5195,4.9479,2.5716
England NW and N Wales,2078,4,April,2.8623,5.6534,2.8644,2.789
England NW and N Wales,2078,5,May,3.1437,3.0043,0.698,2.3064
England NW and N Wales,2078,6,June,4.3958,1.6599,0.0188,1.6411
England NW and N Wales,2078,7,July,4.7657,0.9556,0.0,0.9556
England NW and N Wales,2078,8,August,5.5804,0.875,0.0,0.875
England NW and N Wales,2078,9,September,5.073,2.2197,0.0618,2.1579
England NW and N Wales,2078,10,October,4.7461,4.1987,0.6604,3.5383
England NW and N Wales,2078,11,November,3.9624,8.1064,4.3969,3.7095
England NW and N Wales,2078,12,December,3.4712,8.4037,4.9686,3.4351
England NW and N Wales,2079,1,January,3.1185,11.3743,8.263,3.1113
England NW and N Wales,2079,2,February,3.4117,9.0717,5.6865,3.3851
England NW and N Wales,2079,3,March,2.8907,7.5195,4.6512,2.8683
England NW and N Wales,2079,4,April,3.0452,5.6534,2.6978,2.9556
England NW and N Wales,2079,5,May,3.924,3.0043,0.3983,2.606
England NW and N Wales,2079,6,June,4.1312,1.6599,0.0289,1.631
England NW and N Wales,2079,7,July,4.8711,0.9556,0.0,0.9556
England NW and N Wales,2079,8,August,6.3004,0.875,0.0,0.875
England NW and N Wales,2079,9,September,4.9957,2.2197,0.0674,2.1523
England NW and N Wales,2079,10,October,4.7467,4.1987,0.6602,3.5385
England NW and N Wales,2079,11,November,4.4304,8.1064,4.0018,4.1046
England NW and N Wales,2079,12,December,3.3141,8.4037,5.1207,3.283
England NW and N Wales,2080,1,January,3.1598,11.3743,8.2221,3.1522
England NW and N Wales,2080,2,February,2.6255,9.0717,6.4583,2.6133
England NW and N Wales,2080,3,March,2.5068,7.5195,5.027,2.4925
England NW and N Wales,2080,4,April,2.9537,5.6534,2.7809,2.8726
England NW and N Wales,2080,5,May,2.9892,3.0043,0.7714,2.2329
England NW and N Wales,2080,6,June,4.1235,1.6599,0.0293,1.6306
England NW and N Wales,2080,7,July,5.416,0.9556,0.0,0.9556
England NW and N Wales,2080,8,August,5.8562,0.875,0.0,0.875
England NW and N Wales,2080,9,September,4.5901,2.2197,0.1036,2.1161
England NW and N Wales,2080,10,October,5.2639,4.1987,0.4748,3.7239
England NW and N Wales,2080,11,November,4.5385,8.1064,3.9125,4.1939
England SE and Central S,2026,1,January,-0.1826,10.2808,10.4633,-0.1824
England SE and Central S,2026,2,February,0.7019,7.8749,7.1772,0.6977
England SE and Central S,2026,3,March,1.3362,6.6736,5.3454,1.3282
England SE and Central S,2026,4,April,0.9245,4.4916,3.5816,0.9101
England SE and Central S,2026,5,May,1.4157,2.0951,1.0372,1.0579
England SE and Central S,2026,6,June,1.5243,0.848,0.1423,0.7057
England SE and Central S,2026,7,July,1.4473,0.2788,0.0021,0.2767
England SE and Central S,2026,8,August,1.7848,0.3381,0.0004,0.3378
England SE and Central S,2026,9,September,2.0347,1.2783,0.314,0.9643
England SE and Central S,2026,10,October,1.7067,3.104,1.631,1.473
England SE and Central S,2026,11,November,1.4047,6.7471,5.4023,1.3447
England SE and Central S,2026,12,December,0.3492,7.4642,7.1166,0.3476
England SE and Central S,2027,1,January,0.6047,10.2808,9.6769,0.6039
England SE and Central S,2027,2,February,0.6814,7.8749,7.1975,0.6774
England SE and Central S,2027,3,March,1.2883,6.6736,5.3928,1.2809
England SE and Central S,2027,4,April,1.337,4.4916,3.1835,1.3081
England SE and Central S,2027,5,May,1.0502,2.0951,1.2762,0.819
England SE and Central S,2027,6,June,1.5467,0.848,0.1375,0.7106
England SE and Central S,2027,7,July,1.1419,0.2788,0.0085,0.2704
England SE and Central S,2027,8,August,2.0706,0.3381,0.0001,0.3381
England SE and Central S,2027,9,September,1.8934,1.2783,0.3542,0.9241
England SE and Central S,2027,10,October,1.2751,3.104,1.9712,1.1328
England SE and Central S,2027,11,November,1.5726,6.7471,5.2456,1.5015
England SE and Central S,2027,12,December,1.8775,7.4642,5.6069,1.8573
England SE and Central S,2028,1,January,0.6944,10.2808,9.5873,0.6935
England SE and Central S,2028,2,February,1.3697,7.8749,6.5169,1.358
England SE and Central S,2028,3,March,0.7555,6.6736,5.9211,0.7525
England SE and Central S,2028,4,April,0.5993,4.4916,3.8996,0.592
England SE and Central S,2028,5,May,1.5381,2.0951,0.9633,1.1319
England SE and Central S,2028,6,June,1.7023,0.848,0.1072,0.7408
England SE and Central S,2028,7,July,1.9353,0.2788,0.0001,0.2787
England SE and Central S,2028,8,August,1.8491,0.3381,0.0003,0.3379
England SE and Central S,2028,9,September,1.7311,1.2783,0.4048,0.8735
England SE and Central S,2028,10,October,1.9008,3.104,1.4874,1.6166
England SE and Central S,2028,11,November,1.494,6.7471,5.3189,1.4282
England SE and Central S,2028,12,December,1.1162,7.4642,6.3557,1.1085
England SE and Central S,2029,1,January,0.9056,10.2808,9.3766,0.9042
England SE and Central S,2029,2,February,0.3134,7.8749,7.563,0.3119
England SE and Central S,2029,3,March,0.6989,6.6736,5.9773,0.6963
England SE and Central S,2029,4,April,1.4787,4.4916,3.0486,1.443
England SE and Central S,2029,5,May,1.504,2.0951,0.9836,1.1116
England SE and Central S,2029,6,June,2.5939,0.848,0.0197,0.8283
England SE and Central S,2029,7,July,2.534,0.2788,0.0,0.2788
England SE and Central S,2029,8,August,2.3858,0.3381,0.0,0.3381
England SE and Central S,2029,9,September,1.3259,1.2783,0.5537,0.7246
England SE and Central S,2029,10,October,1.2356,3.104,2.0037,1.1003
England SE and Central S,2029,11,November,0.985,6.7471,5.7986,0.9485
England SE and Central S,2029,12,December,1.4373,7.4642,6.0388,1.4254
England SE and Central S,2030,1,January,1.0798,10.2808,9.2028,1.078
England SE and Central S,2030,2,February,1.191,7.8749,6.6932,1.1817
England SE and Central S,2030,3,March,0.9206,6.6736,5.7571,0.9166
England SE and Central S,2030,4,April,1.0422,4.4916,3.4673,1.0243
England SE and Central S,2030,5,May,1.5604,2.0951,0.9501,1.145
England SE and Central S,2030,6,June,1.0214,0.848,0.2893,0.5588
England SE and Central S,2030,7,July,2.1212,0.2788,0.0,0.2788
England SE and Central S,2030,8,August,2.1742,0.3381,0.0,0.3381
England SE and Central S,2030,9,September,1.5569,1.2783,0.4648,0.8135
England SE and Central S,2030,10,October,1.3712,3.104,1.8931,1.2109
England SE and Central S,2030,11,November,1.1869,6.7471,5.6073,1.1398
England SE and Central S,2030,12,December,1.018,7.4642,6.4528,1.0113
England SE and Central S,2031,1,January,1.0251,10.2808,9.2574,1.0234
England SE and Central S,2031,2,February,0.4985,7.8749,7.3791,0.4958
England SE and Central S,2031,3,March,1.1671,6.6736,5.5127,1.1609
England SE and Central S,2031,4,April,0.8738,4.4916,3.6309,0.8607
England SE and Central S,2031,5,May,1.8574,2.0951,0.7854,1.3097
England SE and Central S,2031,6,June,0.7901,0.848,0.3842,0.4638
England SE and Central S,2031,7,July,2.0574,0.2788,0.0001,0.2787
England SE and Central S,2031,8,August,2.0574,0.3381,0.0001,0.3381
England SE and Central S,2031,9,September,2.1745,1.2783,0.2777,1.0006
England SE and Central S,2031,10,October,1.8335,3.104,1.5365,1.5675
England SE and Central S,2031,11,November,1.171,6.7471,5.6222,1.1249
England SE and Central S,2031,12,December,2.1998,7.4642,5.2929,2.1713
England SE and Central S,2032,1,January,0.6697,10.2808,9.612,0.6689
England SE and Central S,2032,2,February,0.788,7.8749,7.0918,0.7831
England SE and Central S,2032,3,March,1.007,6.6736,5.6714,1.0022
England SE and Central S,2032,4,April,0.78,4.4916,3.7225,0.7691
England SE and Central S,2032,5,May,1.5777,2.0951,0.94,1.1552
England SE and Central S,2032,6,June,1.5483,0.848,0.1371,0.7109
England SE and Central S,2032,7,July,2.3348,0.2788,0.0,0.2788
England SE and Central S,2032,8,August,1.629,0.3381,0.001,0.3372
England SE and Central S,2032,9,September,2.1614,1.2783,0.281,0.9973
England SE and Central S,2032,10,October,1.8417,3.104,1.5305,1.5735
England SE and Central S,2032,11,November,0.6528,6.7471,6.1159,0.6312
England SE and Central S,2032,12,December,1.2203,7.4642,6.2528,1.2113
England SE and Central S,2033,1,January,0.993,10.2808,9.2894,0.9914
England SE and Central S,2033,2,February,1.0466,7.8749,6.8358,1.0391
England SE and Central S,2033,3,March,0.6808,6.6736,5.9953,0.6783
England SE and Central S,2033,4,April,1.3008,4.4916,3.2181,1.2735
England SE and Central S,2033,5,May,1.3346,2.0951,1.0879,1.0073
England SE and Central S,2033,6,June,2.7657,0.848,0.0135,0.8346
England SE and Central S,2033,7,July,2.2309,0.2788,0.0,0.2788
England SE and Central S,2033,8,August,3.1433,0.3381,0.0,0.3381
England SE and Central S,2033,9,September,1.9397,1.2783,0.3406,0.9377
England SE and Central S,2033,10,October,1.8127,3.104,1.5518,1.5522
England SE and Central S,2033,11,November,1.5951,6.7471,5.2246,1.5224
England SE and Central S,2033,12,December,1.1873,7.4642,6.2854,1.1788
England SE and Central S,2034,1,January,0.2156,10.2808,10.0655,0.2154
England SE and Central S,2034,2,February,0.2931,7.8749,7.5832,0.2917
England SE and Central S,2034,3,March,0.8311,6.6736,5.846,0.8276
England SE and Central S,2034,4,April,1.2344,4.4916,3.2819,1.2098
England SE and Central S,2034,5,May,1.8505,2.0951,0.789,1.3061
England SE and Central S,2034,6,June,1.7192,0.848,0.1043,0.7437
England SE and Central S,2034,7,July,1.9518,0.2788,0.0001,0.2787
England SE and Central S,2034,8,August,2.3841,0.3381,0.0,0.3381
England SE and Central S,2034,9,September,2.4556,1.2783,0.2145,1.0638
England SE and Central S,2034,10,October,2.2577,3.104,1.2407,1.8633
England SE and Central S,2034,11,November,1.1328,6.7471,5.6584,1.0887
England SE and Central S,2034,12,December,1.0135,7.4642,6.4573,1.0069
England SE and Central S,2035,1,January,1.0438,10.2808,9.2388,1.0421
England SE and Central S,2035,2,February,1.373,7.8749,6.5137,1.3612
England SE and Central S,2035,3,March,1.4088,6.6736,5.2736,1.4
England SE and Central S,2035,4,April,1.0858,4.4916,3.4251,1.0666
England SE and Central S,2035,5,May,1.4532,2.0951,1.0142,1.081
England SE and Central S,2035,6,June,1.3309,0.848,0.1899,0.6581
England SE and Central S,2035,7,July,1.6344,0.2788,0.0008,0.278
England SE and Central S,2035,8,August,2.225,0.3381,0.0,0.3381
England SE and Central S,2035,9,September,1.8186,1.2783,0.3769,0.9014
England SE and Central S,2035,10,October,1.6279,3.104,1.691,1.413
England SE and Central S,2035,11,November,1.8681,6.7471,4.9723,1.7748
England SE and Central S,2035,12,December,0.871,7.4642,6.5984,0.8658
England SE and Central S,2036,1,January,1.1284,10.2808,9.1544,1.1265
England SE and Central S,2036,2,February,1.6288,7.8749,6.262,1.6129
England SE and Central S,2036,3,March,1.4019,6.6736,5.2805,1.3931
England SE and Central S,2036,4,April,1.3668,4.4916,3.1551,1.3366
England SE and Central S,2036,5,May,1.3426,2.0951,1.0828,1.0123
England SE and Central S,2036,6,June,2.5437,0.848,0.022,0.826
England SE and Central S,2036,7,July,1.963,0.2788,0.0001,0.2787
England SE and Central S,2036,8,August,2.5339,0.3381,0.0,0.3381
England SE and Central S,2036,9,September,2.6407,1.2783,0.1794,1.0989
England SE and Central S,2036,10,October,2.0706,3.104,1.3672,1.7368
England SE and Central S,2036,11,November,2.2793,6.7471,4.5985,2.1486
England SE and Central S,2036,12,December,0.487,7.4642,6.9796,0.4846
England SE and Central S,2037,1,January,0.4147,10.2808,9.8666,0.4142
England SE and Central S,2037,2,February,0.811,7.8749,7.0691,0.8058
England SE and Central S,2037,3,March,1.3723,6.6736,5.3098,1.3639
England SE and Central S,2037,4,April,1.9373,4.4916,2.6207,1.8709
England SE and Central S,2037,5,May,1.3551,2.0951,1.0749,1.0202
England SE and Central S,2037,6,June,1.5328,0.848,0.1405,0.7076
England SE and Central S,2037,7,July,1.6518,0.2788,0.0007,0.2781
England SE and Central S,2037,8,August,2.237,0.3381,0.0,0.3381
England SE and Central S,2037,9,September,1.8739,1.2783,0.36,0.9183
England SE and Central S,2037,10,October,1.9958,3.104,1.4196,1.6844
England SE and Central S,2037,11,November,2.1449,6.7471,4.7198,2.0273
England SE and Central S,2037,12,December,1.6836,7.4642,5.7967,1.6674
England SE and Central S,2038,1,January,1.5754,10.2808,8.709,1.5719
England SE and Central S,2038,2,February,1.5089,7.8749,6.3799,1.495
England SE and Central S,2038,3,March,1.2458,6.6736,5.4347,1.2389
England SE and Central S,2038,4,April,1.6018,4.4916,2.9324,1.5593
England SE and Central S,2038,5,May,1.7642,2.0951,0.8351,1.2601
England SE and Central S,2038,6,June,2.2232,0.848,0.0422,0.8058
England SE and Central S,2038,7,July,2.5527,0.2788,0.0,0.2788
England SE and Central S,2038,8,August,2.3216,0.3381,0.0,0.3381
England SE and Central S,2038,9,September,2.3569,1.2783,0.2353,1.043
England SE and Central S,2038,10,October,2.6782,3.104,0.9808,2.1232
England SE and Central S,2038,11,November,1.7571,6.7471,5.0745,1.6725
England SE and Central S,2038,12,December,1.5052,7.4642,5.972,1.4921
England SE and Central S,2039,1,January,1.4081,10.2808,8.8756,1.4053
England SE and Central S,2039,2,February,0.6864,7.8749,7.1925,0.6824
England SE and Central S,2039,3,March,1.2559,6.6736,5.4248,1.2488
England SE and Central S,2039,4,April,1.3812,4.4916,3.1413,1.3503
England SE and Central S,2039,5,May,1.8045,2.0951,0.8134,1.2818
England SE and Central S,2039,6,June,1.9578,0.848,0.0692,0.7788
England SE and Central S,2039,7,July,2.1828,0.2788,0.0,0.2788
England SE and Central S,2039,8,August,3.1027,0.3381,0.0,0.3381
England SE and Central S,2039,9,September,2.4233,1.2783,0.2212,1.0571
England SE and Central S,2039,10,October,1.9068,3.104,1.4831,1.6209
England SE and Central S,2039,11,November,1.6293,6.7471,5.1929,1.5542
England SE and Central S,2039,12,December,0.6989,7.4642,6.7691,0.6951
England SE and Central S,2040,1,January,0.8009,10.2808,9.4811,0.7998
England SE and Central S,2040,2,February,1.5878,7.8749,6.3023,1.5726
England SE and Central S,2040,3,March,1.5675,6.6736,5.1172,1.5564
England SE and Central S,2040,4,April,1.4167,4.4916,3.1075,1.3841
England SE and Central S,2040,5,May,1.9775,2.0951,0.7242,1.3709
England SE and Central S,2040,6,June,1.8869,0.848,0.0785,0.7696
England SE and Central S,2040,7,July,2.4145,0.2788,0.0,0.2788
England SE and Central S,2040,8,August,2.6871,0.3381,0.0,0.3381
England SE and Central S,2040,9,September,2.2939,1.2783,0.2493,1.029
England SE and Central S,2040,10,October,2.5616,3.104,1.0494,2.0546
England SE and Central S,2040,11,November,2.0443,6.7471,4.8111,1.936
England SE and Central S,2040,12,December,1.4396,7.4642,6.0366,1.4276
England SE and Central S,2041,1,January,1.172,10.2808,9.1109,1.17
England SE and Central S,2041,2,February,1.6879,7.8749,6.2041,1.6708
England SE and Central S,2041,3,March,0.9964,6.6736,5.6818,0.9918
England SE and Central S,2041,4,April,0.8506,4.4916,3.6536,0.8381
England SE and Central S,2041,5,May,2.0788,2.0951,0.6751,1.4201
England SE and Central S,2041,6,June,2.9083,0.848,0.0097,0.8384
England SE and Central S,2041,7,July,2.2204,0.2788,0.0,0.2788
England SE and Central S,2041,8,August,2.8727,0.3381,0.0,0.3381
England SE and Central S,2041,9,September,3.2268,1.2783,0.0974,1.1809
England SE and Central S,2041,10,October,2.3232,3.104,1.198,1.906
England SE and Central S,2041,11,November,1.787,6.7471,5.0469,1.7002
England SE and Central S,2041,12,December,1.6223,7.4642,5.8569,1.6073
England SE and Central S,2042,1,January,2.0014,10.2808,8.285,1.9958
England SE and Central S,2042,2,February,1.9904,7.8749,5.9081,1.9667
England SE and Central S,2042,3,March,1.5903,6.6736,5.0947,1.5789
England SE and Central S,2042,4,April,1.6514,4.4916,2.8858,1.6059
England SE and Central S,2042,5,May,1.4285,2.0951,1.0293,1.0658
England SE and Central S,2042,6,June,2.0621,0.848,0.0573,0.7907
England SE and Central S,2042,7,July,2.5876,0.2788,0.0,0.2788
England SE and Central S,2042,8,August,2.5218,0.3381,0.0,0.3381
England SE and Central S,2042,9,September,2.7643,1.2783,0.1587,1.1196
England SE and Central S,2042,10,October,2.1532,3.104,1.3106,1.7935
England SE and Central S,2042,11,November,1.8019,6.7471,5.0331,1.7139
England SE and Central S,2042,12,December,2.2198,7.4642,5.2735,2.1907
England SE and Central S,2043,1,January,1.6126,10.2808,8.6719,1.6089
England SE and Central S,2043,2,February,1.0621,7.8749,6.8205,1.0544
England SE and Central S,2043,3,March,0.7797,6.6736,5.897,0.7766
England SE and Central S,2043,4,April,1.7219,4.4916,2.8199,1.6718
England SE and Central S,2043,5,May,2.1224,2.0951,0.6546,1.4406
England SE and Central S,2043,6,June,2.344,0.848,0.0332,0.8148
England SE and Central S,2043,7,July,2.2178,0.2788,0.0,0.2788
England SE and Central S,2043,8,August,3.0202,0.3381,0.0,0.3381
England SE and Central S,2043,9,September,2.774,1.2783,0.1571,1.1212
England SE and Central S,2043,10,October,1.9336,3.104,1.4639,1.6401
England SE and Central S,2043,11,November,1.7996,6.7471,5.0353,1.7118
England SE and Central S,2043,12,December,2.273,7.4642,5.2219,2.2423
England SE and Central S,2044,1,January,1.6606,10.2808,8.624,1.6568
England SE and Central S,2044,2,February,1.5014,7.8749,6.3872,1.4877
England SE and Central S,2044,3,March,1.8267,6.6736,4.8625,1.8111
England SE and Central S,2044,4,April,1.8707,4.4916,2.6819,1.8097
England SE and Central S,2044,5,May,1.7131,2.0951,0.8631,1.232
England SE and Central S,2044,6,June,2.422,0.848,0.0284,0.8197
England SE and Central S,2044,7,July,3.0255,0.2788,0.0,0.2788
England SE and Central S,2044,8,August,3.0002,0.3381,0.0,0.3381
England SE and Central S,2044,9,September,2.6106,1.2783,0.1848,1.0935
England SE and Central S,2044,10,October,2.8427,3.104,0.8887,2.2153
England SE and Central S,2044,11,November,2.0168,6.7471,4.8362,1.9109
England SE and Central S,2044,12,December,1.4539,7.4642,6.0224,1.4417
England SE and Central S,2045,1,January,1.8572,10.2808,8.4284,1.8524
England SE and Central S,2045,2,February,1.5108,7.8749,6.378,1.4969
England SE and Central S,2045,3,March,1.1814,6.6736,5.4985,1.1751
England SE and Central S,2045,4,April,1.8375,4.4916,2.7126,1.7791
England SE and Central S,2045,5,May,2.4494,2.0951,0.514,1.5811
England SE and Central S,2045,6,June,2.5485,0.848,0.0217,0.8263
England SE and Central S,2045,7,July,3.4118,0.2788,0.0,0.2788
England SE and Central S,2045,8,August,3.0181,0.3381,0.0,0.3381
England SE and Central S,2045,9,September,2.8319,1.2783,0.1482,1.1301
England SE and Central S,2045,10,October,2.5382,3.104,1.0635,2.0405
England SE and Central S,2045,11,November,1.4553,6.7471,5.355,1.3921
England SE and Central S,2045,12,December,1.2226,7.4642,6.2506,1.2136
England SE and Central S,2046,1,January,1.5118,10.2808,8.7722,1.5086
England SE and Central S,2046,2,February,1.7205,7.8749,6.172,1.7029
England SE and Central S,2046,3,March,1.3106,6.6736,5.3707,1.3029
England SE and Central S,2046,4,April,1.419,4.4916,3.1053,1.3864
England SE and Central S,2046,5,May,2.2214,2.0951,0.6096,1.4855
England SE and Central S,2046,6,June,1.9173,0.848,0.0744,0.7736
England SE and Central S,2046,7,July,2.6125,0.2788,0.0,0.2788
England SE and Central S,2046,8,August,3.0028,0.3381,0.0,0.3381
England SE and Central S,2046,9,September,3.0726,1.2783,0.1152,1.1631
England SE and Central S,2046,10,October,3.201,3.104,0.7071,2.3969
England SE and Central S,2046,11,November,2.2016,6.7471,4.6684,2.0786
England SE and Central S,2046,12,December,1.729,7.4642,5.7522,1.712
England SE and Central S,2047,1,January,1.3581,10.2808,8.9254,1.3555
England SE and Central S,2047,2,February,1.7044,7.8749,6.1879,1.687
England SE and Central S,2047,3,March,1.95,6.6736,4.7418,1.9318
England SE and Central S,2047,4,April,2.0938,4.4916,2.4784,2.0132
England SE and Central S,2047,5,May,2.3826,2.0951,0.5409,1.5542
England SE and Central S,2047,6,June,2.2805,0.848,0.0377,0.8103
England SE and Central S,2047,7,July,2.6896,0.2788,0.0,0.2788
England SE and Central S,2047,8,August,3.1825,0.3381,0.0,0.3381
England SE and Central S,2047,9,September,3.2297,1.2783,0.0971,1.1812
England SE and Central S,2047,10,October,3.0535,3.104,0.7787,2.3253
England SE and Central S,2047,11,November,2.3918,6.7471,4.4976,2.2495
England SE and Central S,2047,12,December,1.268,7.4642,6.2058,1.2584
England SE and Central S,2048,1,January,1.549,10.2808,8.7352,1.5456
England SE and Central S,2048,2,February,1.3247,7.8749,6.5613,1.3136
England SE and Central S,2048,3,March,1.7572,6.6736,4.9307,1.7429
England SE and Central S,2048,4,April,1.4381,4.4916,3.0872,1.4044
England SE and Central S,2048,5,May,1.793,2.0951,0.8195,1.2756
England SE and Central S,2048,6,June,2.2931,0.848,0.0368,0.8112
England SE and Central S,2048,7,July,2.2757,0.2788,0.0,0.2788
England SE and Central S,2048,8,August,2.964,0.3381,0.0,0.3381
England SE and Central S,2048,9,September,3.1014,1.2783,0.1117,1.1666
England SE and Central S,2048,10,October,3.0126,3.104,0.7993,2.3047
England SE and Central S,2048,11,November,1.8835,6.7471,4.9581,1.789
England SE and Central S,2048,12,December,1.0612,7.4642,6.4101,1.0541
England SE and Central S,2049,1,January,2.4265,10.2808,7.8631,2.4178
England SE and Central S,2049,2,February,1.9062,7.8749,5.9903,1.8846
England SE and Central S,2049,3,March,2.1248,6.6736,4.5714,2.1023
England SE and Central S,2049,4,April,1.6795,4.4916,2.8594,1.6322
England SE and Central S,2049,5,May,2.6591,2.0951,0.4357,1.6594
England SE and Central S,2049,6,June,3.4048,0.848,0.0028,0.8453
England SE and Central S,2049,7,July,3.306,0.2788,0.0,0.2788
England SE and Central S,2049,8,August,3.7172,0.3381,0.0,0.3381
England SE and Central S,2049,9,September,3.3358,1.2783,0.0862,1.192
England SE and Central S,2049,10,October,2.5632,3.104,1.0484,2.0556
England SE and Central S,2049,11,November,2.4703,6.7471,4.4276,2.3195
England SE and Central S,2049,12,December,1.9809,7.4642,5.5059,1.9583
England SE and Central S,2050,1,January,2.605,10.2808,7.6863,2.5946
England SE and Central S,2050,2,February,1.0941,7.8749,6.7888,1.0861
England SE and Central S,2050,3,March,0.9294,6.6736,5.7483,0.9253
England SE and Central S,2050,4,April,2.0119,4.4916,2.5526,1.939
England SE and Central S,2050,5,May,2.1172,2.0951,0.657,1.4381
England SE and Central S,2050,6,June,2.5629,0.848,0.0211,0.8269
England SE and Central S,2050,7,July,2.7047,0.2788,0.0,0.2788
England SE and Central S,2050,8,August,3.6588,0.3381,0.0,0.3381
England SE and Central S,2050,9,September,3.7691,1.2783,0.0519,1.2264
England SE and Central S,2050,10,October,3.2156,3.104,0.7003,2.4037
England SE and Central S,2050,11,November,2.8882,6.7471,4.061,2.6861
England SE and Central S,2050,12,December,2.0248,7.4642,5.4631,2.0011
England SE and Central S,2051,1,January,1.7567,10.2808,8.5285,1.7524
England SE and Central S,2051,2,February,1.8044,7.8749,6.0899,1.785
England SE and Central S,2051,3,March,1.538,6.6736,5.1462,1.5274
England SE and Central S,2051,4,April,1.3374,4.4916,3.1831,1.3085
England SE and Central S,2051,5,May,1.811,2.0951,0.8099,1.2853
England SE and Central S,2051,6,June,3.1839,0.848,0.0049,0.8431
England SE and Central S,2051,7,July,3.2372,0.2788,0.0,0.2788
England SE and Central S,2051,8,August,3.8207,0.3381,0.0,0.3381
England SE and Central S,2051,9,September,2.9053,1.2783,0.1374,1.1409
England SE and Central S,2051,10,October,2.8672,3.104,0.8755,2.2286
England SE and Central S,2051,11,November,2.2583,6.7471,4.6173,2.1298
England SE and Central S,2051,12,December,1.8306,7.4642,5.6527,1.8115
England SE and Central S,2052,1,January,1.671,10.2808,8.6137,1.6672
England SE and Central S,2052,2,February,1.7807,7.8749,6.1131,1.7618
England SE and Central S,2052,3,March,1.8464,6.6736,4.8432,1.8304
England SE and Central S,2052,4,April,2.1502,4.4916,2.4277,2.064
England SE and Central S,2052,5,May,2.9392,2.0951,0.3449,1.7502
England SE and Central S,2052,6,June,3.0156,0.848,0.0075,0.8405
England SE and Central S,2052,7,July,3.8962,0.2788,0.0,0.2788
England SE and Central S,2052,8,August,4.4996,0.3381,0.0,0.3381
England SE and Central S,2052,9,September,3.5199,1.2783,0.0698,1.2085
England SE and Central S,2052,10,October,3.2679,3.104,0.6761,2.4279
England SE and Central S,2052,11,November,2.8283,6.7471,4.1129,2.6341
England SE and Central S,2052,12,December,2.4756,7.4642,5.0262,2.438
England SE and Central S,2053,1,January,1.8923,10.2808,8.3936,1.8873
England SE and Central S,2053,2,February,1.366,7.8749,6.5205,1.3544
England SE and Central S,2053,3,March,1.8453,6.6736,4.8443,1.8294
England SE and Central S,2053,4,April,2.7332,4.4916,1.9236,2.5681
England SE and Central S,2053,5,May,2.0876,2.0951,0.6709,1.4242
England SE and Central S,2053,6,June,2.9419,0.848,0.0089,0.8391
England SE and Central S,2053,7,July,3.7887,0.2788,0.0,0.2788
England SE and Central S,2053,8,August,3.4668,0.3381,0.0,0.3381
England SE and Central S,2053,9,September,3.7782,1.2783,0.0513,1.227
England SE and Central S,2053,10,October,2.9816,3.104,0.8152,2.2888
England SE and Central S,2053,11,November,2.3644,6.7471,4.5221,2.225
England SE and Central S,2053,12,December,1.4198,7.4642,6.056,1.4081
England SE and Central S,2054,1,January,1.887,10.2808,8.3988,1.882
England SE and Central S,2054,2,February,0.3963,7.8749,7.4806,0.3943
England SE and Central S,2054,3,March,1.8415,6.6736,4.848,1.8256
England SE and Central S,2054,4,April,1.6848,4.4916,2.8545,1.6372
England SE and Central S,2054,5,May,2.8487,2.0951,0.3726,1.7225
England SE and Central S,2054,6,June,2.2642,0.848,0.039,0.809
England SE and Central S,2054,7,July,3.8161,0.2788,0.0,0.2788
England SE and Central S,2054,8,August,3.7392,0.3381,0.0,0.3381
England SE and Central S,2054,9,September,3.0687,1.2783,0.1157,1.1626
England SE and Central S,2054,10,October,2.8944,3.104,0.8609,2.2431
England SE and Central S,2054,11,November,2.5696,6.7471,4.3396,2.4075
England SE and Central S,2054,12,December,2.6383,7.4642,4.8698,2.5943
England SE and Central S,2055,1,January,2.1457,10.2808,8.1417,2.1391
England SE and Central S,2055,2,February,2.2187,7.8749,5.686,2.1889
England SE and Central S,2055,3,March,1.7103,6.6736,4.9767,1.6969
England SE and Central S,2055,4,April,1.901,4.4916,2.654,1.8376
England SE and Central S,2055,5,May,2.943,2.0951,0.3438,1.7513
England SE and Central S,2055,6,June,3.3359,0.848,0.0033,0.8447
England SE and Central S,2055,7,July,3.5777,0.2788,0.0,0.2788
England SE and Central S,2055,8,August,3.5367,0.3381,0.0,0.3381
England SE and Central S,2055,9,September,3.1633,1.2783,0.1044,1.1739
England SE and Central S,2055,10,October,2.8735,3.104,0.8721,2.2319
England SE and Central S,2055,11,November,3.0797,6.7471,3.8966,2.8505
England SE and Central S,2055,12,December,3.1226,7.4642,4.4099,3.0543
England SE and Central S,2056,1,January,2.2621,10.2808,8.0262,2.2547
England SE and Central S,2056,2,February,1.9452,7.8749,5.9522,1.9227
England SE and Central S,2056,3,March,1.7284,6.6736,4.9589,1.7147
England SE and Central S,2056,4,April,2.086,4.4916,2.4854,2.0062
England SE and Central S,2056,5,May,2.0934,2.0951,0.6682,1.427
England SE and Central S,2056,6,June,2.9356,0.848,0.0091,0.839
England SE and Central S,2056,7,July,4.2864,0.2788,0.0,0.2788
England SE and Central S,2056,8,August,4.6423,0.3381,0.0,0.3381
England SE and Central S,2056,9,September,3.9837,1.2783,0.0397,1.2386
England SE and Central S,2056,10,October,3.175,3.104,0.7194,2.3846
England SE and Central S,2056,11,November,3.291,6.7471,3.718,3.0291
England SE and Central S,2056,12,December,2.0928,7.4642,5.3968,2.0673
England SE and Central S,2057,1,January,1.9311,10.2808,8.355,1.9259
England SE and Central S,2057,2,February,2.4707,7.8749,5.442,2.4329
England SE and Central S,2057,3,March,2.0155,6.6736,4.6779,1.9958
England SE and Central S,2057,4,April,2.0283,4.4916,2.5377,1.9539
England SE and Central S,2057,5,May,2.7808,2.0951,0.3944,1.7008
England SE and Central S,2057,6,June,3.8289,0.848,0.0008,0.8472
England SE and Central S,2057,7,July,4.3162,0.2788,0.0,0.2788
England SE and Central S,2057,8,August,4.1613,0.3381,0.0,0.3381
England SE and Central S,2057,9,September,4.0041,1.2783,0.0387,1.2396
England SE and Central S,2057,10,October,3.3025,3.104,0.6605,2.4435
England SE and Central S,2057,11,November,3.3023,6.7471,3.7085,3.0386
England SE and Central S,2057,12,December,3.1555,7.4642,4.379,3.0852
England SE and Central S,2058,1,January,2.3684,10.2808,7.9207,2.3601
England SE and Central S,2058,2,February,2.4011,7.8749,5.5092,2.3657
England SE and Central S,2058,3,March,1.6096,6.6736,5.0757,1.5979
England SE and Central S,2058,4,April,1.6704,4.4916,2.868,1.6237
England SE and Central S,2058,5,May,2.8543,2.0951,0.3708,1.7243
England SE and Central S,2058,6,June,3.1041,0.848,0.006,0.842
England SE and Central S,2058,7,July,4.0762,0.2788,0.0,0.2788
England SE and Central S,2058,8,August,4.5256,0.3381,0.0,0.3381
England SE and Central S,2058,9,September,3.6701,1.2783,0.0585,1.2198
England SE and Central S,2058,10,October,3.7184,3.104,0.4908,2.6132
England SE and Central S,2058,11,November,3.3911,6.7471,3.6345,3.1126
England SE and Central S,2058,12,December,2.7945,7.4642,4.7205,2.7436
England SE and Central S,2059,1,January,2.147,10.2808,8.1404,2.1404
England SE and Central S,2059,2,February,2.3734,7.8749,5.536,2.3388
England SE and Central S,2059,3,March,2.764,6.6736,3.9557,2.7179
England SE and Central S,2059,4,April,2.4248,4.4916,2.1853,2.3064
England SE and Central S,2059,5,May,2.6625,2.0951,0.4345,1.6606
England SE and Central S,2059,6,June,3.1629,0.848,0.0052,0.8428
England SE and Central S,2059,7,July,4.1324,0.2788,0.0,0.2788
England SE and Central S,2059,8,August,4.0659,0.3381,0.0,0.3381
England SE and Central S,2059,9,September,4.1598,1.2783,0.0317,1.2466
England SE and Central S,2059,10,October,3.9308,3.104,0.4172,2.6868
England SE and Central S,2059,11,November,3.0026,6.7471,3.9624,2.7846
England SE and Central S,2059,12,December,2.8007,7.4642,4.7147,2.7495
England SE and Central S,2060,1,January,2.6476,10.2808,7.6441,2.6367
England SE and Central S,2060,2,February,2.5674,7.8749,5.3489,2.526
England SE and Central S,2060,3,March,1.9127,6.6736,4.7783,1.8953
England SE and Central S,2060,4,April,2.2897,4.4916,2.3035,2.1881
England SE and Central S,2060,5,May,2.7224,2.0951,0.4139,1.6813
England SE and Central S,2060,6,June,3.9592,0.848,0.0006,0.8475
England SE and Central S,2060,7,July,4.6164,0.2788,0.0,0.2788
England SE and Central S,2060,8,August,4.8962,0.3381,0.0,0.3381
England SE and Central S,2060,9,September,3.7745,1.2783,0.0515,1.2268
England SE and Central S,2060,10,October,3.3905,3.104,0.6217,2.4823
England SE and Central S,2060,11,November,2.7562,6.7471,4.1756,2.5714
England SE and Central S,2060,12,December,2.4796,7.4642,5.0223,2.4419
England SE and Central S,2061,1,January,2.6836,10.2808,7.6085,2.6724
England SE and Central S,2061,2,February,2.0435,7.8749,5.8564,2.0185
England SE and Central S,2061,3,March,1.8686,6.6736,4.8215,1.8521
England SE and Central S,2061,4,April,2.3727,4.4916,2.2307,2.261
England SE and Central S,2061,5,May,2.9871,2.0951,0.3309,1.7642
England SE and Central S,2061,6,June,3.7053,0.848,0.0012,0.8468
England SE and Central S,2061,7,July,3.7351,0.2788,0.0,0.2788
England SE and Central S,2061,8,August,4.2691,0.3381,0.0,0.3381
England SE and Central S,2061,9,September,4.05,1.2783,0.0365,1.2418
England SE and Central S,2061,10,October,3.9724,3.104,0.4038,2.7002
England SE and Central S,2061,11,November,3.3475,6.7471,3.6708,3.0763
England SE and Central S,2061,12,December,3.2166,7.4642,4.3217,3.1425
England SE and Central S,2062,1,January,2.3783,10.2808,7.9108,2.37
England SE and Central S,2062,2,February,2.2175,7.8749,5.6871,2.1878
England SE and Central S,2062,3,March,1.9904,6.6736,4.7024,1.9712
England SE and Central S,2062,4,April,2.8002,4.4916,1.8684,2.6233
England SE and Central S,2062,5,May,2.7151,2.0951,0.4163,1.6788
England SE and Central S,2062,6,June,3.7823,0.848,0.001,0.8471
England SE and Central S,2062,7,July,4.2194,0.2788,0.0,0.2788
England SE and Central S,2062,8,August,4.9781,0.3381,0.0,0.3381
England SE and Central S,2062,9,September,4.7648,1.2783,0.0138,1.2645
England SE and Central S,2062,10,October,3.8352,3.104,0.4493,2.6547
England SE and Central S,2062,11,November,3.3247,6.7471,3.6898,3.0573
England SE and Central S,2062,12,December,2.5234,7.4642,4.9801,2.484
England SE and Central S,2063,1,January,2.0774,10.2808,8.2095,2.0713
England SE and Central S,2063,2,February,1.9193,7.8749,5.9775,1.8974
England SE and Central S,2063,3,March,1.9715,6.6736,4.7209,1.9527
England SE and Central S,2063,4,April,2.2693,4.4916,2.3215,2.1701
England SE and Central S,2063,5,May,2.8108,2.0951,0.3847,1.7105
England SE and Central S,2063,6,June,4.5072,0.848,0.0001,0.8479
England SE and Central S,2063,7,July,4.3506,0.2788,0.0,0.2788
England SE and Central S,2063,8,August,5.7337,0.3381,0.0,0.3381
England SE and Central S,2063,9,September,4.4216,1.2783,0.0223,1.256
England SE and Central S,2063,10,October,4.5729,3.104,0.2434,2.8606
England SE and Central S,2063,11,November,2.8692,6.7471,4.0775,2.6696
England SE and Central S,2063,12,December,2.9058,7.4642,4.6147,2.8495
England SE and Central S,2064,1,January,3.3355,10.2808,6.9656,3.3152
England SE and Central S,2064,2,February,2.6094,7.8749,5.3084,2.5665
England SE and Central S,2064,3,March,2.3865,6.6736,4.3177,2.356
England SE and Central S,2064,4,April,1.9649,4.4916,2.5954,1.8962
England SE and Central S,2064,5,May,2.8543,2.0951,0.3708,1.7243
England SE and Central S,2064,6,June,3.7554,0.848,0.001,0.847
England SE and Central S,2064,7,July,4.691,0.2788,0.0,0.2788
England SE and Central S,2064,8,August,5.3881,0.3381,0.0,0.3381
England SE and Central S,2064,9,September,4.1875,1.2783,0.0305,1.2478
England SE and Central S,2064,10,October,3.8991,3.104,0.4276,2.6764
England SE and Central S,2064,11,November,3.7367,6.7471,3.3518,3.3952
England SE and Central S,2064,12,December,3.268,7.4642,4.2736,3.1906
England SE and Central S,2065,1,January,2.4485,10.2808,7.8413,2.4396
England SE and Central S,2065,2,February,1.905,7.8749,5.9915,1.8834
England SE and Central S,2065,3,March,2.5024,6.6736,4.2059,2.4677
England SE and Central S,2065,4,April,1.5738,4.4916,2.9587,1.5329
England SE and Central S,2065,5,May,2.802,2.0951,0.3875,1.7077
England SE and Central S,2065,6,June,3.8506,0.848,0.0008,0.8472
England SE and Central S,2065,7,July,4.6661,0.2788,0.0,0.2788
England SE and Central S,2065,8,August,4.8514,0.3381,0.0,0.3381
England SE and Central S,2065,9,September,4.5731,1.2783,0.0181,1.2602
England SE and Central S,2065,10,October,4.4378,3.104,0.2743,2.8297
England SE and Central S,2065,11,November,2.8287,6.7471,4.1126,2.6345
England SE and Central S,2065,12,December,2.769,7.4642,4.7449,2.7193
England SE and Central S,2066,1,January,2.0637,10.2808,8.2232,2.0577
England SE and Central S,2066,2,February,2.4053,7.8749,5.5051,2.3698
England SE and Central S,2066,3,March,2.4572,6.6736,4.2494,2.4242
England SE and Central S,2066,4,April,2.173,4.4916,2.4073,2.0844
England SE and Central S,2066,5,May,3.139,2.0951,0.2892,1.8059
England SE and Central S,2066,6,June,3.7379,0.848,0.0011,0.8469
England SE and Central S,2066,7,July,4.6312,0.2788,0.0,0.2788
England SE and Central S,2066,8,August,4.8884,0.3381,0.0,0.3381
England SE and Central S,2066,9,September,4.4324,1.2783,0.022,1.2563
England SE and Central S,2066,10,October,3.8011,3.104,0.4612,2.6429
England SE and Central S,2066,11,November,3.1254,6.7471,3.8577,2.8894
England SE and Central S,2066,12,December,2.936,7.4642,4.586,2.8781
England SE and Central S,2067,1,January,2.6948,10.2808,7.5973,2.6835
England SE and Central S,2067,2,February,2.8016,7.8749,5.1243,2.7506
England SE and Central S,2067,3,March,2.3571,6.6736,4.346,2.3276
England SE and Central S,2067,4,April,2.2009,4.4916,2.3823,2.1093
England SE and Central S,2067,5,May,3.1774,2.0951,0.2794,1.8158
England SE and Central S,2067,6,June,3.9174,0.848,0.0006,0.8474
England SE and Central S,2067,7,July,4.3701,0.2788,0.0,0.2788
England SE and Central S,2067,8,August,5.3771,0.3381,0.0,0.3381
England SE and Central S,2067,9,September,4.6118,1.2783,0.0171,1.2612
England SE and Central S,2067,10,October,3.9242,3.104,0.4194,2.6846
England SE and Central S,2067,11,November,3.4603,6.7471,3.5772,3.1699
England SE and Central S,2067,12,December,3.0947,7.4642,4.4361,3.0281
England SE and Central S,2068,1,January,3.4619,10.2808,6.8416,3.4392
England SE and Central S,2068,2,February,3.2429,7.8749,4.7061,3.1688
England SE and Central S,2068,3,March,2.2971,6.6736,4.4041,2.2695
England SE and Central S,2068,4,April,2.5011,4.4916,2.1194,2.3722
England SE and Central S,2068,5,May,3.0523,2.0951,0.3125,1.7826
England SE and Central S,2068,6,June,4.2284,0.848,0.0002,0.8478
England SE and Central S,2068,7,July,4.6234,0.2788,0.0,0.2788
England SE and Central S,2068,8,August,5.6026,0.3381,0.0,0.3381
England SE and Central S,2068,9,September,4.6833,1.2783,0.0155,1.2628
England SE and Central S,2068,10,October,4.3378,3.104,0.2991,2.8049
England SE and Central S,2068,11,November,3.2554,6.7471,3.7478,2.9992
England SE and Central S,2068,12,December,3.1362,7.4642,4.3971,3.0671
England SE and Central S,2069,1,January,2.628,10.2808,7.6635,2.6174
England SE and Central S,2069,2,February,1.5245,7.8749,6.3645,1.5104
England SE and Central S,2069,3,March,1.4912,6.6736,5.1924,1.4812
England SE and Central S,2069,4,April,2.7899,4.4916,1.8768,2.6148
England SE and Central S,2069,5,May,4.0038,2.0951,0.1229,1.9723
England SE and Central S,2069,6,June,3.7334,0.848,0.0011,0.8469
England SE and Central S,2069,7,July,5.0609,0.2788,0.0,0.2788
England SE and Central S,2069,8,August,5.6688,0.3381,0.0,0.3381
England SE and Central S,2069,9,September,4.5029,1.2783,0.02,1.2583
England SE and Central S,2069,10,October,3.0109,3.104,0.8002,2.3038
England SE and Central S,2069,11,November,3.247,6.7471,3.7549,2.9922
England SE and Central S,2069,12,December,3.0809,7.4642,4.4491,3.015
England SE and Central S,2070,1,January,2.8862,10.2808,7.4082,2.8726
England SE and Central S,2070,2,February,2.8085,7.8749,5.1178,2.7571
England SE and Central S,2070,3,March,2.3623,6.6736,4.341,2.3326
England SE and Central S,2070,4,April,2.4304,4.4916,2.1804,2.3113
England SE and Central S,2070,5,May,2.8225,2.0951,0.3809,1.7142
England SE and Central S,2070,6,June,3.6122,0.848,0.0016,0.8465
England SE and Central S,2070,7,July,4.7079,0.2788,0.0,0.2788
England SE and Central S,2070,8,August,5.3535,0.3381,0.0,0.3381
England SE and Central S,2070,9,September,4.7416,1.2783,0.0142,1.264
England SE and Central S,2070,10,October,4.2275,3.104,0.3282,2.7758
England SE and Central S,2070,11,November,3.8122,6.7471,3.2913,3.4558
England SE and Central S,2070,12,December,3.4566,7.4642,4.0983,3.3658
England SE and Central S,2071,1,January,3.6916,10.2808,6.6168,3.6641
England SE and Central S,2071,2,February,2.5448,7.8749,5.3706,2.5043
England SE and Central S,2071,3,March,2.6543,6.6736,4.0604,2.6132
England SE and Central S,2071,4,April,3.5144,4.4916,1.3237,3.1679
England SE and Central S,2071,5,May,3.8437,2.0951,0.1457,1.9494
England SE and Central S,2071,6,June,4.9059,0.848,0.0,0.848
England SE and Central S,2071,7,July,4.8338,0.2788,0.0,0.2788
England SE and Central S,2071,8,August,5.6992,0.3381,0.0,0.3381
England SE and Central S,2071,9,September,5.136,1.2783,0.0079,1.2704
England SE and Central S,2071,10,October,4.324,3.104,0.3026,2.8014
England SE and Central S,2071,11,November,4.0754,6.7471,3.0841,3.663
England SE and Central S,2071,12,December,3.2393,7.4642,4.3004,3.1638
England SE and Central S,2072,1,January,2.8231,10.2808,7.4706,2.8103
England SE and Central S,2072,2,February,2.8751,7.8749,5.0541,2.8207
England SE and Central S,2072,3,March,3.1636,6.6736,3.5793,3.0943
England SE and Central S,2072,4,April,2.2149,4.4916,2.3698,2.1218
England SE and Central S,2072,5,May,2.494,2.0951,0.4966,1.5985
England SE and Central S,2072,6,June,4.428,0.848,0.0001,0.8479
England SE and Central S,2072,7,July,5.7565,0.2788,0.0,0.2788
England SE and Central S,2072,8,August,6.656,0.3381,0.0,0.3381
England SE and Central S,2072,9,September,5.2838,1.2783,0.0063,1.272
England SE and Central S,2072,10,October,4.9324,3.104,0.1743,2.9297
England SE and Central S,2072,11,November,3.9457,6.7471,3.1855,3.5616
England SE and Central S,2072,12,December,3.5333,7.4642,4.0276,3.4366
England SE and Central S,2073,1,January,2.6651,10.2808,7.6268,2.6541
England SE and Central S,2073,2,February,2.7275,7.8749,5.1952,2.6797
England SE and Central S,2073,3,March,3.5902,6.6736,3.1874,3.4862
England SE and Central S,2073,4,April,2.8765,4.4916,1.8063,2.6853
England SE and Central S,2073,5,May,4.5865,2.0951,0.063,2.0321
England SE and Central S,2073,6,June,4.0621,0.848,0.0004,0.8476
England SE and Central S,2073,7,July,4.6072,0.2788,0.0,0.2788
England SE and Central S,2073,8,August,5.64,0.3381,0.0,0.3381
England SE and Central S,2073,9,September,5.1148,1.2783,0.0082,1.2701
England SE and Central S,2073,10,October,4.9651,3.104,0.1689,2.9351
England SE and Central S,2073,11,November,3.8252,6.7471,3.2809,3.4661
England SE and Central S,2073,12,December,3.352,7.4642,4.1953,3.2689
England SE and Central S,2074,1,January,3.1935,10.2808,7.1052,3.1756
England SE and Central S,2074,2,February,3.1566,7.8749,4.7874,3.0875
England SE and Central S,2074,3,March,2.6418,6.6736,4.0723,2.6013
England SE and Central S,2074,4,April,2.8188,4.4916,1.8531,2.6385
England SE and Central S,2074,5,May,3.3009,2.0951,0.2494,1.8458
England SE and Central S,2074,6,June,3.946,0.848,0.0006,0.8474
England SE and Central S,2074,7,July,4.8147,0.2788,0.0,0.2788
England SE and Central S,2074,8,August,5.5074,0.3381,0.0,0.3381
England SE and Central S,2074,9,September,4.6475,1.2783,0.0163,1.262
England SE and Central S,2074,10,October,4.5022,3.104,0.2593,2.8448
England SE and Central S,2074,11,November,4.2382,6.7471,2.9588,3.7883
England SE and Central S,2074,12,December,3.6707,7.4642,3.9016,3.5626
England SE and Central S,2075,1,January,2.8891,10.2808,7.4054,2.8755
England SE and Central S,2075,2,February,2.7801,7.8749,5.1449,2.73
England SE and Central S,2075,3,March,3.2543,6.6736,3.495,3.1786
England SE and Central S,2075,4,April,2.5241,4.4916,2.0997,2.392
England SE and Central S,2075,5,May,3.5211,2.0951,0.202,1.8931
England SE and Central S,2075,6,June,4.101,0.848,0.0004,0.8477
England SE and Central S,2075,7,July,5.9953,0.2788,0.0,0.2788
England SE and Central S,2075,8,August,6.6607,0.3381,0.0,0.3381
England SE and Central S,2075,9,September,5.7346,1.2783,0.003,1.2753
England SE and Central S,2075,10,October,4.9648,3.104,0.1689,2.9351
England SE and Central S,2075,11,November,4.0501,6.7471,3.1037,3.6434
England SE and Central S,2075,12,December,3.4075,7.4642,4.1437,3.3204
England SE and Central S,2076,1,January,2.9929,10.2808,7.3029,2.9779
England SE and Central S,2076,2,February,2.9029,7.8749,5.0277,2.8472
England SE and Central S,2076,3,March,3.2867,6.6736,3.465,3.2086
England SE and Central S,2076,4,April,3.4008,4.4916,1.4045,3.0872
England SE and Central S,2076,5,May,4.1645,2.0951,0.103,1.9922
England SE and Central S,2076,6,June,4.8326,0.848,0.0,0.848
England SE and Central S,2076,7,July,6.2154,0.2788,0.0,0.2788
England SE and Central S,2076,8,August,6.586,0.3381,0.0,0.3381
England SE and Central S,2076,9,September,5.5748,1.2783,0.004,1.2743
England SE and Central S,2076,10,October,4.9488,3.104,0.1716,2.9324
England SE and Central S,2076,11,November,4.186,6.7471,2.9987,3.7484
England SE and Central S,2076,12,December,3.776,7.4642,3.8057,3.6585
England SE and Central S,2077,1,January,2.4763,10.2808,7.8138,2.4671
England SE and Central S,2077,2,February,3.0725,7.8749,4.8667,3.0082
England SE and Central S,2077,3,March,3.0276,6.6736,3.7065,2.9671
England SE and Central S,2077,4,April,3.0815,4.4916,1.6438,2.8478
England SE and Central S,2077,5,May,3.3026,2.0951,0.2489,1.8462
England SE and Central S,2077,6,June,3.9176,0.848,0.0006,0.8474
England SE and Central S,2077,7,July,5.3507,0.2788,0.0,0.2788
England SE and Central S,2077,8,August,6.0858,0.3381,0.0,0.3381
England SE and Central S,2077,9,September,5.102,1.2783,0.0084,1.2699
England SE and Central S,2077,10,October,4.6053,3.104,0.2365,2.8675
England SE and Central S,2077,11,November,3.9038,6.7471,3.2186,3.5285
England SE and Central S,2077,12,December,3.5772,7.4642,3.9872,3.477
England SE and Central S,2078,1,January,2.6411,10.2808,7.6505,2.6303
England SE and Central S,2078,2,February,2.7681,7.8749,5.1563,2.7186
England SE and Central S,2078,3,March,2.8538,6.6736,3.8705,2.8031
England SE and Central S,2078,4,April,3.1977,4.4916,1.5547,2.937
England SE and Central S,2078,5,May,3.5148,2.0951,0.2033,1.8919
England SE and Central S,2078,6,June,5.1043,0.848,0.0,0.848
England SE and Central S,2078,7,July,5.7391,0.2788,0.0,0.2788
England SE and Central S,2078,8,August,6.4962,0.3381,0.0,0.3381
England SE and Central S,2078,9,September,5.6627,1.2783,0.0034,1.2749
England SE and Central S,2078,10,October,5.0476,3.104,0.1558,2.9482
England SE and Central S,2078,11,November,4.2292,6.7471,2.9657,3.7813
England SE and Central S,2078,12,December,3.9071,7.4642,3.6873,3.7769
England SE and Central S,2079,1,January,3.4034,10.2808,6.899,3.3818
England SE and Central S,2079,2,February,3.4619,7.8749,4.5014,3.3735
England SE and Central S,2079,3,March,3.1,6.6736,3.6387,3.0349
England SE and Central S,2079,4,April,3.3721,4.4916,1.4252,3.0664
England SE and Central S,2079,5,May,4.3779,2.0951,0.0807,2.0144
England SE and Central S,2079,6,June,5.1118,0.848,0.0,0.848
England SE and Central S,2079,7,July,6.0022,0.2788,0.0,0.2788
England SE and Central S,2079,8,August,7.1155,0.3381,0.0,0.3381
England SE and Central S,2079,9,September,5.6358,1.2783,0.0036,1.2747
England SE and Central S,2079,10,October,4.9963,3.104,0.1638,2.9402
England SE and Central S,2079,11,November,4.5472,6.7471,2.7277,4.0194
England SE and Central S,2079,12,December,3.5537,7.4642,4.0087,3.4555
England SE and Central S,2080,1,January,3.2445,10.2808,7.0551,3.2258
England SE and Central S,2080,2,February,2.8319,7.8749,5.0954,2.7795
England SE and Central S,2080,3,March,2.6306,6.6736,4.083,2.5906
England SE and Central S,2080,4,April,3.0395,4.4916,1.6766,2.8151
England SE and Central S,2080,5,May,3.6401,2.0951,0.1795,1.9156
England SE and Central S,2080,6,June,4.6743,0.848,0.0001,0.848
England SE and Central S,2080,7,July,6.7004,0.2788,0.0,0.2788
England SE and Central S,2080,8,August,6.7972,0.3381,0.0,0.3381
England SE and Central S,2080,9,September,5.4211,1.2783,0.0051,1.2732
England SE and Central S,2080,10,October,5.6356,3.104,0.0845,3.0196
England SE and Central S,2080,11,November,4.7166,6.7471,2.6048,4.1422
England SW and S Wales,2026,1,January,-0.1848,9.9874,10.1719,-0.1846
England SW and S Wales,2026,2,February,0.6893,7.3506,6.6645,0.6861
England SW and S Wales,2026,3,March,1.1954,7.1138,5.9245,1.1892
England SW and S Wales,2026,4,April,0.7986,5.1424,4.3454,0.797
England SW and S Wales,2026,5,May,1.4056,2.7963,1.5475,1.2488
England SW and S Wales,2026,6,June,1.4113,1.2962,0.3931,0.9031
England SW and S Wales,2026,7,July,1.4013,0.7438,0.0955,0.6483
England SW and S Wales,2026,8,August,1.6534,0.8407,0.0948,0.7458
England SW and S Wales,2026,9,September,1.9444,1.9594,0.7284,1.231
England SW and S Wales,2026,10,October,1.6429,3.34,1.8571,1.4829
England SW and S Wales,2026,11,November,1.2979,6.3655,5.1399,1.2257
England SW and S Wales,2026,12,December,0.38,7.2272,6.8505,0.3767
England SW and S Wales,2027,1,January,0.5045,9.9874,9.4838,0.5035
England SW and S Wales,2027,2,February,0.677,7.3506,6.6768,0.6738
England SW and S Wales,2027,3,March,1.2257,7.1138,5.8945,1.2192
England SW and S Wales,2027,4,April,1.1778,5.1424,3.9683,1.1741
England SW and S Wales,2027,5,May,1.0281,2.7963,1.8595,0.9368
England SW and S Wales,2027,6,June,1.6026,1.2962,0.3171,0.9791
England SW and S Wales,2027,7,July,0.9845,0.7438,0.2044,0.5394
England SW and S Wales,2027,8,August,1.882,0.8407,0.0615,0.7792
England SW and S Wales,2027,9,September,1.7573,1.9594,0.817,1.1424
England SW and S Wales,2027,10,October,1.3288,3.34,2.1198,1.2201
England SW and S Wales,2027,11,November,1.5666,6.3655,4.8938,1.4717
England SW and S Wales,2027,12,December,1.7726,7.2272,5.4857,1.7415
England SW and S Wales,2028,1,January,0.6167,9.9874,9.3719,0.6154
England SW and S Wales,2028,2,February,1.2847,7.3506,6.0747,1.2759
England SW and S Wales,2028,3,March,0.6171,7.1138,6.4988,0.6149
England SW and S Wales,2028,4,April,0.5402,5.1424,4.603,0.5394
England SW and S Wales,2028,5,May,1.5662,2.7963,1.422,1.3744
England SW and S Wales,2028,6,June,1.4657,1.2962,0.3703,0.9259
England SW and S Wales,2028,7,July,1.7419,0.7438,0.0459,0.6979
England SW and S Wales,2028,8,August,1.6263,0.8407,0.0996,0.741
England SW and S Wales,2028,9,September,1.5549,1.9594,0.9204,1.039
England SW and S Wales,2028,10,October,1.8278,3.34,1.7089,1.6311
England SW and S Wales,2028,11,November,1.4937,6.3655,4.9603,1.4053
England SW and S Wales,2028,12,December,1.1842,7.2272,6.0585,1.1687
England SW and S Wales,2029,1,January,0.861,9.9874,9.1283,0.8591
England SW and S Wales,2029,2,February,0.2369,7.3506,7.1146,0.236
England SW and S Wales,2029,3,March,0.6545,7.1138,6.4616,0.6521
England SW and S Wales,2029,4,April,1.2667,5.1424,3.8802,1.2622
England SW and S Wales,2029,5,May,1.3132,2.7963,1.6218,1.1745
England SW and S Wales,2029,6,June,2.3223,1.2962,0.1235,1.1727
England SW and S Wales,2029,7,July,2.2699,0.7438,0.012,0.7318
England SW and S Wales,2029,8,August,2.1354,0.8407,0.0364,0.8043
England SW and S Wales,2029,9,September,1.3374,1.9594,1.0401,0.9192
England SW and S Wales,2029,10,October,1.1676,3.34,2.2594,1.0805
England SW and S Wales,2029,11,November,0.9907,6.3655,5.425,0.9405
England SW and S Wales,2029,12,December,1.4044,7.2272,5.8434,1.3838
England SW and S Wales,2030,1,January,1.0694,9.9874,8.9206,1.0667
England SW and S Wales,2030,2,February,1.1652,7.3506,6.1928,1.1578
England SW and S Wales,2030,3,March,0.838,7.1138,6.2791,0.8346
England SW and S Wales,2030,4,April,0.8651,5.1424,4.2792,0.8632
England SW and S Wales,2030,5,May,1.3286,2.7963,1.6093,1.187
England SW and S Wales,2030,6,June,0.9179,1.2962,0.642,0.6541
England SW and S Wales,2030,7,July,1.9402,0.7438,0.0286,0.7152
England SW and S Wales,2030,8,August,1.8768,0.8407,0.0621,0.7786
England SW and S Wales,2030,9,September,1.3747,1.9594,1.0189,0.9404
England SW and S Wales,2030,10,October,1.2971,3.34,2.1471,1.1929
England SW and S Wales,2030,11,November,1.1603,6.3655,5.2671,1.0984
England SW and S Wales,2030,12,December,1.0171,7.2272,6.2224,1.0048
England SW and S Wales,2031,1,January,0.9708,9.9874,9.0189,0.9685
England SW and S Wales,2031,2,February,0.3789,7.3506,6.9732,0.3774
England SW and S Wales,2031,3,March,1.1105,7.1138,6.0086,1.1051
England SW and S Wales,2031,4,April,0.7777,5.1424,4.3662,0.7761
England SW and S Wales,2031,5,May,1.7038,2.7963,1.3182,1.4781
England SW and S Wales,2031,6,June,0.7775,1.2962,0.7269,0.5693
England SW and S Wales,2031,7,July,1.735,0.7438,0.0467,0.6971
England SW and S Wales,2031,8,August,1.8806,0.8407,0.0616,0.779
England SW and S Wales,2031,9,September,2.0905,1.9594,0.6637,1.2957
England SW and S Wales,2031,10,October,1.6924,3.34,1.8169,1.5231
England SW and S Wales,2031,11,November,1.2345,6.3655,5.1984,1.1671
England SW and S Wales,2031,12,December,1.9958,7.2272,5.2705,1.9567
England SW and S Wales,2032,1,January,0.6624,9.9874,9.3263,0.6611
England SW and S Wales,2032,2,February,0.6897,7.3506,6.6642,0.6864
England SW and S Wales,2032,3,March,0.8425,7.1138,6.2746,0.8391
England SW and S Wales,2032,4,April,0.6694,5.1424,4.4742,0.6682
England SW and S Wales,2032,5,May,1.4966,2.7963,1.4759,1.3205
England SW and S Wales,2032,6,June,1.2926,1.2962,0.4459,0.8503
England SW and S Wales,2032,7,July,2.2151,0.7438,0.0139,0.7299
England SW and S Wales,2032,8,August,1.5062,0.8407,0.1231,0.7176
England SW and S Wales,2032,9,September,2.0544,1.9594,0.6793,1.2801
England SW and S Wales,2032,10,October,1.8108,3.34,1.7223,1.6176
England SW and S Wales,2032,11,November,0.5907,6.3655,5.8013,0.5643
England SW and S Wales,2032,12,December,1.0495,7.2272,6.1906,1.0366
England SW and S Wales,2033,1,January,0.9216,9.9874,9.0679,0.9195
England SW and S Wales,2033,2,February,0.8579,7.3506,6.4972,0.8534
England SW and S Wales,2033,3,March,0.661,7.1138,6.4551,0.6587
England SW and S Wales,2033,4,April,1.3051,5.1424,3.8421,1.3003
England SW and S Wales,2033,5,May,1.2873,2.7963,1.6429,1.1534
England SW and S Wales,2033,6,June,2.6991,1.2962,0.0688,1.2274
England SW and S Wales,2033,7,July,2.097,0.7438,0.0191,0.7247
England SW and S Wales,2033,8,August,2.7754,0.8407,0.0078,0.8328
England SW and S Wales,2033,9,September,1.8371,1.9594,0.7784,1.181
England SW and S Wales,2033,10,October,1.8158,3.34,1.7183,1.6216
England SW and S Wales,2033,11,November,1.4433,6.3655,5.0063,1.3592
England SW and S Wales,2033,12,December,1.1214,7.2272,6.12,1.1072
England SW and S Wales,2034,1,January,0.2163,9.9874,9.7714,0.216
England SW and S Wales,2034,2,February,0.1776,7.3506,7.1736,0.177
England SW and S Wales,2034,3,March,0.9154,7.1138,6.2022,0.9115
England SW and S Wales,2034,4,April,1.1348,5.1424,4.011,1.1313
England SW and S Wales,2034,5,May,1.7659,2.7963,1.2726,1.5237
England SW and S Wales,2034,6,June,1.4648,1.2962,0.3707,0.9255
England SW and S Wales,2034,7,July,1.6104,0.7438,0.0617,0.6821
England SW and S Wales,2034,8,August,2.2647,0.8407,0.0273,0.8133
England SW and S Wales,2034,9,September,2.2793,1.9594,0.5861,1.3733
England SW and S Wales,2034,10,October,2.0962,3.34,1.5034,1.8366
England SW and S Wales,2034,11,November,1.2842,6.3655,5.1526,1.213
England SW and S Wales,2034,12,December,1.0207,7.2272,6.2189,1.0083
England SW and S Wales,2035,1,January,1.0127,9.9874,8.9772,1.0102
England SW and S Wales,2035,2,February,1.2696,7.3506,6.0896,1.261
England SW and S Wales,2035,3,March,1.2681,7.1138,5.8525,1.2613
England SW and S Wales,2035,4,April,0.8496,5.1424,4.2946,0.8477
England SW and S Wales,2035,5,May,1.2521,2.7963,1.6717,1.1246
England SW and S Wales,2035,6,June,1.3304,1.2962,0.4286,0.8676
England SW and S Wales,2035,7,July,1.5115,0.7438,0.0762,0.6676
England SW and S Wales,2035,8,August,2.0181,0.8407,0.0466,0.794
England SW and S Wales,2035,9,September,1.6028,1.9594,0.8952,1.0641
England SW and S Wales,2035,10,October,1.5604,3.34,1.9248,1.4151
England SW and S Wales,2035,11,November,1.7556,6.3655,4.7226,1.6429
England SW and S Wales,2035,12,December,0.8525,7.2272,6.3841,0.843
England SW and S Wales,2036,1,January,1.1381,9.9874,8.8523,1.1351
England SW and S Wales,2036,2,February,1.5044,7.3506,5.8579,1.4927
England SW and S Wales,2036,3,March,1.1952,7.1138,5.9247,1.1891
England SW and S Wales,2036,4,April,1.1901,5.1424,3.9562,1.1862
England SW and S Wales,2036,5,May,1.1306,2.7963,1.7727,1.0237
England SW and S Wales,2036,6,June,2.3546,1.2962,0.1178,1.1784
England SW and S Wales,2036,7,July,1.6419,0.7438,0.0576,0.6862
England SW and S Wales,2036,8,August,2.4817,0.8407,0.0165,0.8242
England SW and S Wales,2036,9,September,2.5933,1.9594,0.4713,1.4881
England SW and S Wales,2036,10,October,2.0063,3.34,1.5709,1.7691
England SW and S Wales,2036,11,November,2.1977,6.3655,4.3292,2.0363
England SW and S Wales,2036,12,December,0.4536,7.2272,6.7777,0.4495
England SW and S Wales,2037,1,January,0.2047,9.9874,9.783,0.2044
England SW and S Wales,2037,2,February,0.6278,7.3506,6.7257,0.6249
England SW and S Wales,2037,3,March,1.2707,7.1138,5.85,1.2638
England SW and S Wales,2037,4,April,1.7125,5.1424,3.4401,1.7023
England SW and S Wales,2037,5,May,1.1902,2.7963,1.7228,1.0735
England SW and S Wales,2037,6,June,1.5785,1.2962,0.3261,0.9701
England SW and S Wales,2037,7,July,1.681,0.7438,0.0528,0.691
England SW and S Wales,2037,8,August,2.3075,0.8407,0.0248,0.8159
England SW and S Wales,2037,9,September,1.8658,1.9594,0.7648,1.1946
England SW and S Wales,2037,10,October,1.8992,3.34,1.653,1.6869
England SW and S Wales,2037,11,November,2.0241,6.3655,4.4825,1.883
England SW and S Wales,2037,12,December,1.6791,7.2272,5.5762,1.651
England SW and S Wales,2038,1,January,1.4634,9.9874,8.5285,1.4588
England SW and S Wales,2038,2,February,1.3219,7.3506,6.0379,1.3127
England SW and S Wales,2038,3,March,1.0939,7.1138,6.0251,1.0886
England SW and S Wales,2038,4,April,1.5256,5.1424,3.6241,1.5183
England SW and S Wales,2038,5,May,1.7324,2.7963,1.2971,1.4992
England SW and S Wales,2038,6,June,2.056,1.2962,0.1797,1.1165
England SW and S Wales,2038,7,July,2.325,0.7438,0.0102,0.7336
England SW and S Wales,2038,8,August,2.1468,0.8407,0.0355,0.8052
England SW and S Wales,2038,9,September,2.2526,1.9594,0.5966,1.3627
England SW and S Wales,2038,10,October,2.6024,3.34,1.1506,2.1894
England SW and S Wales,2038,11,November,1.6853,6.3655,4.7861,1.5795
England SW and S Wales,2038,12,December,1.4678,7.2272,5.7816,1.4456
England SW and S Wales,2039,1,January,1.3119,9.9874,8.6792,1.3082
England SW and S Wales,2039,2,February,0.586,7.3506,6.7672,0.5834
England SW and S Wales,2039,3,March,1.0231,7.1138,6.0953,1.0184
England SW and S Wales,2039,4,April,1.3019,5.1424,3.8453,1.2971
England SW and S Wales,2039,5,May,1.6392,2.7963,1.3665,1.4298
England SW and S Wales,2039,6,June,1.537,1.2962,0.3419,0.9543
England SW and S Wales,2039,7,July,1.9067,0.7438,0.0311,0.7127
England SW and S Wales,2039,8,August,3.1353,0.8407,0.0029,0.8378
England SW and S Wales,2039,9,September,2.3291,1.9594,0.5667,1.3927
England SW and S Wales,2039,10,October,1.8011,3.34,1.73,1.61
England SW and S Wales,2039,11,November,1.5855,6.3655,4.8766,1.489
England SW and S Wales,2039,12,December,0.6201,7.2272,6.6132,0.614
England SW and S Wales,2040,1,January,0.8063,9.9874,9.1828,0.8046
England SW and S Wales,2040,2,February,1.4027,7.3506,5.9582,1.3924
England SW and S Wales,2040,3,March,1.4568,7.1138,5.6659,1.4478
England SW and S Wales,2040,4,April,1.1604,5.1424,3.9856,1.1568
England SW and S Wales,2040,5,May,1.8662,2.7963,1.2006,1.5957
England SW and S Wales,2040,6,June,1.6444,1.2962,0.302,0.9942
England SW and S Wales,2040,7,July,2.0801,0.7438,0.02,0.7238
England SW and S Wales,2040,8,August,2.4979,0.8407,0.0158,0.8248
England SW and S Wales,2040,9,September,2.142,1.9594,0.6419,1.3175
England SW and S Wales,2040,10,October,2.3638,3.34,1.3108,2.0291
England SW and S Wales,2040,11,November,2.0135,6.3655,4.4919,1.8736
England SW and S Wales,2040,12,December,1.3888,7.2272,5.8585,1.3687
England SW and S Wales,2041,1,January,1.1093,9.9874,8.8809,1.1065
England SW and S Wales,2041,2,February,1.5953,7.3506,5.7685,1.5821
England SW and S Wales,2041,3,March,0.9271,7.1138,6.1906,0.9231
England SW and S Wales,2041,4,April,0.7945,5.1424,4.3495,0.7929
England SW and S Wales,2041,5,May,1.7386,2.7963,1.2925,1.5038
England SW and S Wales,2041,6,June,2.5422,1.2962,0.0885,1.2077
England SW and S Wales,2041,7,July,1.9231,0.7438,0.0298,0.714
England SW and S Wales,2041,8,August,2.542,0.8407,0.0142,0.8265
England SW and S Wales,2041,9,September,3.0959,1.9594,0.3226,1.6367
England SW and S Wales,2041,10,October,2.2231,3.34,1.4105,1.9295
England SW and S Wales,2041,11,November,1.8615,6.3655,4.6275,1.7381
England SW and S Wales,2041,12,December,1.4522,7.2272,5.7968,1.4304
England SW and S Wales,2042,1,January,1.8706,9.9874,8.124,1.8634
England SW and S Wales,2042,2,February,1.76,7.3506,5.6067,1.7439
England SW and S Wales,2042,3,March,1.4792,7.1138,5.6438,1.4699
England SW and S Wales,2042,4,April,1.5043,5.1424,3.6452,1.4972
England SW and S Wales,2042,5,May,1.2735,2.7963,1.6542,1.1421
England SW and S Wales,2042,6,June,2.0779,1.2962,0.1744,1.1218
England SW and S Wales,2042,7,July,2.3647,0.7438,0.0091,0.7347
England SW and S Wales,2042,8,August,2.4319,0.8407,0.0185,0.8221
England SW and S Wales,2042,9,September,2.6239,1.9594,0.461,1.4984
England SW and S Wales,2042,10,October,2.2088,3.34,1.4208,1.9192
England SW and S Wales,2042,11,November,1.6737,6.3655,4.7965,1.569
England SW and S Wales,2042,12,December,2.0308,7.2272,5.2369,1.9903
England SW and S Wales,2043,1,January,1.5363,9.9874,8.456,1.5314
England SW and S Wales,2043,2,February,0.9606,7.3506,6.3954,0.9552
England SW and S Wales,2043,3,March,0.7874,7.1138,6.3294,0.7844
England SW and S Wales,2043,4,April,1.4523,5.1424,3.6965,1.4459
England SW and S Wales,2043,5,May,1.8727,2.7963,1.1959,1.6004
England SW and S Wales,2043,6,June,2.4467,1.2962,0.1026,1.1936
England SW and S Wales,2043,7,July,1.8924,0.7438,0.0322,0.7116
England SW and S Wales,2043,8,August,2.7312,0.8407,0.0088,0.8319
England SW and S Wales,2043,9,September,2.6275,1.9594,0.4598,1.4996
England SW and S Wales,2043,10,October,1.8799,3.34,1.6681,1.6719
England SW and S Wales,2043,11,November,1.663,6.3655,4.8062,1.5593
England SW and S Wales,2043,12,December,2.111,7.2272,5.1599,2.0672
England SW and S Wales,2044,1,January,1.622,9.9874,8.3708,1.6166
England SW and S Wales,2044,2,February,1.3066,7.3506,6.053,1.2976
England SW and S Wales,2044,3,March,1.6493,7.1138,5.476,1.6377
England SW and S Wales,2044,4,April,1.6699,5.1424,3.482,1.6604
England SW and S Wales,2044,5,May,1.5061,2.7963,1.4685,1.3279
England SW and S Wales,2044,6,June,2.1635,1.2962,0.155,1.1411
England SW and S Wales,2044,7,July,3.0404,0.7438,0.001,0.7428
England SW and S Wales,2044,8,August,2.8061,0.8407,0.0072,0.8335
England SW and S Wales,2044,9,September,2.4595,1.9594,0.518,1.4413
England SW and S Wales,2044,10,October,2.7113,3.34,1.0811,2.2588
England SW and S Wales,2044,11,November,1.9221,6.3655,4.5732,1.7923
England SW and S Wales,2044,12,December,1.5673,7.2272,5.6847,1.5425
England SW and S Wales,2045,1,January,1.7918,9.9874,8.2022,1.7852
England SW and S Wales,2045,2,February,1.3139,7.3506,6.0458,1.3048
England SW and S Wales,2045,3,March,1.0665,7.1138,6.0522,1.0615
England SW and S Wales,2045,4,April,1.6934,5.1424,3.459,1.6834
England SW and S Wales,2045,5,May,2.4688,2.7963,0.8142,1.9821
England SW and S Wales,2045,6,June,2.6826,1.2962,0.0707,1.2255
England SW and S Wales,2045,7,July,3.2696,0.7438,0.0004,0.7434
England SW and S Wales,2045,8,August,3.0009,0.8407,0.0042,0.8364
England SW and S Wales,2045,9,September,2.7148,1.9594,0.4315,1.5279
England SW and S Wales,2045,10,October,2.4892,3.34,1.2252,2.1147
England SW and S Wales,2045,11,November,1.3787,6.3655,5.0656,1.2999
England SW and S Wales,2045,12,December,1.0927,7.2272,6.1481,1.0791
England SW and S Wales,2046,1,January,1.5011,9.9874,8.4911,1.4963
England SW and S Wales,2046,2,February,1.5436,7.3506,5.8193,1.5313
England SW and S Wales,2046,3,March,1.1613,7.1138,5.9583,1.1555
England SW and S Wales,2046,4,April,1.2813,5.1424,3.8657,1.2767
England SW and S Wales,2046,5,May,1.9834,2.7963,1.1191,1.6773
England SW and S Wales,2046,6,June,1.7985,1.2962,0.2507,1.0455
England SW and S Wales,2046,7,July,2.3206,0.7438,0.0104,0.7334
England SW and S Wales,2046,8,August,2.8262,0.8407,0.0068,0.8338
England SW and S Wales,2046,9,September,2.8035,1.9594,0.404,1.5553
England SW and S Wales,2046,10,October,3.0069,3.34,0.9049,2.435
England SW and S Wales,2046,11,November,2.0819,6.3655,4.4313,1.9342
England SW and S Wales,2046,12,December,1.6021,7.2272,5.651,1.5762
England SW and S Wales,2047,1,January,1.188,9.9874,8.8026,1.1848
England SW and S Wales,2047,2,February,1.5938,7.3506,5.7699,1.5807
England SW and S Wales,2047,3,March,1.7095,7.1138,5.4168,1.697
England SW and S Wales,2047,4,April,1.7811,5.1424,3.3729,1.7695
England SW and S Wales,2047,5,May,2.1379,2.7963,1.0162,1.7802
England SW and S Wales,2047,6,June,2.0489,1.2962,0.1814,1.1148
England SW and S Wales,2047,7,July,2.1446,0.7438,0.0169,0.7269
England SW and S Wales,2047,8,August,2.8724,0.8407,0.006,0.8346
England SW and S Wales,2047,9,September,2.8933,1.9594,0.3776,1.5818
England SW and S Wales,2047,10,October,2.9156,3.34,0.9574,2.3825
England SW and S Wales,2047,11,November,2.2971,6.3655,4.2423,2.1232
England SW and S Wales,2047,12,December,1.1777,7.2272,6.0649,1.1623
England SW and S Wales,2048,1,January,1.6118,9.9874,8.381,1.6064
England SW and S Wales,2048,2,February,1.2571,7.3506,6.102,1.2486
England SW and S Wales,2048,3,March,1.615,7.1138,5.5098,1.6039
England SW and S Wales,2048,4,April,1.4522,5.1424,3.6966,1.4458
England SW and S Wales,2048,5,May,1.8498,2.7963,1.2122,1.5841
England SW and S Wales,2048,6,June,2.203,1.2962,0.1467,1.1495
England SW and S Wales,2048,7,July,2.0574,0.7438,0.0212,0.7226
England SW and S Wales,2048,8,August,2.8398,0.8407,0.0066,0.8341
England SW and S Wales,2048,9,September,2.7857,1.9594,0.4095,1.5499
England SW and S Wales,2048,10,October,2.885,3.34,0.9754,2.3646
England SW and S Wales,2048,11,November,1.7295,6.3655,4.7461,1.6194
England SW and S Wales,2048,12,December,1.1505,7.2272,6.0915,1.1357
England SW and S Wales,2049,1,January,2.2902,9.9874,7.7082,2.2792
England SW and S Wales,2049,2,February,1.8039,7.3506,5.5636,1.787
England SW and S Wales,2049,3,March,1.9893,7.1138,5.142,1.9717
England SW and S Wales,2049,4,April,1.5044,5.1424,3.645,1.4974
England SW and S Wales,2049,5,May,2.5352,2.7963,0.7767,2.0196
England SW and S Wales,2049,6,June,3.3229,1.2962,0.0225,1.2737
England SW and S Wales,2049,7,July,3.1323,0.7438,0.0007,0.7431
England SW and S Wales,2049,8,August,3.3834,0.8407,0.0013,0.8393
England SW and S Wales,2049,9,September,3.1775,1.9594,0.3023,1.6571
England SW and S Wales,2049,10,October,2.4637,3.34,1.2424,2.0975
England SW and S Wales,2049,11,November,2.448,6.3655,4.1114,2.2541
England SW and S Wales,2049,12,December,1.8901,7.2272,5.3722,1.855
England SW and S Wales,2050,1,January,2.4952,9.9874,7.5056,2.4817
England SW and S Wales,2050,2,February,1.0236,7.3506,6.3329,1.0177
England SW and S Wales,2050,3,March,0.8243,7.1138,6.2928,0.8209
England SW and S Wales,2050,4,April,1.8788,5.1424,3.2773,1.8651
England SW and S Wales,2050,5,May,1.899,2.7963,1.1774,1.6189
England SW and S Wales,2050,6,June,2.3971,1.2962,0.1106,1.1856
England SW and S Wales,2050,7,July,2.6024,0.7438,0.0045,0.7393
England SW and S Wales,2050,8,August,3.3403,0.8407,0.0015,0.8391
England SW and S Wales,2050,9,September,3.5515,1.9594,0.2214,1.738
England SW and S Wales,2050,10,October,3.1387,3.34,0.8323,2.5077
England SW and S Wales,2050,11,November,2.7897,6.3655,3.8204,2.5451
England SW and S Wales,2050,12,December,1.9142,7.2272,5.349,1.8782
England SW and S Wales,2051,1,January,1.7421,9.9874,8.2516,1.7358
England SW and S Wales,2051,2,February,1.7192,7.3506,5.6467,1.7039
England SW and S Wales,2051,3,March,1.467,7.1138,5.6559,1.4579
England SW and S Wales,2051,4,April,1.2468,5.1424,3.8999,1.2425
England SW and S Wales,2051,5,May,1.8142,2.7963,1.2377,1.5587
England SW and S Wales,2051,6,June,3.1545,1.2962,0.031,1.2652
England SW and S Wales,2051,7,July,3.3407,0.7438,0.0003,0.7435
England SW and S Wales,2051,8,August,3.8116,0.8407,0.0003,0.8403
England SW and S Wales,2051,9,September,2.809,1.9594,0.4024,1.557
England SW and S Wales,2051,10,October,2.7031,3.34,1.0863,2.2537
England SW and S Wales,2051,11,November,2.2238,6.3655,4.3064,2.0592
England SW and S Wales,2051,12,December,1.8604,7.2272,5.4009,1.8263
England SW and S Wales,2052,1,January,1.5642,9.9874,8.4283,1.5591
England SW and S Wales,2052,2,February,1.6588,7.3506,5.706,1.6446
England SW and S Wales,2052,3,March,1.6995,7.1138,5.4266,1.6871
England SW and S Wales,2052,4,April,1.9995,5.1424,3.1596,1.9828
England SW and S Wales,2052,5,May,2.6648,2.7963,0.7068,2.0895
England SW and S Wales,2052,6,June,3.0915,1.2962,0.0348,1.2614
England SW and S Wales,2052,7,July,3.5791,0.7438,0.0001,0.7437
England SW and S Wales,2052,8,August,4.2305,0.8407,0.0001,0.8406
England SW and S Wales,2052,9,September,3.1708,1.9594,0.3039,1.6554
England SW and S Wales,2052,10,October,3.0665,3.34,0.8717,2.4683
England SW and S Wales,2052,11,November,2.7434,6.3655,3.8594,2.5061
England SW and S Wales,2052,12,December,2.3782,7.2272,4.9052,2.322
England SW and S Wales,2053,1,January,1.7448,9.9874,8.2489,1.7385
England SW and S Wales,2053,2,February,1.305,7.3506,6.0546,1.296
England SW and S Wales,2053,3,March,1.7075,7.1138,5.4187,1.6951
England SW and S Wales,2053,4,April,2.4339,5.1424,2.7413,2.401
England SW and S Wales,2053,5,May,1.7735,2.7963,1.267,1.5293
England SW and S Wales,2053,6,June,2.6534,1.2962,0.0741,1.2221
England SW and S Wales,2053,7,July,3.4754,0.7438,0.0002,0.7436
England SW and S Wales,2053,8,August,3.0596,0.8407,0.0036,0.8371
England SW and S Wales,2053,9,September,3.4207,1.9594,0.2475,1.7119
England SW and S Wales,2053,10,October,2.7825,3.34,1.037,2.3029
England SW and S Wales,2053,11,November,2.2651,6.3655,4.2703,2.0953
England SW and S Wales,2053,12,December,1.4665,7.2272,5.7828,1.4444
England SW and S Wales,2054,1,January,1.8345,9.9874,8.1598,1.8276
England SW and S Wales,2054,2,February,0.2858,7.3506,7.0659,0.2847
England SW and S Wales,2054,3,March,1.7287,7.1138,5.3979,1.7159
England SW and S Wales,2054,4,April,1.5857,5.1424,3.5648,1.5775
England SW and S Wales,2054,5,May,2.5956,2.7963,0.7437,2.0527
England SW and S Wales,2054,6,June,2.2456,1.2962,0.138,1.1581
England SW and S Wales,2054,7,July,3.2141,0.7438,0.0005,0.7433
England SW and S Wales,2054,8,August,3.4542,0.8407,0.0011,0.8396
England SW and S Wales,2054,9,September,2.9952,1.9594,0.3492,1.6102
England SW and S Wales,2054,10,October,2.8512,3.34,0.9955,2.3445
England SW and S Wales,2054,11,November,2.3645,6.3655,4.1837,2.1819
England SW and S Wales,2054,12,December,2.3627,7.2272,4.9199,2.3073
England SW and S Wales,2055,1,January,1.9713,9.9874,8.024,1.9633
England SW and S Wales,2055,2,February,2.0172,7.3506,5.3549,1.9957
England SW and S Wales,2055,3,March,1.5267,7.1138,5.5969,1.5169
England SW and S Wales,2055,4,April,1.6424,5.1424,3.509,1.6334
England SW and S Wales,2055,5,May,2.833,2.7963,0.622,2.1743
England SW and S Wales,2055,6,June,2.9678,1.2962,0.0435,1.2527
England SW and S Wales,2055,7,July,3.3002,0.7438,0.0004,0.7434
England SW and S Wales,2055,8,August,3.2558,0.8407,0.002,0.8387
England SW and S Wales,2055,9,September,2.9698,1.9594,0.3561,1.6033
England SW and S Wales,2055,10,October,2.776,3.34,1.041,2.2989
England SW and S Wales,2055,11,November,2.956,6.3655,3.6816,2.6839
England SW and S Wales,2055,12,December,3.0321,7.2272,4.2933,2.9339
England SW and S Wales,2056,1,January,2.0682,9.9874,7.9281,2.0593
England SW and S Wales,2056,2,February,1.8168,7.3506,5.5509,1.7997
England SW and S Wales,2056,3,March,1.4971,7.1138,5.6262,1.4876
England SW and S Wales,2056,4,April,1.8704,5.1424,3.2855,1.8569
England SW and S Wales,2056,5,May,1.985,2.7963,1.1179,1.6784
England SW and S Wales,2056,6,June,2.8986,1.2962,0.0491,1.2471
England SW and S Wales,2056,7,July,4.0215,0.7438,0.0,0.7438
England SW and S Wales,2056,8,August,4.4432,0.8407,0.0,0.8406
England SW and S Wales,2056,9,September,3.856,1.9594,0.169,1.7904
England SW and S Wales,2056,10,October,2.9983,3.34,0.9098,2.4302
England SW and S Wales,2056,11,November,3.1931,6.3655,3.4872,2.8784
England SW and S Wales,2056,12,December,2.0037,7.2272,5.2629,1.9643
England SW and S Wales,2057,1,January,1.8577,9.9874,8.1368,1.8506
England SW and S Wales,2057,2,February,2.2229,7.3506,5.1546,2.196
England SW and S Wales,2057,3,March,1.8107,7.1138,5.3173,1.7965
England SW and S Wales,2057,4,April,1.7906,5.1424,3.3636,1.7788
England SW and S Wales,2057,5,May,2.7211,2.7963,0.6777,2.1187
England SW and S Wales,2057,6,June,3.6103,1.2962,0.0126,1.2836
England SW and S Wales,2057,7,July,3.9268,0.7438,0.0,0.7438
England SW and S Wales,2057,8,August,3.8164,0.8407,0.0003,0.8403
England SW and S Wales,2057,9,September,3.787,1.9594,0.1799,1.7795
England SW and S Wales,2057,10,October,3.2719,3.34,0.7626,2.5773
England SW and S Wales,2057,11,November,3.2776,6.3655,3.4189,2.9466
England SW and S Wales,2057,12,December,2.9671,7.2272,4.3533,2.8739
England SW and S Wales,2058,1,January,2.3127,9.9874,7.686,2.3014
England SW and S Wales,2058,2,February,2.2124,7.3506,5.1648,2.1858
England SW and S Wales,2058,3,March,1.5402,7.1138,5.5836,1.5301
England SW and S Wales,2058,4,April,1.5779,5.1424,3.5726,1.5698
England SW and S Wales,2058,5,May,2.5906,2.7963,0.7464,2.05
England SW and S Wales,2058,6,June,3.1906,1.2962,0.029,1.2672
England SW and S Wales,2058,7,July,3.7507,0.7438,0.0001,0.7437
England SW and S Wales,2058,8,August,4.3699,0.8407,0.0,0.8406
England SW and S Wales,2058,9,September,3.5111,1.9594,0.2292,1.7302
England SW and S Wales,2058,10,October,3.5457,3.34,0.6314,2.7085
England SW and S Wales,2058,11,November,3.2485,6.3655,3.4424,2.9232
England SW and S Wales,2058,12,December,2.6594,7.2272,4.6398,2.5874
England SW and S Wales,2059,1,January,1.9912,9.9874,8.0043,1.9831
England SW and S Wales,2059,2,February,2.1252,7.3506,5.2497,2.1009
England SW and S Wales,2059,3,March,2.5291,7.1138,4.6169,2.4968
England SW and S Wales,2059,4,April,2.1845,5.1424,2.9803,2.162
England SW and S Wales,2059,5,May,2.5251,2.7963,0.7824,2.0139
England SW and S Wales,2059,6,June,3.0096,1.2962,0.0404,1.2558
England SW and S Wales,2059,7,July,3.8691,0.7438,0.0,0.7438
England SW and S Wales,2059,8,August,3.8751,0.8407,0.0003,0.8404
England SW and S Wales,2059,9,September,3.8437,1.9594,0.1709,1.7885
England SW and S Wales,2059,10,October,3.7335,3.34,0.5506,2.7893
England SW and S Wales,2059,11,November,2.9218,6.3655,3.71,2.6556
England SW and S Wales,2059,12,December,2.6212,7.2272,4.6757,2.5515
England SW and S Wales,2060,1,January,2.5684,9.9874,7.4334,2.5539
England SW and S Wales,2060,2,February,2.4533,7.3506,4.9314,2.4192
England SW and S Wales,2060,3,March,1.7484,7.1138,5.3785,1.7353
England SW and S Wales,2060,4,April,2.09,5.1424,3.0717,2.0706
England SW and S Wales,2060,5,May,2.4888,2.7963,0.8028,1.9935
England SW and S Wales,2060,6,June,3.7218,1.2962,0.0099,1.2863
England SW and S Wales,2060,7,July,4.2217,0.7438,0.0,0.7438
England SW and S Wales,2060,8,August,4.4429,0.8407,0.0,0.8406
England SW and S Wales,2060,9,September,3.6152,1.9594,0.2095,1.7499
England SW and S Wales,2060,10,October,3.3523,3.34,0.7225,2.6175
England SW and S Wales,2060,11,November,2.6973,6.3655,3.8983,2.4672
England SW and S Wales,2060,12,December,2.3378,7.2272,4.9436,2.2836
England SW and S Wales,2061,1,January,2.5613,9.9874,7.4404,2.547
England SW and S Wales,2061,2,February,1.7493,7.3506,5.6171,1.7335
England SW and S Wales,2061,3,March,1.6498,7.1138,5.4755,1.6382
England SW and S Wales,2061,4,April,2.1866,5.1424,2.9783,2.1641
England SW and S Wales,2061,5,May,2.8025,2.7963,0.6369,2.1595
England SW and S Wales,2061,6,June,3.2239,1.2962,0.0272,1.269
England SW and S Wales,2061,7,July,3.4462,0.7438,0.0002,0.7436
England SW and S Wales,2061,8,August,4.0193,0.8407,0.0002,0.8405
England SW and S Wales,2061,9,September,3.7273,1.9594,0.1897,1.7696
England SW and S Wales,2061,10,October,3.767,3.34,0.537,2.8029
England SW and S Wales,2061,11,November,3.2405,6.3655,3.4489,2.9166
England SW and S Wales,2061,12,December,3.0146,7.2272,4.3094,2.9178
England SW and S Wales,2062,1,January,2.3638,9.9874,7.6355,2.3519
England SW and S Wales,2062,2,February,2.126,7.3506,5.2489,2.1017
England SW and S Wales,2062,3,March,1.9141,7.1138,5.2158,1.898
England SW and S Wales,2062,4,April,2.5659,5.1424,2.6164,2.526
England SW and S Wales,2062,5,May,2.4629,2.7963,0.8176,1.9788
England SW and S Wales,2062,6,June,3.6367,1.2962,0.0119,1.2843
England SW and S Wales,2062,7,July,3.9118,0.7438,0.0,0.7438
England SW and S Wales,2062,8,August,4.6363,0.8407,0.0,0.8406
England SW and S Wales,2062,9,September,4.6065,1.9594,0.0813,1.8781
England SW and S Wales,2062,10,October,3.6574,3.34,0.5825,2.7575
England SW and S Wales,2062,11,November,3.0217,6.3655,3.6274,2.7382
England SW and S Wales,2062,12,December,2.4199,7.2272,4.8657,2.3615
England SW and S Wales,2063,1,January,1.9821,9.9874,8.0134,1.974
England SW and S Wales,2063,2,February,1.822,7.3506,5.5459,1.8047
England SW and S Wales,2063,3,March,1.7313,7.1138,5.3953,1.7185
England SW and S Wales,2063,4,April,2.0281,5.1424,3.1317,2.0107
England SW and S Wales,2063,5,May,2.5075,2.7963,0.7923,2.0041
England SW and S Wales,2063,6,June,4.4431,1.2962,0.0018,1.2944
England SW and S Wales,2063,7,July,3.8358,0.7438,0.0,0.7438
England SW and S Wales,2063,8,August,5.5845,0.8407,0.0,0.8407
England SW and S Wales,2063,9,September,4.2068,1.9594,0.1215,1.8379
England SW and S Wales,2063,10,October,4.3948,3.34,0.3233,3.0167
England SW and S Wales,2063,11,November,2.7618,6.3655,3.8438,2.5217
England SW and S Wales,2063,12,December,2.8717,7.2272,4.4416,2.7855
England SW and S Wales,2064,1,January,3.1728,9.9874,6.8393,3.1481
England SW and S Wales,2064,2,February,2.3886,7.3506,4.994,2.3566
England SW and S Wales,2064,3,March,2.1255,7.1138,5.0089,2.1049
England SW and S Wales,2064,4,April,1.7611,5.1424,3.3925,1.7499
England SW and S Wales,2064,5,May,2.691,2.7963,0.6931,2.1032
England SW and S Wales,2064,6,June,3.4726,1.2962,0.0167,1.2795
England SW and S Wales,2064,7,July,4.4845,0.7438,0.0,0.7438
England SW and S Wales,2064,8,August,5.2032,0.8407,0.0,0.8407
England SW and S Wales,2064,9,September,3.911,1.9594,0.1607,1.7987
England SW and S Wales,2064,10,October,3.6811,3.34,0.5724,2.7675
England SW and S Wales,2064,11,November,3.6693,6.3655,3.11,3.2555
England SW and S Wales,2064,12,December,3.2277,7.2272,4.114,3.1132
England SW and S Wales,2065,1,January,2.3536,9.9874,7.6456,2.3418
England SW and S Wales,2065,2,February,1.7825,7.3506,5.5846,1.766
England SW and S Wales,2065,3,March,2.2238,7.1138,4.9131,2.2007
England SW and S Wales,2065,4,April,1.4188,5.1424,3.7296,1.4128
England SW and S Wales,2065,5,May,2.5855,2.7963,0.7491,2.0472
England SW and S Wales,2065,6,June,3.728,1.2962,0.0098,1.2864
England SW and S Wales,2065,7,July,4.8283,0.7438,0.0,0.7438
England SW and S Wales,2065,8,August,4.8408,0.8407,0.0,0.8406
England SW and S Wales,2065,9,September,4.4265,1.9594,0.0977,1.8616
England SW and S Wales,2065,10,October,4.2515,3.34,0.3653,2.9746
England SW and S Wales,2065,11,November,2.7787,6.3655,3.8296,2.5359
England SW and S Wales,2065,12,December,2.6032,7.2272,4.6926,2.5346
England SW and S Wales,2066,1,January,1.9133,9.9874,8.0816,1.9058
England SW and S Wales,2066,2,February,2.1593,7.3506,5.2165,2.1341
England SW and S Wales,2066,3,March,2.1729,7.1138,4.9627,2.1511
England SW and S Wales,2066,4,April,2.0173,5.1424,3.1423,2.0001
England SW and S Wales,2066,5,May,2.7922,2.7963,0.6419,2.1544
England SW and S Wales,2066,6,June,3.2833,1.2962,0.0243,1.2719
England SW and S Wales,2066,7,July,4.2477,0.7438,0.0,0.7438
England SW and S Wales,2066,8,August,4.5676,0.8407,0.0,0.8406
England SW and S Wales,2066,9,September,4.2007,1.9594,0.1222,1.8372
England SW and S Wales,2066,10,October,3.6225,3.34,0.5975,2.7425
England SW and S Wales,2066,11,November,2.9809,6.3655,3.661,2.7045
England SW and S Wales,2066,12,December,2.7753,7.2272,4.5314,2.6958
England SW and S Wales,2067,1,January,2.5471,9.9874,7.4545,2.5329
England SW and S Wales,2067,2,February,2.5405,7.3506,4.8474,2.5032
England SW and S Wales,2067,3,March,2.1033,7.1138,5.0306,2.0832
England SW and S Wales,2067,4,April,1.9561,5.1424,3.2018,1.9406
England SW and S Wales,2067,5,May,2.9517,2.7963,0.5663,2.23
England SW and S Wales,2067,6,June,3.6373,1.2962,0.0119,1.2843
England SW and S Wales,2067,7,July,4.0337,0.7438,0.0,0.7438
England SW and S Wales,2067,8,August,5.2997,0.8407,0.0,0.8407
England SW and S Wales,2067,9,September,4.4348,1.9594,0.0969,1.8625
England SW and S Wales,2067,10,October,3.8419,3.34,0.5074,2.8326
England SW and S Wales,2067,11,November,3.3004,6.3655,3.4006,2.9649
England SW and S Wales,2067,12,December,3.0834,7.2272,4.246,2.9812
England SW and S Wales,2068,1,January,3.2812,9.9874,6.7333,3.2541
England SW and S Wales,2068,2,February,2.9571,7.3506,4.4491,2.9015
England SW and S Wales,2068,3,March,2.1005,7.1138,5.0333,2.0804
England SW and S Wales,2068,4,April,2.2866,5.1424,2.8821,2.2602
England SW and S Wales,2068,5,May,2.7548,2.7963,0.6606,2.1358
England SW and S Wales,2068,6,June,4.1371,1.2962,0.0039,1.2923
England SW and S Wales,2068,7,July,4.1405,0.7438,0.0,0.7438
England SW and S Wales,2068,8,August,5.4683,0.8407,0.0,0.8407
England SW and S Wales,2068,9,September,4.4075,1.9594,0.0996,1.8598
England SW and S Wales,2068,10,October,4.2163,3.34,0.3762,2.9637
England SW and S Wales,2068,11,November,3.1514,6.3655,3.5211,2.8444
England SW and S Wales,2068,12,December,3.0417,7.2272,4.2844,2.9428
England SW and S Wales,2069,1,January,2.5072,9.9874,7.4938,2.4936
England SW and S Wales,2069,2,February,1.4595,7.3506,5.9022,1.4484
England SW and S Wales,2069,3,March,1.2849,7.1138,5.8359,1.2778
England SW and S Wales,2069,4,April,2.5938,5.1424,2.5901,2.5523
England SW and S Wales,2069,5,May,4.0334,2.7963,0.2074,2.5889
England SW and S Wales,2069,6,June,3.3023,1.2962,0.0234,1.2728
England SW and S Wales,2069,7,July,4.6464,0.7438,0.0,0.7438
England SW and S Wales,2069,8,August,5.2036,0.8407,0.0,0.8407
England SW and S Wales,2069,9,September,4.2538,1.9594,0.116,1.8434
England SW and S Wales,2069,10,October,2.99,3.34,0.9145,2.4255
England SW and S Wales,2069,11,November,3.0569,6.3655,3.5984,2.7671
England SW and S Wales,2069,12,December,2.9368,7.2272,4.3812,2.846
England SW and S Wales,2070,1,January,2.859,9.9874,7.1472,2.8402
England SW and S Wales,2070,2,February,2.5756,7.3506,4.8136,2.537
England SW and S Wales,2070,3,March,2.1746,7.1138,4.9611,2.1527
England SW and S Wales,2070,4,April,2.2251,5.1424,2.9412,2.2012
England SW and S Wales,2070,5,May,2.5773,2.7963,0.7536,2.0427
England SW and S Wales,2070,6,June,3.3691,1.2962,0.0205,1.2756
England SW and S Wales,2070,7,July,4.4521,0.7438,0.0,0.7438
England SW and S Wales,2070,8,August,5.0964,0.8407,0.0,0.8407
England SW and S Wales,2070,9,September,4.5027,1.9594,0.0905,1.8689
England SW and S Wales,2070,10,October,4.1723,3.34,0.3902,2.9497
England SW and S Wales,2070,11,November,3.723,6.3655,3.0686,3.2969
England SW and S Wales,2070,12,December,3.2242,7.2272,4.1172,3.11
England SW and S Wales,2071,1,January,3.5154,9.9874,6.5049,3.4825
England SW and S Wales,2071,2,February,2.3933,7.3506,4.9895,2.3611
England SW and S Wales,2071,3,March,2.4274,7.1138,4.7153,2.3985
England SW and S Wales,2071,4,April,3.1233,5.1424,2.1041,3.0383
England SW and S Wales,2071,5,May,3.8391,2.7963,0.2537,2.5426
England SW and S Wales,2071,6,June,5.0241,1.2962,0.0004,1.2958
England SW and S Wales,2071,7,July,4.3289,0.7438,0.0,0.7438
England SW and S Wales,2071,8,August,5.4602,0.8407,0.0,0.8407
England SW and S Wales,2071,9,September,4.9312,1.9594,0.0575,1.9019
England SW and S Wales,2071,10,October,4.194,3.34,0.3833,2.9567
England SW and S Wales,2071,11,November,3.9856,6.3655,2.87,3.4955
England SW and S Wales,2071,12,December,3.0972,7.2272,4.2334,2.9938
England SW and S Wales,2072,1,January,2.6367,9.9874,7.366,2.6214
England SW and S Wales,2072,2,February,2.7079,7.3506,4.6866,2.664
England SW and S Wales,2072,3,March,2.92,7.1138,4.242,2.8718
England SW and S Wales,2072,4,April,2.0426,5.1424,3.1177,2.0247
England SW and S Wales,2072,5,May,2.2439,2.7963,0.9487,1.8476
England SW and S Wales,2072,6,June,4.2566,1.2962,0.0029,1.2933
England SW and S Wales,2072,7,July,5.5477,0.7438,0.0,0.7438
England SW and S Wales,2072,8,August,6.4342,0.8407,0.0,0.8407
England SW and S Wales,2072,9,September,5.1245,1.9594,0.0464,1.913
England SW and S Wales,2072,10,October,4.702,3.34,0.2454,3.0945
England SW and S Wales,2072,11,November,3.7456,6.3655,3.0513,3.3142
England SW and S Wales,2072,12,December,3.5712,7.2272,3.8044,3.4228
England SW and S Wales,2073,1,January,2.5297,9.9874,7.4716,2.5158
England SW and S Wales,2073,2,February,2.5382,7.3506,4.8496,2.501
England SW and S Wales,2073,3,March,3.2651,7.1138,3.9159,3.1979
England SW and S Wales,2073,4,April,2.5579,5.1424,2.6239,2.5184
England SW and S Wales,2073,5,May,4.3032,2.7963,0.1543,2.642
England SW and S Wales,2073,6,June,4.1656,1.2962,0.0036,1.2926
England SW and S Wales,2073,7,July,4.3635,0.7438,0.0,0.7438
England SW and S Wales,2073,8,August,5.482,0.8407,0.0,0.8407
England SW and S Wales,2073,9,September,4.7595,1.9594,0.0692,1.8902
England SW and S Wales,2073,10,October,4.7272,3.34,0.2397,3.1002
England SW and S Wales,2073,11,November,3.7202,6.3655,3.0708,3.2948
England SW and S Wales,2073,12,December,3.1299,7.2272,4.2033,3.0239
England SW and S Wales,2074,1,January,2.9523,9.9874,7.0555,2.9318
England SW and S Wales,2074,2,February,2.9613,7.3506,4.4451,2.9055
England SW and S Wales,2074,3,March,2.4085,7.1138,4.7336,2.3802
England SW and S Wales,2074,4,April,2.4723,5.1424,2.7049,2.4375
England SW and S Wales,2074,5,May,3.0722,2.7963,0.5133,2.2831
England SW and S Wales,2074,6,June,3.6243,1.2962,0.0122,1.284
England SW and S Wales,2074,7,July,4.3541,0.7438,0.0,0.7438
England SW and S Wales,2074,8,August,5.1612,0.8407,0.0,0.8407
England SW and S Wales,2074,9,September,4.3462,1.9594,0.1059,1.8535
England SW and S Wales,2074,10,October,4.3596,3.34,0.3333,3.0067
England SW and S Wales,2074,11,November,4.0034,6.3655,2.8568,3.5088
England SW and S Wales,2074,12,December,3.5121,7.2272,3.8572,3.37
England SW and S Wales,2075,1,January,2.7136,9.9874,7.2903,2.6971
England SW and S Wales,2075,2,February,2.6201,7.3506,4.7709,2.5797
England SW and S Wales,2075,3,March,2.9635,7.1138,4.2006,2.9132
England SW and S Wales,2075,4,April,2.4104,5.1424,2.7637,2.3787
England SW and S Wales,2075,5,May,3.2822,2.7963,0.4291,2.3672
England SW and S Wales,2075,6,June,3.9147,1.2962,0.0065,1.2897
England SW and S Wales,2075,7,July,5.6007,0.7438,0.0,0.7438
England SW and S Wales,2075,8,August,6.4282,0.8407,0.0,0.8407
England SW and S Wales,2075,9,September,5.2842,1.9594,0.0386,1.9207
England SW and S Wales,2075,10,October,4.7536,3.34,0.2339,3.1061
England SW and S Wales,2075,11,November,3.964,6.3655,2.8861,3.4794
England SW and S Wales,2075,12,December,3.4903,7.2272,3.8767,3.3505
England SW and S Wales,2076,1,January,2.9365,9.9874,7.0711,2.9163
England SW and S Wales,2076,2,February,2.6704,7.3506,4.7225,2.6281
England SW and S Wales,2076,3,March,3.0157,7.1138,4.151,2.9628
England SW and S Wales,2076,4,April,3.1965,5.1424,2.0391,3.1032
England SW and S Wales,2076,5,May,4.0469,2.7963,0.2045,2.5918
England SW and S Wales,2076,6,June,4.9365,1.2962,0.0005,1.2957
England SW and S Wales,2076,7,July,6.2633,0.7438,0.0,0.7438
England SW and S Wales,2076,8,August,6.7465,0.8407,0.0,0.8407
England SW and S Wales,2076,9,September,5.3768,1.9594,0.0347,1.9247
England SW and S Wales,2076,10,October,4.8136,3.34,0.221,3.1189
England SW and S Wales,2076,11,November,3.9996,6.3655,2.8596,3.5059
England SW and S Wales,2076,12,December,3.6604,7.2272,3.7252,3.502
England SW and S Wales,2077,1,January,2.3811,9.9874,7.6184,2.369
England SW and S Wales,2077,2,February,2.785,7.3506,4.6129,2.7377
England SW and S Wales,2077,3,March,2.8091,7.1138,4.3478,2.766
England SW and S Wales,2077,4,April,2.7715,5.1424,2.4242,2.7182
England SW and S Wales,2077,5,May,3.2557,2.7963,0.4391,2.3572
England SW and S Wales,2077,6,June,3.6891,1.2962,0.0107,1.2855
England SW and S Wales,2077,7,July,4.9224,0.7438,0.0,0.7438
England SW and S Wales,2077,8,August,5.8332,0.8407,0.0,0.8407
England SW and S Wales,2077,9,September,4.8153,1.9594,0.0652,1.8942
England SW and S Wales,2077,10,October,4.4301,3.34,0.3135,3.0265
England SW and S Wales,2077,11,November,3.6336,6.3655,3.1376,3.2279
England SW and S Wales,2077,12,December,3.4594,7.2272,3.9044,3.3227
England SW and S Wales,2078,1,January,2.4176,9.9874,7.5823,2.4051
England SW and S Wales,2078,2,February,2.5061,7.3506,4.8806,2.47
England SW and S Wales,2078,3,March,2.5676,7.1138,4.5798,2.534
England SW and S Wales,2078,4,April,2.9266,5.1424,2.2816,2.8608
England SW and S Wales,2078,5,May,3.2745,2.7963,0.432,2.3644
England SW and S Wales,2078,6,June,4.9982,1.2962,0.0004,1.2958
England SW and S Wales,2078,7,July,5.4685,0.7438,0.0,0.7438
England SW and S Wales,2078,8,August,6.2108,0.8407,0.0,0.8407
England SW and S Wales,2078,9,September,5.5308,1.9594,0.0289,1.9305
England SW and S Wales,2078,10,October,4.9431,3.34,0.1951,3.1449
England SW and S Wales,2078,11,November,4.1696,6.3655,2.7345,3.631
England SW and S Wales,2078,12,December,3.6666,7.2272,3.7197,3.5075
England SW and S Wales,2079,1,January,3.2495,9.9874,6.7642,3.2231
England SW and S Wales,2079,2,February,3.2522,7.3506,4.171,3.1796
England SW and S Wales,2079,3,March,2.8956,7.1138,4.2652,2.8485
England SW and S Wales,2079,4,April,3.1243,5.1424,2.1032,3.0391
England SW and S Wales,2079,5,May,4.1516,2.7963,0.1827,2.6137
England SW and S Wales,2079,6,June,4.7268,1.2962,0.0009,1.2953
England SW and S Wales,2079,7,July,5.5468,0.7438,0.0,0.7438
England SW and S Wales,2079,8,August,6.9215,0.8407,0.0,0.8407
England SW and S Wales,2079,9,September,5.2814,1.9594,0.0388,1.9206
England SW and S Wales,2079,10,October,4.7913,3.34,0.2257,3.1142
England SW and S Wales,2079,11,November,4.4044,6.3655,2.5663,3.7993
England SW and S Wales,2079,12,December,3.3182,7.2272,4.0317,3.1955
England SW and S Wales,2080,1,January,3.1174,9.9874,6.8936,3.0938
England SW and S Wales,2080,2,February,2.6458,7.3506,4.7462,2.6044
England SW and S Wales,2080,3,March,2.4034,7.1138,4.7385,2.3752
England SW and S Wales,2080,4,April,2.9076,5.1424,2.2989,2.8434
England SW and S Wales,2080,5,May,3.3751,2.7963,0.3951,2.4012
England SW and S Wales,2080,6,June,4.4691,1.2962,0.0017,1.2945
England SW and S Wales,2080,7,July,6.1518,0.7438,0.0,0.7438
England SW and S Wales,2080,8,August,6.6139,0.8407,0.0,0.8407
England SW and S Wales,2080,9,September,5.0808,1.9594,0.0487,1.9107
England SW and S Wales,2080,10,October,5.3825,3.34,0.1246,3.2154
England SW and S Wales,2080,11,November,4.5645,6.3655,2.4547,3.9109
Midlands,2026,1,January,-0.005,11.2611,11.2661,-0.005
Midlands,2026,2,February,0.7131,8.8537,8.1434,0.7103
Midlands,2026,3,March,1.4119,7.6027,6.1949,1.4078
Midlands,2026,4,April,0.898,5.6311,4.7368,0.8943
Midlands,2026,5,May,1.3832,2.8953,1.6924,1.203
Midlands,2026,6,June,1.5564,1.404,0.415,0.989
Midlands,2026,7,July,1.3665,0.7292,0.1062,0.623
Midlands,2026,8,August,1.7463,0.7452,0.0469,0.6983
Midlands,2026,9,September,1.9694,2.2177,0.8778,1.3399
Midlands,2026,10,October,1.6719,4.2834,2.7217,1.5617
Midlands,2026,11,November,1.1993,7.8253,6.6529,1.1724
Midlands,2026,12,December,0.419,8.3987,7.9808,0.4179
Midlands,2027,1,January,0.6844,11.2611,10.5769,0.6842
Midlands,2027,2,February,0.68,8.8537,8.1763,0.6774
Midlands,2027,3,March,1.2951,7.6027,6.3111,1.2917
Midlands,2027,4,April,1.2059,5.6311,4.4318,1.1993
Midlands,2027,5,May,1.0185,2.8953,1.9877,0.9076
Midlands,2027,6,June,1.4453,1.404,0.4633,0.9408
Midlands,2027,7,July,1.166,0.7292,0.1526,0.5765
Midlands,2027,8,August,2.0482,0.7452,0.0227,0.7225
Midlands,2027,9,September,1.7339,2.2177,1.003,1.2147
Midlands,2027,10,October,1.1731,4.2834,3.17,1.1134
Midlands,2027,11,November,1.4499,7.8253,6.411,1.4143
Midlands,2027,12,December,1.8086,8.3987,6.6004,1.7983
Midlands,2028,1,January,0.6651,11.2611,10.5962,0.6649
Midlands,2028,2,February,1.2031,8.8537,7.6567,1.197
Midlands,2028,3,March,0.8521,7.6027,6.7522,0.8505
Midlands,2028,4,April,0.52,5.6311,5.1126,0.5185
Midlands,2028,5,May,1.4305,2.8953,1.6555,1.2398
Midlands,2028,6,June,1.5927,1.404,0.4,1.004
Midlands,2028,7,July,1.9048,0.7292,0.0342,0.695
Midlands,2028,8,August,1.7265,0.7452,0.0491,0.6961
Midlands,2028,9,September,1.5869,2.2177,1.0863,1.1314
Midlands,2028,10,October,1.9529,4.2834,2.4786,1.8047
Midlands,2028,11,November,1.4745,7.8253,6.3874,1.4379
Midlands,2028,12,December,1.1511,8.3987,7.252,1.1467
Midlands,2029,1,January,0.8888,11.2611,10.3726,0.8885
Midlands,2029,2,February,0.4274,8.8537,8.4277,0.4259
Midlands,2029,3,March,0.8408,7.6027,6.7635,0.8392
Midlands,2029,4,April,1.6134,5.6311,4.0305,1.6005
Midlands,2029,5,May,1.4563,2.8953,1.6356,1.2597
Midlands,2029,6,June,2.3725,1.404,0.1626,1.2415
Midlands,2029,7,July,2.2784,0.7292,0.0135,0.7157
Midlands,2029,8,August,2.1592,0.7452,0.017,0.7282
Midlands,2029,9,September,1.2304,2.2177,1.3048,0.9129
Midlands,2029,10,October,1.2457,4.2834,3.1036,1.1798
Midlands,2029,11,November,0.9995,7.8253,6.8466,0.9787
Midlands,2029,12,December,1.3991,8.3987,7.0058,1.3929
Midlands,2030,1,January,1.0787,11.2611,10.1828,1.0783
Midlands,2030,2,February,1.1524,8.8537,7.707,1.1467
Midlands,2030,3,March,1.1226,7.6027,6.4828,1.1199
Midlands,2030,4,April,1.0051,5.6311,4.6305,1.0005
Midlands,2030,5,May,1.5325,2.8953,1.5773,1.318
Midlands,2030,6,June,0.9664,1.404,0.7126,0.6915
Midlands,2030,7,July,1.9951,0.7292,0.0276,0.7015
Midlands,2030,8,August,2.1793,0.7452,0.0161,0.7291
Midlands,2030,9,September,1.5281,2.2177,1.1208,1.0969
Midlands,2030,10,October,1.3527,4.2834,3.0063,1.2771
Midlands,2030,11,November,1.0812,7.8253,6.7674,1.058
Midlands,2030,12,December,1.0922,8.3987,7.3105,1.0882
Midlands,2031,1,January,1.1299,11.2611,10.1316,1.1295
Midlands,2031,2,February,0.6014,8.8537,8.2545,0.5992
Midlands,2031,3,March,1.2352,7.6027,6.3707,1.232
Midlands,2031,4,April,0.8232,5.6311,4.8111,0.82
Midlands,2031,5,May,1.6614,2.8953,1.481,1.4143
Midlands,2031,6,June,0.7413,1.404,0.8524,0.5516
Midlands,2031,7,July,1.9753,0.7292,0.029,0.7002
Midlands,2031,8,August,1.9328,0.7452,0.0302,0.715
Midlands,2031,9,September,2.2841,2.2177,0.7266,1.4911
Midlands,2031,10,October,1.7153,4.2834,2.6836,1.5998
Midlands,2031,11,November,1.1825,7.8253,6.6692,1.1561
Midlands,2031,12,December,2.083,8.3987,6.3296,2.0691
Midlands,2032,1,January,0.826,11.2611,10.4353,0.8258
Midlands,2032,2,February,0.5699,8.8537,8.2859,0.5678
Midlands,2032,3,March,0.8235,7.6027,6.7807,0.822
Midlands,2032,4,April,0.7918,5.6311,4.8423,0.7888
Midlands,2032,5,May,1.5344,2.8953,1.5759,1.3194
Midlands,2032,6,June,1.439,1.404,0.4662,0.9379
Midlands,2032,7,July,2.2741,0.7292,0.0137,0.7155
Midlands,2032,8,August,1.6017,0.7452,0.0646,0.6806
Midlands,2032,9,September,2.067,2.2177,0.8289,1.3888
Midlands,2032,10,October,1.7453,4.2834,2.6574,1.626
Midlands,2032,11,November,0.5636,7.8253,7.2718,0.5535
Midlands,2032,12,December,1.0488,8.3987,7.3537,1.045
Midlands,2033,1,January,1.1498,11.2611,10.1117,1.1494
Midlands,2033,2,February,0.9076,8.8537,7.9501,0.9036
Midlands,2033,3,March,0.6886,7.6027,6.9153,0.6874
Midlands,2033,4,April,1.2154,5.6311,4.4224,1.2087
Midlands,2033,5,May,1.2186,2.8953,1.8232,1.0721
Midlands,2033,6,June,2.7369,1.404,0.0989,1.3052
Midlands,2033,7,July,2.0082,0.7292,0.0268,0.7024
Midlands,2033,8,August,3.0792,0.7452,0.001,0.7442
Midlands,2033,9,September,1.8322,2.2177,0.9495,1.2682
Midlands,2033,10,October,1.7115,4.2834,2.6869,1.5964
Midlands,2033,11,November,1.5273,7.8253,6.3366,1.4887
Midlands,2033,12,December,1.0778,8.3987,7.3248,1.0739
Midlands,2034,1,January,0.0431,11.2611,11.2181,0.0431
Midlands,2034,2,February,0.3192,8.8537,8.5355,0.3181
Midlands,2034,3,March,0.9321,7.6027,6.6725,0.9302
Midlands,2034,4,April,1.2175,5.6311,4.4203,1.2108
Midlands,2034,5,May,1.6849,2.8953,1.4637,1.4316
Midlands,2034,6,June,1.6948,1.404,0.3598,1.0442
Midlands,2034,7,July,1.7967,0.7292,0.0438,0.6854
Midlands,2034,8,August,2.3206,0.7452,0.0109,0.7343
Midlands,2034,9,September,2.142,2.2177,0.7926,1.4251
Midlands,2034,10,October,2.2044,4.2834,2.2682,2.0152
Midlands,2034,11,November,1.2059,7.8253,6.6465,1.1788
Midlands,2034,12,December,1.0344,8.3987,7.368,1.0307
Midlands,2035,1,January,1.1299,11.2611,10.1316,1.1295
Midlands,2035,2,February,1.2872,8.8537,7.5734,1.2803
Midlands,2035,3,March,1.3594,7.6027,6.2471,1.3556
Midlands,2035,4,April,1.0427,5.6311,4.5933,1.0378
Midlands,2035,5,May,1.5578,2.8953,1.5582,1.3371
Midlands,2035,6,June,1.2984,1.404,0.5326,0.8714
Midlands,2035,7,July,1.505,0.7292,0.0811,0.648
Midlands,2035,8,August,2.2767,0.7452,0.0124,0.7328
Midlands,2035,9,September,1.6375,2.2177,1.0572,1.1605
Midlands,2035,10,October,1.6009,4.2834,2.7842,1.4991
Midlands,2035,11,November,1.6254,7.8253,6.2426,1.5827
Midlands,2035,12,December,0.9332,8.3987,7.4686,0.9301
Midlands,2036,1,January,1.1704,11.2611,10.0911,1.17
Midlands,2036,2,February,1.6793,8.8537,7.1854,1.6683
Midlands,2036,3,March,1.3604,7.6027,6.2461,1.3566
Midlands,2036,4,April,1.346,5.6311,4.2935,1.3376
Midlands,2036,5,May,1.3964,2.8953,1.682,1.2133
Midlands,2036,6,June,2.41,1.404,0.1548,1.2492
Midlands,2036,7,July,1.7523,0.7292,0.0483,0.6809
Midlands,2036,8,August,2.3638,0.7452,0.0097,0.7355
Midlands,2036,9,September,2.5409,2.2177,0.6169,1.6008
Midlands,2036,10,October,1.9387,4.2834,2.4908,1.7926
Midlands,2036,11,November,2.0348,7.8253,5.8526,1.9727
Midlands,2036,12,December,0.3739,8.3987,8.0256,0.373
Midlands,2037,1,January,0.3637,11.2611,10.8975,0.3636
Midlands,2037,2,February,0.8734,8.8537,7.984,0.8696
Midlands,2037,3,March,1.4025,7.6027,6.2043,1.3984
Midlands,2037,4,April,1.9552,5.6311,3.6969,1.9341
Midlands,2037,5,May,1.265,2.8953,1.7859,1.1094
Midlands,2037,6,June,1.5037,1.404,0.4375,0.9666
Midlands,2037,7,July,1.6357,0.7292,0.0621,0.6671
Midlands,2037,8,August,1.995,0.7452,0.0259,0.7193
Midlands,2037,9,September,1.8212,2.2177,0.9554,1.2623
Midlands,2037,10,October,1.9399,4.2834,2.4897,1.7937
Midlands,2037,11,November,2.0012,7.8253,5.8844,1.9409
Midlands,2037,12,December,1.5305,8.3987,6.8755,1.5232
Midlands,2038,1,January,1.4286,11.2611,9.8331,1.4281
Midlands,2038,2,February,1.3254,8.8537,7.5355,1.3182
Midlands,2038,3,March,1.1065,7.6027,6.4988,1.104
Midlands,2038,4,April,1.6428,5.6311,4.0017,1.6294
Midlands,2038,5,May,1.8226,2.8953,1.3646,1.5307
Midlands,2038,6,June,2.2423,1.404,0.1918,1.2122
Midlands,2038,7,July,2.4959,0.7292,0.0074,0.7218
Midlands,2038,8,August,2.3115,0.7452,0.0112,0.734
Midlands,2038,9,September,2.2539,2.2177,0.7404,1.4774
Midlands,2038,10,October,2.6632,4.2834,1.9038,2.3796
Midlands,2038,11,November,1.6447,7.8253,6.2241,1.6013
Midlands,2038,12,December,1.6655,8.3987,6.7418,1.6569
Midlands,2039,1,January,1.285,11.2611,9.9766,1.2845
Midlands,2039,2,February,0.5205,8.8537,8.3351,0.5186
Midlands,2039,3,March,1.2631,7.6027,6.3429,1.2598
Midlands,2039,4,April,1.3573,5.6311,4.2823,1.3487
Midlands,2039,5,May,1.6711,2.8953,1.4739,1.4215
Midlands,2039,6,June,2.0256,1.404,0.2492,1.1549
Midlands,2039,7,July,2.1306,0.7292,0.0198,0.7094
Midlands,2039,8,August,2.8716,0.7452,0.002,0.7432
Midlands,2039,9,September,2.2737,2.2177,0.7314,1.4864
Midlands,2039,10,October,1.8238,4.2834,2.5894,1.694
Midlands,2039,11,November,1.5316,7.8253,6.3325,1.4928
Midlands,2039,12,December,0.6145,8.3987,7.7859,0.6127
Midlands,2040,1,January,0.9676,11.2611,10.2938,0.9673
Midlands,2040,2,February,1.5654,8.8537,7.298,1.5557
Midlands,2040,3,March,1.5607,7.6027,6.0471,1.5556
Midlands,2040,4,April,1.4288,5.6311,4.2119,1.4192
Midlands,2040,5,May,1.8909,2.8953,1.3167,1.5786
Midlands,2040,6,June,1.9896,1.404,0.2598,1.1442
Midlands,2040,7,July,2.3723,0.7292,0.0105,0.7187
Midlands,2040,8,August,2.6778,0.7452,0.0038,0.7414
Midlands,2040,9,September,2.1,2.2177,0.8128,1.4049
Midlands,2040,10,October,2.4098,4.2834,2.1017,2.1817
Midlands,2040,11,November,1.8917,7.8253,5.9883,1.837
Midlands,2040,12,December,1.4596,8.3987,6.9458,1.4529
Midlands,2041,1,January,1.1177,11.2611,10.1438,1.1173
Midlands,2041,2,February,1.7403,8.8537,7.1252,1.7285
Midlands,2041,3,March,0.9718,7.6027,6.6329,0.9698
Midlands,2041,4,April,0.7908,5.6311,4.8432,0.7879
Midlands,2041,5,May,1.9947,2.8953,1.2456,1.6497
Midlands,2041,6,June,2.8269,1.404,0.0867,1.3173
Midlands,2041,7,July,2.0337,0.7292,0.0252,0.704
Midlands,2041,8,August,2.8042,0.7452,0.0025,0.7427
Midlands,2041,9,September,3.0498,2.2177,0.4344,1.7834
Midlands,2041,10,October,2.2747,4.2834,2.2106,2.0728
Midlands,2041,11,November,1.8218,7.8253,6.0549,1.7704
Midlands,2041,12,December,1.6691,8.3987,6.7383,1.6604
Midlands,2042,1,January,1.856,11.2611,9.4062,1.855
Midlands,2042,2,February,1.9868,8.8537,6.8822,1.9715
Midlands,2042,3,March,1.4243,7.6027,6.1826,1.4201
Midlands,2042,4,April,1.6432,5.6311,4.0013,1.6298
Midlands,2042,5,May,1.3388,2.8953,1.7273,1.168
Midlands,2042,6,June,1.9018,1.404,0.2872,1.1169
Midlands,2042,7,July,2.4052,0.7292,0.0096,0.7196
Midlands,2042,8,August,2.3821,0.7452,0.0092,0.736
Midlands,2042,9,September,2.74,2.2177,0.5401,1.6776
Midlands,2042,10,October,2.0349,4.2834,2.4092,1.8741
Midlands,2042,11,November,1.7231,7.8253,6.1491,1.6762
Midlands,2042,12,December,2.0687,8.3987,6.3437,2.055
Midlands,2043,1,January,1.5084,11.2611,9.7534,1.5077
Midlands,2043,2,February,1.0486,8.8537,7.81,1.0437
Midlands,2043,3,March,0.8488,7.6027,6.7555,0.8472
Midlands,2043,4,April,1.7112,5.6311,3.9347,1.6964
Midlands,2043,5,May,1.9698,2.8953,1.2625,1.6328
Midlands,2043,6,June,2.1561,1.404,0.2133,1.1908
Midlands,2043,7,July,2.2597,0.7292,0.0142,0.715
Midlands,2043,8,August,2.9486,0.7452,0.0015,0.7436
Midlands,2043,9,September,2.5839,2.2177,0.5997,1.618
Midlands,2043,10,October,2.0244,4.2834,2.4181,1.8652
Midlands,2043,11,November,1.6724,7.8253,6.1975,1.6278
Midlands,2043,12,December,2.1308,8.3987,6.2826,2.1161
Midlands,2044,1,January,1.3896,11.2611,9.872,1.3891
Midlands,2044,2,February,1.4199,8.8537,7.4419,1.4118
Midlands,2044,3,March,1.7354,7.6027,5.8738,1.7289
Midlands,2044,4,April,1.8995,5.6311,3.7511,1.88
Midlands,2044,5,May,1.6774,2.8953,1.4692,1.4261
Midlands,2044,6,June,2.2374,1.404,0.193,1.2111
Midlands,2044,7,July,2.836,0.7292,0.0027,0.7265
Midlands,2044,8,August,2.8969,0.7452,0.0018,0.7433
Midlands,2044,9,September,2.6067,2.2177,0.5907,1.627
Midlands,2044,10,October,2.7623,4.2834,1.8288,2.4546
Midlands,2044,11,November,2.0066,7.8253,5.8793,1.946
Midlands,2044,12,December,1.4862,8.3987,6.9194,1.4792
Midlands,2045,1,January,1.843,11.2611,9.4191,1.842
Midlands,2045,2,February,1.5285,8.8537,7.3344,1.5193
Midlands,2045,3,March,1.1256,7.6027,6.4798,1.1229
Midlands,2045,4,April,1.842,5.6311,3.807,1.824
Midlands,2045,5,May,2.2805,2.8953,1.0608,1.8345
Midlands,2045,6,June,2.394,1.404,0.1581,1.246
Midlands,2045,7,July,3.2188,0.7292,0.0007,0.7284
Midlands,2045,8,August,2.6953,0.7452,0.0036,0.7416
Midlands,2045,9,September,2.7,2.2177,0.555,1.6628
Midlands,2045,10,October,2.5967,4.2834,1.9549,2.3284
Midlands,2045,11,November,1.4009,7.8253,6.4583,1.3671
Midlands,2045,12,December,1.2426,8.3987,7.161,1.2376
Midlands,2046,1,January,1.5247,11.2611,9.7371,1.5241
Midlands,2046,2,February,1.6315,8.8537,7.2326,1.621
Midlands,2046,3,March,1.2616,7.6027,6.3444,1.2583
Midlands,2046,4,April,1.4866,5.6311,4.155,1.4761
Midlands,2046,5,May,2.0608,2.8953,1.2015,1.6938
Midlands,2046,6,June,1.8285,1.404,0.3116,1.0925
Midlands,2046,7,July,2.5036,0.7292,0.0073,0.7219
Midlands,2046,8,August,2.8003,0.7452,0.0025,0.7426
Midlands,2046,9,September,2.9533,2.2177,0.4655,1.7522
Midlands,2046,10,October,3.0146,4.2834,1.6441,2.6392
Midlands,2046,11,November,2.1599,7.8253,5.7344,2.0909
Midlands,2046,12,December,1.6185,8.3987,6.7884,1.6103
Midlands,2047,1,January,1.3134,11.2611,9.9482,1.3129
Midlands,2047,2,February,1.6198,8.8537,7.2442,1.6095
Midlands,2047,3,March,2.0581,7.6027,5.5545,2.0483
Midlands,2047,4,April,2.2992,5.6311,3.3654,2.2657
Midlands,2047,5,May,2.483,2.8953,0.9398,1.9555
Midlands,2047,6,June,2.315,1.404,0.175,1.229
Midlands,2047,7,July,2.5662,0.7292,0.0061,0.7231
Midlands,2047,8,August,3.1056,0.7452,0.0009,0.7443
Midlands,2047,9,September,3.1102,2.2177,0.4156,1.8021
Midlands,2047,10,October,2.9359,4.2834,1.7007,2.5826
Midlands,2047,11,November,2.2282,7.8253,5.6701,2.1552
Midlands,2047,12,December,1.2221,8.3987,7.1815,1.2172
Midlands,2048,1,January,1.5765,11.2611,9.6854,1.5758
Midlands,2048,2,February,1.2704,8.8537,7.59,1.2637
Midlands,2048,3,March,1.7614,7.6027,5.8481,1.7546
Midlands,2048,4,April,1.4771,5.6311,4.1643,1.4668
Midlands,2048,5,May,1.7975,2.8953,1.3824,1.5129
Midlands,2048,6,June,2.2219,1.404,0.1967,1.2073
Midlands,2048,7,July,2.1734,0.7292,0.0178,0.7114
Midlands,2048,8,August,2.8944,0.7452,0.0019,0.7433
Midlands,2048,9,September,3.1057,2.2177,0.417,1.8007
Midlands,2048,10,October,3.0446,4.2834,1.6228,2.6605
Midlands,2048,11,November,1.8641,7.8253,6.0146,1.8107
Midlands,2048,12,December,0.9895,8.3987,7.4126,0.986
Midlands,2049,1,January,2.4233,11.2611,8.8399,2.4212
Midlands,2049,2,February,1.9338,8.8537,6.9344,1.9193
Midlands,2049,3,March,2.1229,7.6027,5.4905,2.1122
Midlands,2049,4,April,1.7856,5.6311,3.8621,1.769
Midlands,2049,5,May,2.4734,2.8953,0.9453,1.95
Midlands,2049,6,June,3.4021,1.404,0.0348,1.3692
Midlands,2049,7,July,3.1255,0.7292,0.001,0.7282
Midlands,2049,8,August,3.3869,0.7452,0.0003,0.7449
Midlands,2049,9,September,3.2214,2.2177,0.3827,1.835
Midlands,2049,10,October,2.6156,4.2834,1.9403,2.3431
Midlands,2049,11,November,2.4936,7.8253,5.4217,2.4037
Midlands,2049,12,December,1.8824,8.3987,6.5274,1.8713
Midlands,2050,1,January,2.3631,11.2611,8.8999,2.3612
Midlands,2050,2,February,1.0147,8.8537,7.8437,1.0099
Midlands,2050,3,March,0.7102,7.6027,6.8937,0.709
Midlands,2050,4,April,2.0114,5.6311,3.6425,1.9886
Midlands,2050,5,May,2.0653,2.8953,1.1985,1.6968
Midlands,2050,6,June,2.4296,1.404,0.1509,1.2532
Midlands,2050,7,July,2.5162,0.7292,0.007,0.7222
Midlands,2050,8,August,3.3598,0.7452,0.0003,0.7448
Midlands,2050,9,September,3.6994,2.2177,0.263,1.9547
Midlands,2050,10,October,3.2449,4.2834,1.4842,2.7991
Midlands,2050,11,November,2.6596,7.8253,5.2676,2.5578
Midlands,2050,12,December,2.1043,8.3987,6.3086,2.09
Midlands,2051,1,January,1.9471,11.2611,9.3152,1.946
Midlands,2051,2,February,1.7587,8.8537,7.1071,1.7466
Midlands,2051,3,March,1.7266,7.6027,5.8826,1.7201
Midlands,2051,4,April,1.3823,5.6311,4.2577,1.3734
Midlands,2051,5,May,1.7386,2.8953,1.4247,1.4706
Midlands,2051,6,June,3.0756,1.404,0.0594,1.3446
Midlands,2051,7,July,3.0131,0.7292,0.0015,0.7277
Midlands,2051,8,August,3.7123,0.7452,0.0001,0.7451
Midlands,2051,9,September,2.7844,2.2177,0.5239,1.6938
Midlands,2051,10,October,2.7859,4.2834,1.8111,2.4722
Midlands,2051,11,November,2.0936,7.8253,5.797,2.0284
Midlands,2051,12,December,1.697,8.3987,6.7107,1.688
Midlands,2052,1,January,1.7208,11.2611,9.5412,1.7199
Midlands,2052,2,February,1.6661,8.8537,7.1985,1.6552
Midlands,2052,3,March,1.7661,7.6027,5.8434,1.7593
Midlands,2052,4,April,2.2002,5.6311,3.4603,2.1707
Midlands,2052,5,May,2.9358,2.8953,0.7006,2.1948
Midlands,2052,6,June,2.8468,1.404,0.0842,1.3198
Midlands,2052,7,July,3.7358,0.7292,0.0001,0.7291
Midlands,2052,8,August,4.2051,0.7452,0.0,0.7452
Midlands,2052,9,September,3.3872,2.2177,0.3373,1.8804
Midlands,2052,10,October,3.2753,4.2834,1.4637,2.8196
Midlands,2052,11,November,2.813,7.8253,5.1261,2.6992
Midlands,2052,12,December,2.2261,8.3987,6.1888,2.2099
Midlands,2053,1,January,1.8962,11.2611,9.366,1.8951
Midlands,2053,2,February,1.4121,8.8537,7.4496,1.404
Midlands,2053,3,March,2.0309,7.6027,5.5814,2.0214
Midlands,2053,4,April,2.8073,5.6311,2.8864,2.7446
Midlands,2053,5,May,2.1362,2.8953,1.1521,1.7432
Midlands,2053,6,June,2.9236,1.404,0.0751,1.3289
Midlands,2053,7,July,3.5999,0.7292,0.0002,0.729
Midlands,2053,8,August,3.4749,0.7452,0.0002,0.745
Midlands,2053,9,September,3.6619,2.2177,0.2712,1.9465
Midlands,2053,10,October,2.9286,4.2834,1.706,2.5774
Midlands,2053,11,November,2.2943,7.8253,5.608,2.2173
Midlands,2053,12,December,1.3617,8.3987,7.0429,1.3558
Midlands,2054,1,January,1.8232,11.2611,9.4389,1.8222
Midlands,2054,2,February,0.4942,8.8537,8.3612,0.4924
Midlands,2054,3,March,1.9596,7.6027,5.6518,1.9509
Midlands,2054,4,April,1.6354,5.6311,4.0089,1.6222
Midlands,2054,5,May,2.8234,2.8953,0.7559,2.1395
Midlands,2054,6,June,2.0306,1.404,0.2477,1.1563
Midlands,2054,7,July,3.6972,0.7292,0.0001,0.7291
Midlands,2054,8,August,3.4877,0.7452,0.0002,0.745
Midlands,2054,9,September,2.9084,2.2177,0.4806,1.7372
Midlands,2054,10,October,2.9147,4.2834,1.7161,2.5672
Midlands,2054,11,November,2.576,7.8253,5.345,2.4804
Midlands,2054,12,December,2.5228,8.3987,5.8979,2.5008
Midlands,2055,1,January,1.9752,11.2611,9.2872,1.974
Midlands,2055,2,February,2.2182,8.8537,6.6549,2.1988
Midlands,2055,3,March,1.7037,7.6027,5.9053,1.6974
Midlands,2055,4,April,1.9296,5.6311,3.7219,1.9092
Midlands,2055,5,May,2.7578,2.8953,0.7894,2.1059
Midlands,2055,6,June,3.1853,1.404,0.0499,1.3542
Midlands,2055,7,July,3.3478,0.7292,0.0005,0.7287
Midlands,2055,8,August,3.3604,0.7452,0.0003,0.7448
Midlands,2055,9,September,3.0723,2.2177,0.4273,1.7904
Midlands,2055,10,October,3.0372,4.2834,1.6281,2.6553
Midlands,2055,11,November,2.9872,7.8253,4.9668,2.8586
Midlands,2055,12,December,2.9923,8.3987,5.4408,2.9579
Midlands,2056,1,January,2.1806,11.2611,9.0821,2.179
Midlands,2056,2,February,1.943,8.8537,6.9253,1.9284
Midlands,2056,3,March,1.7876,7.6027,5.822,1.7807
Midlands,2056,4,April,2.1629,5.6311,3.4962,2.1349
Midlands,2056,5,May,2.1241,2.8953,1.1599,1.7354
Midlands,2056,6,June,2.7605,1.404,0.0955,1.3085
Midlands,2056,7,July,3.9637,0.7292,0.0,0.7291
Midlands,2056,8,August,4.3934,0.7452,0.0,0.7452
Midlands,2056,9,September,3.8414,2.2177,0.2337,1.984
Midlands,2056,10,October,3.2428,4.2834,1.4856,2.7977
Midlands,2056,11,November,3.2314,7.8253,4.7457,3.0797
Midlands,2056,12,December,2.0019,8.3987,6.4095,1.9892
Midlands,2057,1,January,1.6967,11.2611,9.5652,1.6959
Midlands,2057,2,February,2.3552,8.8537,6.5206,2.3331
Midlands,2057,3,March,1.935,7.6027,5.6762,1.9265
Midlands,2057,4,April,1.9578,5.6311,3.6944,1.9367
Midlands,2057,5,May,2.7453,2.8953,0.7959,2.0994
Midlands,2057,6,June,3.8321,1.404,0.0161,1.388
Midlands,2057,7,July,3.9808,0.7292,0.0,0.7291
Midlands,2057,8,August,3.9321,0.7452,0.0,0.7452
Midlands,2057,9,September,3.9755,2.2177,0.2084,2.0093
Midlands,2057,10,October,3.2127,4.2834,1.506,2.7773
Midlands,2057,11,November,3.1389,7.8253,4.829,2.9963
Midlands,2057,12,December,2.8856,8.3987,5.5442,2.8544
Midlands,2058,1,January,2.3121,11.2611,8.9509,2.3103
Midlands,2058,2,February,2.2268,8.8537,6.6464,2.2073
Midlands,2058,3,March,1.6042,7.6027,6.004,1.5987
Midlands,2058,4,April,1.5751,5.6311,4.0681,1.563
Midlands,2058,5,May,2.8006,2.8953,0.7674,2.1279
Midlands,2058,6,June,2.8626,1.404,0.0823,1.3218
Midlands,2058,7,July,3.7321,0.7292,0.0001,0.7291
Midlands,2058,8,August,4.4158,0.7452,0.0,0.7452
Midlands,2058,9,September,3.6164,2.2177,0.2814,1.9363
Midlands,2058,10,October,3.6961,4.2834,1.196,3.0874
Midlands,2058,11,November,3.2168,7.8253,4.7588,3.0666
Midlands,2058,12,December,2.6101,8.3987,5.8125,2.5861
Midlands,2059,1,January,1.8945,11.2611,9.3677,1.8934
Midlands,2059,2,February,2.1403,8.8537,6.7313,2.1224
Midlands,2059,3,March,2.6533,7.6027,4.9694,2.6333
Midlands,2059,4,April,2.2273,5.6311,3.4343,2.1968
Midlands,2059,5,May,2.4101,2.8953,0.9824,1.913
Midlands,2059,6,June,2.7546,1.404,0.0964,1.3077
Midlands,2059,7,July,3.8622,0.7292,0.0001,0.7291
Midlands,2059,8,August,3.8271,0.7452,0.0001,0.7451
Midlands,2059,9,September,4.0672,2.2177,0.1924,2.0253
Midlands,2059,10,October,3.8385,4.2834,1.1123,3.171
Midlands,2059,11,November,2.9244,7.8253,5.024,2.8013
Midlands,2059,12,December,2.7922,8.3987,5.635,2.7637
Midlands,2060,1,January,2.5967,11.2611,8.6669,2.5942
Midlands,2060,2,February,2.547,8.8537,6.3331,2.5205
Midlands,2060,3,March,1.9491,7.6027,5.6623,1.9405
Midlands,2060,4,April,2.2454,5.6311,3.4169,2.2141
Midlands,2060,5,May,2.6231,2.8953,0.8611,2.0342
Midlands,2060,6,June,3.8378,1.404,0.0159,1.3882
Midlands,2060,7,July,4.365,0.7292,0.0,0.7292
Midlands,2060,8,August,4.6042,0.7452,0.0,0.7452
Midlands,2060,9,September,3.6649,2.2177,0.2705,1.9472
Midlands,2060,10,October,3.3471,4.2834,1.4159,2.8674
Midlands,2060,11,November,2.6439,7.8253,5.2821,2.5433
Midlands,2060,12,December,2.1876,8.3987,6.2266,2.1721
Midlands,2061,1,January,2.4579,11.2611,8.8054,2.4558
Midlands,2061,2,February,1.9348,8.8537,6.9334,1.9203
Midlands,2061,3,March,1.8535,7.6027,5.7569,1.8459
Midlands,2061,4,April,2.2997,5.6311,3.3649,2.2662
Midlands,2061,5,May,2.9769,2.8953,0.681,2.2144
Midlands,2061,6,June,3.4686,1.404,0.031,1.373
Midlands,2061,7,July,3.5168,0.7292,0.0002,0.7289
Midlands,2061,8,August,4.0639,0.7452,0.0,0.7452
Midlands,2061,9,September,3.926,2.2177,0.2175,2.0002
Midlands,2061,10,October,3.8623,4.2834,1.0987,3.1847
Midlands,2061,11,November,3.146,7.8253,4.8227,3.0027
Midlands,2061,12,December,3.1531,8.3987,5.2855,3.1132
Midlands,2062,1,January,2.4169,11.2611,8.8463,2.4148
Midlands,2062,2,February,2.1009,8.8537,6.77,2.0837
Midlands,2062,3,March,2.0363,7.6027,5.576,2.0267
Midlands,2062,4,April,2.7526,5.6311,2.9373,2.6938
Midlands,2062,5,May,2.6601,2.8953,0.8411,2.0543
Midlands,2062,6,June,3.766,1.404,0.0182,1.3859
Midlands,2062,7,July,3.9237,0.7292,0.0,0.7291
Midlands,2062,8,August,4.7946,0.7452,0.0,0.7452
Midlands,2062,9,September,4.6577,2.2177,0.1114,2.1063
Midlands,2062,10,October,3.6936,4.2834,1.1975,3.0858
Midlands,2062,11,November,3.3448,7.8253,4.644,3.1814
Midlands,2062,12,December,2.5044,8.3987,5.9159,2.4828
Midlands,2063,1,January,2.0585,11.2611,9.204,2.0572
Midlands,2063,2,February,1.8558,8.8537,7.0113,1.8424
Midlands,2063,3,March,1.9268,7.6027,5.6842,1.9185
Midlands,2063,4,April,2.2978,5.6311,3.3667,2.2644
Midlands,2063,5,May,2.5448,2.8953,0.9046,1.9908
Midlands,2063,6,June,4.1446,1.404,0.0087,1.3953
Midlands,2063,7,July,3.9871,0.7292,0.0,0.7291
Midlands,2063,8,August,5.257,0.7452,0.0,0.7452
Midlands,2063,9,September,4.2758,2.2177,0.1597,2.058
Midlands,2063,10,October,4.5139,4.2834,0.7645,3.5189
Midlands,2063,11,November,2.7426,7.8253,5.1909,2.6344
Midlands,2063,12,December,2.8472,8.3987,5.5815,2.8171
Midlands,2064,1,January,3.2643,11.2611,8.002,3.2592
Midlands,2064,2,February,2.5368,8.8537,6.343,2.5107
Midlands,2064,3,March,2.2694,7.6027,5.3461,2.2566
Midlands,2064,4,April,1.8678,5.6311,3.7819,1.8492
Midlands,2064,5,May,2.6349,2.8953,0.8547,2.0406
Midlands,2064,6,June,3.9186,1.404,0.0136,1.3904
Midlands,2064,7,July,4.5682,0.7292,0.0,0.7292
Midlands,2064,8,August,4.9902,0.7452,0.0,0.7452
Midlands,2064,9,September,4.0839,2.2177,0.1896,2.0281
Midlands,2064,10,October,3.8965,4.2834,1.0793,3.2041
Midlands,2064,11,November,3.5672,7.8253,4.4464,3.3789
Midlands,2064,12,December,3.1026,8.3987,5.3342,3.0644
Midlands,2065,1,January,2.2506,11.2611,9.0122,2.249
Midlands,2065,2,February,1.7439,8.8537,7.1216,1.7321
Midlands,2065,3,March,2.378,7.6027,5.2392,2.3635
Midlands,2065,4,April,1.5293,5.6311,4.113,1.5181
Midlands,2065,5,May,2.7676,2.8953,0.7843,2.111
Midlands,2065,6,June,3.4494,1.404,0.0321,1.372
Midlands,2065,7,July,4.4983,0.7292,0.0,0.7292
Midlands,2065,8,August,4.7003,0.7452,0.0,0.7452
Midlands,2065,9,September,4.5031,2.2177,0.1293,2.0884
Midlands,2065,10,October,4.384,4.2834,0.825,3.4583
Midlands,2065,11,November,2.6596,7.8253,5.2675,2.5578
Midlands,2065,12,December,2.7742,8.3987,5.6525,2.7461
Midlands,2066,1,January,1.8969,11.2611,9.3654,1.8958
Midlands,2066,2,February,2.3427,8.8537,6.5328,2.3208
Midlands,2066,3,March,2.327,7.6027,5.2894,2.3133
Midlands,2066,4,April,2.2524,5.6311,3.4102,2.2209
Midlands,2066,5,May,3.0824,2.8953,0.6324,2.2629
Midlands,2066,6,June,3.6951,1.404,0.0207,1.3833
Midlands,2066,7,July,4.4304,0.7292,0.0,0.7292
Midlands,2066,8,August,4.6209,0.7452,0.0,0.7452
Midlands,2066,9,September,4.2885,2.2177,0.1578,2.0599
Midlands,2066,10,October,3.7194,4.2834,1.1821,3.1013
Midlands,2066,11,November,3.0857,7.8253,4.8773,2.9481
Midlands,2066,12,December,2.8359,8.3987,5.5925,2.8062
Midlands,2067,1,January,2.569,11.2611,8.6946,2.5665
Midlands,2067,2,February,2.6582,8.8537,6.2247,2.629
Midlands,2067,3,March,2.2773,7.6027,5.3384,2.2643
Midlands,2067,4,April,2.1692,5.6311,3.4902,2.1409
Midlands,2067,5,May,3.1197,2.8953,0.6158,2.2795
Midlands,2067,6,June,3.7629,1.404,0.0183,1.3858
Midlands,2067,7,July,4.1464,0.7292,0.0,0.7292
Midlands,2067,8,August,5.0409,0.7452,0.0,0.7452
Midlands,2067,9,September,4.5083,2.2177,0.1286,2.0891
Midlands,2067,10,October,3.8174,4.2834,1.1245,3.1589
Midlands,2067,11,November,3.2641,7.8253,4.7162,3.1091
Midlands,2067,12,December,2.8781,8.3987,5.5515,2.8471
Midlands,2068,1,January,3.3211,11.2611,7.9454,3.3157
Midlands,2068,2,February,3.1002,8.8537,5.7963,3.0573
Midlands,2068,3,March,2.2495,7.6027,5.3657,2.237
Midlands,2068,4,April,2.4362,5.6311,3.2348,2.3963
Midlands,2068,5,May,2.9922,2.8953,0.6738,2.2215
Midlands,2068,6,June,3.8254,1.404,0.0163,1.3878
Midlands,2068,7,July,4.4807,0.7292,0.0,0.7292
Midlands,2068,8,August,5.3029,0.7452,0.0,0.7452
Midlands,2068,9,September,4.6062,2.2177,0.1171,2.1006
Midlands,2068,10,October,4.2715,4.2834,0.8799,3.4034
Midlands,2068,11,November,3.0956,7.8253,4.8682,2.9571
Midlands,2068,12,December,3.0833,8.3987,5.3528,3.0459
Midlands,2069,1,January,2.6798,11.2611,8.5841,2.6771
Midlands,2069,2,February,1.4859,8.8537,7.3766,1.4771
Midlands,2069,3,March,1.4698,7.6027,6.1374,1.4653
Midlands,2069,4,April,2.7627,5.6311,2.9279,2.7032
Midlands,2069,5,May,3.5865,2.8953,0.4325,2.4628
Midlands,2069,6,June,3.6625,1.404,0.022,1.3821
Midlands,2069,7,July,4.651,0.7292,0.0,0.7292
Midlands,2069,8,August,5.1574,0.7452,0.0,0.7452
Midlands,2069,9,September,4.3302,2.2177,0.1519,2.0658
Midlands,2069,10,October,2.8154,4.2834,1.7891,2.4943
Midlands,2069,11,November,3.2065,7.8253,4.7681,3.0573
Midlands,2069,12,December,3.001,8.3987,5.4324,2.9662
Midlands,2070,1,January,2.8891,11.2611,8.3755,2.8857
Midlands,2070,2,February,2.6557,8.8537,6.2272,2.6265
Midlands,2070,3,March,2.3633,7.6027,5.2537,2.349
Midlands,2070,4,April,2.3729,5.6311,3.295,2.3361
Midlands,2070,5,May,2.6792,2.8953,0.8308,2.0646
Midlands,2070,6,June,3.3968,1.404,0.0351,1.3689
Midlands,2070,7,July,4.6314,0.7292,0.0,0.7292
Midlands,2070,8,August,5.1278,0.7452,0.0,0.7452
Midlands,2070,9,September,4.564,2.2177,0.122,2.0957
Midlands,2070,10,October,4.1936,4.2834,0.9193,3.3641
Midlands,2070,11,November,3.8035,7.8253,4.2395,3.5858
Midlands,2070,12,December,3.3848,8.3987,5.0628,3.3359
Midlands,2071,1,January,3.4347,11.2611,7.8326,3.4286
Midlands,2071,2,February,2.2757,8.8537,6.5984,2.2552
Midlands,2071,3,March,2.5566,7.6027,5.064,2.5387
Midlands,2071,4,April,3.4046,5.6311,2.3478,3.2833
Midlands,2071,5,May,3.6356,2.8953,0.4157,2.4796
Midlands,2071,6,June,4.7558,1.404,0.0023,1.4017
Midlands,2071,7,July,4.5634,0.7292,0.0,0.7292
Midlands,2071,8,August,5.2858,0.7452,0.0,0.7452
Midlands,2071,9,September,4.8835,2.2177,0.0891,2.1286
Midlands,2071,10,October,4.3199,4.2834,0.856,3.4274
Midlands,2071,11,November,3.9693,7.8253,4.0964,3.729
Midlands,2071,12,December,3.0346,8.3987,5.3999,2.9988
Midlands,2072,1,January,2.7029,11.2611,8.561,2.7001
Midlands,2072,2,February,2.8481,8.8537,6.0401,2.8136
Midlands,2072,3,March,3.109,7.6027,4.5265,3.0762
Midlands,2072,4,April,2.1671,5.6311,3.4921,2.1389
Midlands,2072,5,May,2.4458,2.8953,0.9614,1.9339
Midlands,2072,6,June,4.3557,1.404,0.0056,1.3984
Midlands,2072,7,July,5.2877,0.7292,0.0,0.7292
Midlands,2072,8,August,6.225,0.7452,0.0,0.7452
Midlands,2072,9,September,5.0961,2.2177,0.0716,2.1461
Midlands,2072,10,October,4.9155,4.2834,0.5962,3.6871
Midlands,2072,11,November,3.7779,7.8253,4.2618,3.5635
Midlands,2072,12,December,3.3796,8.3987,5.0678,3.3308
Midlands,2073,1,January,2.4187,11.2611,8.8445,2.4166
Midlands,2073,2,February,2.5545,8.8537,6.3258,2.5279
Midlands,2073,3,March,3.5049,7.6027,4.1469,3.4558
Midlands,2073,4,April,2.768,5.6311,2.9229,2.7082
Midlands,2073,5,May,4.3082,2.8953,0.2314,2.6639
Midlands,2073,6,June,3.602,1.404,0.0245,1.3795
Midlands,2073,7,July,4.2771,0.7292,0.0,0.7292
Midlands,2073,8,August,5.3005,0.7452,0.0,0.7452
Midlands,2073,9,September,4.9215,2.2177,0.0857,2.132
Midlands,2073,10,October,4.9535,4.2834,0.5818,3.7016
Midlands,2073,11,November,3.6924,7.8253,4.3364,3.4889
Midlands,2073,12,December,3.2357,8.3987,5.2059,3.1927
Midlands,2074,1,January,3.1185,11.2611,8.147,3.1141
Midlands,2074,2,February,3.0488,8.8537,5.846,3.0077
Midlands,2074,3,March,2.5794,7.6027,5.0417,2.561
Midlands,2074,4,April,2.7926,5.6311,2.9001,2.7309
Midlands,2074,5,May,3.1859,2.8953,0.5871,2.3082
Midlands,2074,6,June,3.6417,1.404,0.0228,1.3812
Midlands,2074,7,July,4.4896,0.7292,0.0,0.7292
Midlands,2074,8,August,5.2822,0.7452,0.0,0.7452
Midlands,2074,9,September,4.2863,2.2177,0.1582,2.0596
Midlands,2074,10,October,4.596,4.2834,0.7278,3.5556
Midlands,2074,11,November,3.9425,7.8253,4.1194,3.7059
Midlands,2074,12,December,3.5045,8.3987,4.9485,3.4502
Midlands,2075,1,January,2.7195,11.2611,8.5445,2.7166
Midlands,2075,2,February,2.5734,8.8537,6.3073,2.5463
Midlands,2075,3,March,3.1278,7.6027,4.5084,3.0943
Midlands,2075,4,April,2.488,5.6311,3.1857,2.4454
Midlands,2075,5,May,3.4094,2.8953,0.4968,2.3985
Midlands,2075,6,June,3.9327,1.404,0.0132,1.3908
Midlands,2075,7,July,5.7023,0.7292,0.0,0.7292
Midlands,2075,8,August,6.2896,0.7452,0.0,0.7452
Midlands,2075,9,September,5.5252,2.2177,0.045,2.1727
Midlands,2075,10,October,4.92,4.2834,0.5945,3.6889
Midlands,2075,11,November,4.0322,7.8253,4.0425,3.7828
Midlands,2075,12,December,3.3255,8.3987,5.1196,3.279
Midlands,2076,1,January,3.0142,11.2611,8.2509,3.0103
Midlands,2076,2,February,2.6813,8.8537,6.2022,2.6514
Midlands,2076,3,March,3.2768,7.6027,4.3649,3.2378
Midlands,2076,4,April,3.3715,5.6311,2.3768,3.2543
Midlands,2076,5,May,3.9568,2.8953,0.3177,2.5777
Midlands,2076,6,June,4.3573,1.404,0.0056,1.3985
Midlands,2076,7,July,5.7714,0.7292,0.0,0.7292
Midlands,2076,8,August,6.2342,0.7452,0.0,0.7452
Midlands,2076,9,September,5.3959,2.2177,0.0519,2.1658
Midlands,2076,10,October,4.6958,4.2834,0.6848,3.5986
Midlands,2076,11,November,4.0044,7.8253,4.0663,3.759
Midlands,2076,12,December,3.7061,8.3987,4.757,3.6417
Midlands,2077,1,January,2.491,11.2611,8.7723,2.4888
Midlands,2077,2,February,2.9298,8.8537,5.9609,2.8927
Midlands,2077,3,March,2.8844,7.6027,4.7441,2.8586
Midlands,2077,4,April,2.9924,5.6311,2.7163,2.9148
Midlands,2077,5,May,3.0822,2.8953,0.6325,2.2628
Midlands,2077,6,June,3.7681,1.404,0.0181,1.3859
Midlands,2077,7,July,5.285,0.7292,0.0,0.7292
Midlands,2077,8,August,5.8291,0.7452,0.0,0.7452
Midlands,2077,9,September,4.921,2.2177,0.0858,2.132
Midlands,2077,10,October,4.6147,4.2834,0.7196,3.5638
Midlands,2077,11,November,3.8699,7.8253,4.182,3.6434
Midlands,2077,12,December,3.4806,8.3987,4.9712,3.4274
Midlands,2078,1,January,2.5368,11.2611,8.7267,2.5344
Midlands,2078,2,February,2.6979,8.8537,6.1861,2.6676
Midlands,2078,3,March,2.7913,7.6027,4.8348,2.768
Midlands,2078,4,April,3.0799,5.6311,2.6368,2.9943
Midlands,2078,5,May,3.3701,2.8953,0.5119,2.3834
Midlands,2078,6,June,4.7208,1.404,0.0025,1.4015
Midlands,2078,7,July,5.5225,0.7292,0.0,0.7292
Midlands,2078,8,August,6.1666,0.7452,0.0,0.7452
Midlands,2078,9,September,5.4824,2.2177,0.0472,2.1705
Midlands,2078,10,October,4.9473,4.2834,0.5841,3.6993
Midlands,2078,11,November,4.1074,7.8253,3.9784,3.8469
Midlands,2078,12,December,3.6162,8.3987,4.8422,3.5565
Midlands,2079,1,January,3.2291,11.2611,8.0369,3.2242
Midlands,2079,2,February,3.4568,8.8537,5.4543,3.3994
Midlands,2079,3,March,3.0833,7.6027,4.5513,3.0514
Midlands,2079,4,April,3.2546,5.6311,2.48,3.151
Midlands,2079,5,May,4.1996,2.8953,0.2559,2.6395
Midlands,2079,6,June,4.9056,1.404,0.0016,1.4024
Midlands,2079,7,July,5.717,0.7292,0.0,0.7292
Midlands,2079,8,August,6.7933,0.7452,0.0,0.7452
Midlands,2079,9,September,5.4222,2.2177,0.0504,2.1673
Midlands,2079,10,October,4.9674,4.2834,0.5765,3.7068
Midlands,2079,11,November,4.5395,7.8253,3.6177,4.2077
Midlands,2079,12,December,3.3717,8.3987,5.0754,3.3233
Midlands,2080,1,January,3.2143,11.2611,8.0516,3.2095
Midlands,2080,2,February,2.6546,8.8537,6.2282,2.6255
Midlands,2080,3,March,2.6359,7.6027,4.9864,2.6163
Midlands,2080,4,April,3.0337,5.6311,2.6786,2.9524
Midlands,2080,5,May,3.5262,2.8953,0.4537,2.4417
Midlands,2080,6,June,4.5439,1.404,0.0037,1.4003
Midlands,2080,7,July,6.2548,0.7292,0.0,0.7292
Midlands,2080,8,August,6.4704,0.7452,0.0,0.7452
Midlands,2080,9,September,5.0882,2.2177,0.0722,2.1455
Midlands,2080,10,October,5.5917,4.2834,0.3745,3.9088
Midlands,2080,11,November,4.6048,7.8253,3.5643,4.261
Scotland E,2026,1,January,0.2947,11.8971,11.6025,0.2946
Scotland E,2026,2,February,0.7363,9.8362,9.1003,0.7359
Scotland E,2026,3,March,0.9534,8.5531,7.5999,0.9532
Scotland E,2026,4,April,0.761,6.9473,6.1872,0.7602
Scotland E,2026,5,May,1.2759,3.9383,2.733,1.2053
Scotland E,2026,6,June,1.0522,2.3551,1.4412,0.914
Scotland E,2026,7,July,1.0934,1.4731,0.5717,0.9014
Scotland E,2026,8,August,1.4188,1.2515,0.2774,0.974
Scotland E,2026,9,September,1.6688,3.0791,1.6422,1.4369
Scotland E,2026,10,October,1.3237,5.258,3.9936,1.2644
Scotland E,2026,11,November,0.8958,9.0274,8.1478,0.8796
Scotland E,2026,12,December,0.8175,9.0887,8.2754,0.8133
Scotland E,2027,1,January,0.9168,11.8971,10.9806,0.9165
Scotland E,2027,2,February,0.5844,9.8362,9.2521,0.5841
Scotland E,2027,3,March,1.1104,8.5531,7.443,1.11
Scotland E,2027,4,April,0.9982,6.9473,5.9505,0.9968
Scotland E,2027,5,May,0.809,3.9383,3.1635,0.7748
Scotland E,2027,6,June,1.5749,2.3551,1.0561,1.299
Scotland E,2027,7,July,0.8776,1.4731,0.7215,0.7516
Scotland E,2027,8,August,1.6933,1.2515,0.1799,1.0716
Scotland E,2027,9,September,1.4099,3.0791,1.8431,1.236
Scotland E,2027,10,October,0.9043,5.258,4.3873,0.8707
Scotland E,2027,11,November,1.3245,9.0274,7.7305,1.2969
Scotland E,2027,12,December,1.7387,9.0887,7.3639,1.7248
Scotland E,2028,1,January,0.5157,11.8971,11.3816,0.5156
Scotland E,2028,2,February,0.9658,9.8362,8.8709,0.9653
Scotland E,2028,3,March,0.8146,8.5531,7.7387,0.8144
Scotland E,2028,4,April,0.4775,6.9473,6.4703,0.4771
Scotland E,2028,5,May,1.2187,3.9383,2.7849,1.1535
Scotland E,2028,6,June,1.2694,2.3551,1.2743,1.0808
Scotland E,2028,7,July,1.5224,1.4731,0.3308,1.1423
Scotland E,2028,8,August,1.2634,1.2515,0.3464,0.9051
Scotland E,2028,9,September,1.4787,3.0791,1.7887,1.2904
Scotland E,2028,10,October,1.8104,5.258,3.5482,1.7098
Scotland E,2028,11,November,1.7367,9.0274,7.3321,1.6954
Scotland E,2028,12,December,1.5418,9.0887,7.5581,1.5305
Scotland E,2029,1,January,0.8321,11.8971,11.0653,0.8318
Scotland E,2029,2,February,0.7024,9.8362,9.1341,0.7021
Scotland E,2029,3,March,0.9872,8.5531,7.5661,0.9869
Scotland E,2029,4,April,1.4623,6.9473,5.4882,1.4591
Scotland E,2029,5,May,0.9323,3.9383,3.0483,0.89
Scotland E,2029,6,June,1.6896,2.3551,0.9795,1.3756
Scotland E,2029,7,July,1.6142,1.4731,0.2896,1.1835
Scotland E,2029,8,August,1.7293,1.2515,0.1692,1.0823
Scotland E,2029,9,September,1.199,3.0791,2.0139,1.0652
Scotland E,2029,10,October,1.004,5.258,4.293,0.965
Scotland E,2029,11,November,1.1293,9.0274,7.9202,1.1073
Scotland E,2029,12,December,1.3958,9.0887,7.7023,1.3863
Scotland E,2030,1,January,1.1665,11.8971,10.731,1.1661
Scotland E,2030,2,February,1.0116,9.8362,8.8251,1.0111
Scotland E,2030,3,March,1.0114,8.5531,7.5419,1.0111
Scotland E,2030,4,April,0.6219,6.9473,6.3261,0.6213
Scotland E,2030,5,May,1.1841,3.9383,2.8164,1.1219
Scotland E,2030,6,June,0.8298,2.3551,1.6211,0.734
Scotland E,2030,7,July,1.6651,1.4731,0.2683,1.2048
Scotland E,2030,8,August,1.655,1.2515,0.1917,1.0598
Scotland E,2030,9,September,1.2205,3.0791,1.9962,1.0829
Scotland E,2030,10,October,1.0396,5.258,4.2594,0.9986
Scotland E,2030,11,November,0.9806,9.0274,8.065,0.9624
Scotland E,2030,12,December,1.231,9.0887,7.8654,1.2233
Scotland E,2031,1,January,1.1229,11.8971,10.7747,1.1225
Scotland E,2031,2,February,0.7851,9.8362,9.0515,0.7847
Scotland E,2031,3,March,1.3224,8.5531,7.2312,1.3219
Scotland E,2031,4,April,0.8047,6.9473,6.1436,0.8038
Scotland E,2031,5,May,1.3235,3.9383,2.6901,1.2482
Scotland E,2031,6,June,0.7616,2.3551,1.678,0.6771
Scotland E,2031,7,July,1.2417,1.4731,0.4796,0.9935
Scotland E,2031,8,August,1.5982,1.2515,0.2103,1.0412
Scotland E,2031,9,September,2.1303,3.0791,1.3115,1.7677
Scotland E,2031,10,October,1.571,5.258,3.7656,1.4924
Scotland E,2031,11,November,1.0724,9.0274,7.9756,1.0518
Scotland E,2031,12,December,2.0246,9.0887,7.0827,2.0059
Scotland E,2032,1,January,0.9551,11.8971,10.9423,0.9549
Scotland E,2032,2,February,0.2096,9.8362,9.6267,0.2095
Scotland E,2032,3,March,0.4357,8.5531,8.1175,0.4356
Scotland E,2032,4,April,0.7078,6.9473,6.2403,0.7071
Scotland E,2032,5,May,1.3299,3.9383,2.6843,1.254
Scotland E,2032,6,June,1.166,2.3551,1.3526,1.0025
Scotland E,2032,7,July,2.0369,1.4731,0.1448,1.3283
Scotland E,2032,8,August,1.542,1.2515,0.2299,1.0215
Scotland E,2032,9,September,1.7674,3.0791,1.5685,1.5106
Scotland E,2032,10,October,1.1908,5.258,4.1175,1.1405
Scotland E,2032,11,November,0.4796,9.0274,8.5554,0.472
Scotland E,2032,12,December,0.8654,9.0887,8.2278,0.8608
Scotland E,2033,1,January,1.3399,11.8971,10.5577,1.3394
Scotland E,2033,2,February,0.819,9.8362,9.0176,0.8186
Scotland E,2033,3,March,0.8697,8.5531,7.6836,0.8694
Scotland E,2033,4,April,1.2011,6.9473,5.7483,1.199
Scotland E,2033,5,May,1.1013,3.9383,2.8921,1.0462
Scotland E,2033,6,June,2.7221,2.3551,0.4371,1.918
Scotland E,2033,7,July,1.5982,1.4731,0.2966,1.1765
Scotland E,2033,8,August,2.4101,1.2515,0.0441,1.2074
Scotland E,2033,9,September,1.5439,3.0791,1.7378,1.3413
Scotland E,2033,10,October,1.4567,5.258,3.8706,1.3874
Scotland E,2033,11,November,1.5921,9.0274,7.4715,1.556
Scotland E,2033,12,December,0.9584,9.0887,8.1355,0.9532
Scotland E,2034,1,January,-0.0464,11.8971,11.9436,-0.0464
Scotland E,2034,2,February,0.5662,9.8362,9.2702,0.566
Scotland E,2034,3,March,1.1357,8.5531,7.4177,1.1353
Scotland E,2034,4,April,1.1362,6.9473,5.813,1.1343
Scotland E,2034,5,May,1.5485,3.9383,2.4898,1.4485
Scotland E,2034,6,June,1.5317,2.3551,1.0857,1.2695
Scotland E,2034,7,July,1.4135,1.4731,0.3845,1.0886
Scotland E,2034,8,August,1.9548,1.2515,0.1129,1.1385
Scotland E,2034,9,September,1.6336,3.0791,1.6689,1.4102
Scotland E,2034,10,October,1.7479,5.258,3.6046,1.6534
Scotland E,2034,11,November,1.4281,9.0274,7.63,1.3974
Scotland E,2034,12,December,1.2361,9.0887,7.8603,1.2283
Scotland E,2035,1,January,1.2507,11.8971,10.6469,1.2502
Scotland E,2035,2,February,1.1414,9.8362,8.6955,1.1407
Scotland E,2035,3,March,1.4582,8.5531,7.0956,1.4575
Scotland E,2035,4,April,0.9203,6.9473,6.0282,0.9191
Scotland E,2035,5,May,1.4893,3.9383,2.5421,1.3962
Scotland E,2035,6,June,1.3137,2.3551,1.2414,1.1137
Scotland E,2035,7,July,1.4904,1.4731,0.3461,1.127
Scotland E,2035,8,August,1.9323,1.2515,0.1178,1.1337
Scotland E,2035,9,September,1.3058,3.0791,1.9266,1.1525
Scotland E,2035,10,October,1.3814,5.258,3.9401,1.3179
Scotland E,2035,11,November,1.2016,9.0274,7.8498,1.1776
Scotland E,2035,12,December,1.0801,9.0887,8.0149,1.0738
Scotland E,2036,1,January,1.2614,11.8971,10.6363,1.2609
Scotland E,2036,2,February,1.62,9.8362,8.2177,1.6186
Scotland E,2036,3,March,1.1472,8.5531,7.4062,1.1468
Scotland E,2036,4,April,1.1281,6.9473,5.8211,1.1263
Scotland E,2036,5,May,1.1887,3.9383,2.8122,1.1262
Scotland E,2036,6,June,2.2068,2.3551,0.6741,1.681
Scotland E,2036,7,July,1.2128,1.4731,0.4968,0.9763
Scotland E,2036,8,August,1.9991,1.2515,0.1038,1.1476
Scotland E,2036,9,September,2.2689,3.0791,1.2195,1.8596
Scotland E,2036,10,October,1.5391,5.258,3.7948,1.4632
Scotland E,2036,11,November,1.9046,9.0274,7.1707,1.8568
Scotland E,2036,12,December,0.4263,9.0887,8.6642,0.4245
Scotland E,2037,1,January,0.3818,11.8971,11.5154,0.3817
Scotland E,2037,2,February,0.9892,9.8362,8.8475,0.9887
Scotland E,2037,3,March,1.2291,8.5531,7.3244,1.2286
Scotland E,2037,4,April,1.7727,6.9473,5.1798,1.7675
Scotland E,2037,5,May,0.9915,3.9383,2.9934,0.9449
Scotland E,2037,6,June,1.4216,2.3551,1.163,1.1921
Scotland E,2037,7,July,1.6104,1.4731,0.2913,1.1818
Scotland E,2037,8,August,1.9198,1.2515,0.1206,1.1309
Scotland E,2037,9,September,1.8707,3.0791,1.493,1.5861
Scotland E,2037,10,October,1.714,5.258,3.6353,1.6227
Scotland E,2037,11,November,1.6954,9.0274,7.3719,1.6556
Scotland E,2037,12,December,1.4514,9.0887,7.6473,1.4413
Scotland E,2038,1,January,1.4285,11.8971,10.4693,1.4279
Scotland E,2038,2,February,1.0727,9.8362,8.7641,1.0721
Scotland E,2038,3,March,0.9616,8.5531,7.5917,0.9613
Scotland E,2038,4,April,1.6501,6.9473,5.3015,1.6458
Scotland E,2038,5,May,1.5874,3.9383,2.4557,1.4826
Scotland E,2038,6,June,1.834,2.3551,0.8876,1.4675
Scotland E,2038,7,July,2.1479,1.4731,0.1179,1.3552
Scotland E,2038,8,August,1.9821,1.2515,0.1072,1.1442
Scotland E,2038,9,September,2.0472,3.0791,1.3682,1.7109
Scotland E,2038,10,October,2.5266,5.258,2.9222,2.3358
Scotland E,2038,11,November,1.3796,9.0274,7.677,1.3504
Scotland E,2038,12,December,1.8741,9.0887,7.2306,1.858
Scotland E,2039,1,January,0.903,11.8971,10.9944,0.9027
Scotland E,2039,2,February,0.226,9.8362,9.6103,0.2259
Scotland E,2039,3,March,1.1064,8.5531,7.447,1.106
Scotland E,2039,4,April,1.4399,6.9473,5.5105,1.4368
Scotland E,2039,5,May,1.4617,3.9383,2.5665,1.3718
Scotland E,2039,6,June,1.5112,2.3551,1.0999,1.2552
Scotland E,2039,7,July,1.8557,1.4731,0.1982,1.2749
Scotland E,2039,8,August,2.5938,1.2515,0.0287,1.2228
Scotland E,2039,9,September,1.9937,3.0791,1.4055,1.6736
Scotland E,2039,10,October,1.621,5.258,3.7199,1.5381
Scotland E,2039,11,November,1.5152,9.0274,7.5457,1.4817
Scotland E,2039,12,December,0.8829,9.0887,8.2104,0.8783
Scotland E,2040,1,January,1.298,11.8971,10.5997,1.2975
Scotland E,2040,2,February,1.3793,9.8362,8.458,1.3782
Scotland E,2040,3,March,1.6181,8.5531,6.9358,1.6172
Scotland E,2040,4,April,1.1739,6.9473,5.7754,1.1719
Scotland E,2040,5,May,1.8016,3.9383,2.2706,1.6677
Scotland E,2040,6,June,1.8358,2.3551,0.8865,1.4686
Scotland E,2040,7,July,1.9367,1.4731,0.1728,1.3003
Scotland E,2040,8,August,2.4025,1.2515,0.0448,1.2067
Scotland E,2040,9,September,1.937,3.0791,1.4455,1.6336
Scotland E,2040,10,October,2.0694,5.258,3.3173,1.9406
Scotland E,2040,11,November,1.7808,9.0274,7.2896,1.7379
Scotland E,2040,12,December,1.6583,9.0887,7.4432,1.6455
Scotland E,2041,1,January,1.1662,11.8971,10.7313,1.1658
Scotland E,2041,2,February,1.8815,9.8362,7.9568,1.8794
Scotland E,2041,3,March,0.8821,8.5531,7.6712,0.8819
Scotland E,2041,4,April,0.6402,6.9473,6.3078,0.6395
Scotland E,2041,5,May,1.5874,3.9383,2.4557,1.4826
Scotland E,2041,6,June,2.2925,2.3551,0.63,1.7251
Scotland E,2041,7,July,1.7489,1.4731,0.2356,1.2375
Scotland E,2041,8,August,2.2279,1.2515,0.0656,1.1859
Scotland E,2041,9,September,2.6664,3.0791,0.9762,2.1029
Scotland E,2041,10,October,2.331,5.258,3.0891,2.1689
Scotland E,2041,11,November,2.0201,9.0274,7.0601,1.9673
Scotland E,2041,12,December,1.7791,9.0887,7.3241,1.7645
Scotland E,2042,1,January,2.0921,11.8971,9.8064,2.0907
Scotland E,2042,2,February,1.9937,9.8362,7.8449,1.9913
Scotland E,2042,3,March,1.5368,8.5531,7.017,1.5361
Scotland E,2042,4,April,1.3562,6.9473,5.5939,1.3535
Scotland E,2042,5,May,1.0358,3.9383,2.9525,0.9859
Scotland E,2042,6,June,1.8553,2.3551,0.8745,1.4806
Scotland E,2042,7,July,1.9909,1.4731,0.1572,1.3159
Scotland E,2042,8,August,2.1041,1.2515,0.0845,1.167
Scotland E,2042,9,September,2.598,3.0791,1.0159,2.0632
Scotland E,2042,10,October,1.7216,5.258,3.6284,1.6296
Scotland E,2042,11,November,1.6538,9.0274,7.4119,1.6156
Scotland E,2042,12,December,1.845,9.0887,7.2592,1.8295
Scotland E,2043,1,January,1.5816,11.8971,10.3162,1.5809
Scotland E,2043,2,February,1.0146,9.8362,8.8222,1.014
Scotland E,2043,3,March,1.1948,8.5531,7.3587,1.1944
Scotland E,2043,4,April,1.5147,6.9473,5.4361,1.5112
Scotland E,2043,5,May,1.5143,3.9383,2.5199,1.4184
Scotland E,2043,6,June,2.141,2.3551,0.7093,1.6458
Scotland E,2043,7,July,1.6619,1.4731,0.2696,1.2035
Scotland E,2043,8,August,2.4233,1.2515,0.0428,1.2087
Scotland E,2043,9,September,2.4111,3.0791,1.1289,1.9502
Scotland E,2043,10,October,1.8113,5.258,3.5474,1.7106
Scotland E,2043,11,November,1.4284,9.0274,7.6298,1.3977
Scotland E,2043,12,December,2.0786,9.0887,7.0297,2.059
Scotland E,2044,1,January,1.4142,11.8971,10.4836,1.4136
Scotland E,2044,2,February,1.4546,9.8362,8.3828,1.4534
Scotland E,2044,3,March,1.609,8.5531,6.945,1.6081
Scotland E,2044,4,April,1.7365,6.9473,5.2158,1.7315
Scotland E,2044,5,May,1.6401,3.9383,2.4097,1.5286
Scotland E,2044,6,June,1.8418,2.3551,0.8828,1.4723
Scotland E,2044,7,July,2.4876,1.4731,0.059,1.4141
Scotland E,2044,8,August,2.2871,1.2515,0.0578,1.1937
Scotland E,2044,9,September,2.3262,3.0791,1.1825,1.8966
Scotland E,2044,10,October,2.5218,5.258,2.9263,2.3317
Scotland E,2044,11,November,1.9274,9.0274,7.1488,1.8786
Scotland E,2044,12,December,1.8435,9.0887,7.2607,1.828
Scotland E,2045,1,January,1.8071,11.8971,10.0911,1.8061
Scotland E,2045,2,February,1.4215,9.8362,8.4158,1.4204
Scotland E,2045,3,March,1.1442,8.5531,7.4092,1.1438
Scotland E,2045,4,April,1.7805,6.9473,5.1721,1.7752
Scotland E,2045,5,May,1.863,3.9383,2.2185,1.7198
Scotland E,2045,6,June,2.0039,2.3551,0.786,1.5691
Scotland E,2045,7,July,2.616,1.4731,0.0443,1.4288
Scotland E,2045,8,August,2.3052,1.2515,0.0556,1.1959
Scotland E,2045,9,September,2.277,3.0791,1.2142,1.8649
Scotland E,2045,10,October,2.3394,5.258,3.0819,2.1761
Scotland E,2045,11,November,1.4542,9.0274,7.6048,1.4227
Scotland E,2045,12,December,1.3209,9.0887,7.7764,1.3123
Scotland E,2046,1,January,1.7057,11.8971,10.1923,1.7049
Scotland E,2046,2,February,1.5291,9.8362,8.3084,1.5278
Scotland E,2046,3,March,1.3774,8.5531,7.1763,1.3768
Scotland E,2046,4,April,1.4462,6.9473,5.5043,1.4431
Scotland E,2046,5,May,1.823,3.9383,2.2524,1.6859
Scotland E,2046,6,June,1.668,2.3551,0.9937,1.3614
Scotland E,2046,7,July,2.0041,1.4731,0.1535,1.3196
Scotland E,2046,8,August,2.5843,1.2515,0.0293,1.2221
Scotland E,2046,9,September,2.4481,3.0791,1.106,1.9731
Scotland E,2046,10,October,2.5803,5.258,2.8769,2.381
Scotland E,2046,11,November,2.0818,9.0274,7.0011,2.0263
Scotland E,2046,12,December,1.5383,9.0887,7.5615,1.5271
Scotland E,2047,1,January,1.2351,11.8971,10.6625,1.2346
Scotland E,2047,2,February,1.4957,9.8362,8.3418,1.4944
Scotland E,2047,3,March,2.146,8.5531,6.409,2.144
Scotland E,2047,4,April,2.0635,6.9473,4.8918,2.0555
Scotland E,2047,5,May,2.2023,3.9383,1.939,1.9994
Scotland E,2047,6,June,1.8949,2.3551,0.8504,1.5047
Scotland E,2047,7,July,1.6717,1.4731,0.2657,1.2074
Scotland E,2047,8,August,2.4837,1.2515,0.0372,1.2143
Scotland E,2047,9,September,2.5432,3.0791,1.0483,2.0308
Scotland E,2047,10,October,2.2717,5.258,3.1404,2.1176
Scotland E,2047,11,November,2.0913,9.0274,6.992,2.0354
Scotland E,2047,12,December,1.3949,9.0887,7.7033,1.3854
Scotland E,2048,1,January,1.6812,11.8971,10.2168,1.6804
Scotland E,2048,2,February,1.3987,9.8362,8.4386,1.3976
Scotland E,2048,3,March,1.9641,8.5531,6.5905,1.9625
Scotland E,2048,4,April,1.5379,6.9473,5.413,1.5343
Scotland E,2048,5,May,1.7312,3.9383,2.3309,1.6074
Scotland E,2048,6,June,2.2631,2.3551,0.6449,1.7102
Scotland E,2048,7,July,1.8666,1.4731,0.1946,1.2785
Scotland E,2048,8,August,2.4963,1.2515,0.0361,1.2153
Scotland E,2048,9,September,2.6566,3.0791,0.9818,2.0973
Scotland E,2048,10,October,2.8903,5.258,2.621,2.637
Scotland E,2048,11,November,2.0728,9.0274,7.0097,2.0177
Scotland E,2048,12,December,1.2227,9.0887,7.8736,1.2151
Scotland E,2049,1,January,2.3311,11.8971,9.5679,2.3293
Scotland E,2049,2,February,2.0528,9.8362,7.786,2.0502
Scotland E,2049,3,March,2.0795,8.5531,6.4754,2.0777
Scotland E,2049,4,April,1.7054,6.9473,5.2466,1.7007
Scotland E,2049,5,May,2.2924,3.9383,1.8673,2.0711
Scotland E,2049,6,June,2.8982,2.3551,0.3713,1.9838
Scotland E,2049,7,July,2.7535,1.4731,0.032,1.4411
Scotland E,2049,8,August,2.8302,1.2515,0.0158,1.2357
Scotland E,2049,9,September,2.6592,3.0791,0.9803,2.0988
Scotland E,2049,10,October,2.2977,5.258,3.1178,2.1401
Scotland E,2049,11,November,2.4512,9.0274,6.6498,2.3776
Scotland E,2049,12,December,1.7458,9.0887,7.3569,1.7317
Scotland E,2050,1,January,2.0942,11.8971,9.8043,2.0929
Scotland E,2050,2,February,1.0046,9.8362,8.8322,1.004
Scotland E,2050,3,March,0.7492,8.5531,7.8041,0.749
Scotland E,2050,4,April,1.8291,6.9473,5.1239,1.8234
Scotland E,2050,5,May,1.785,3.9383,2.2848,1.6535
Scotland E,2050,6,June,2.1416,2.3551,0.7089,1.6462
Scotland E,2050,7,July,2.2073,1.4731,0.1052,1.3679
Scotland E,2050,8,August,2.7669,1.2515,0.0186,1.2329
Scotland E,2050,9,September,3.401,3.0791,0.6099,2.4692
Scotland E,2050,10,October,3.2723,5.258,2.3193,2.9387
Scotland E,2050,11,November,2.1518,9.0274,6.9342,2.0932
Scotland E,2050,12,December,2.2794,9.0887,6.833,2.2557
Scotland E,2051,1,January,2.1025,11.8971,9.7961,2.1011
Scotland E,2051,2,February,1.794,9.8362,8.0441,1.7921
Scotland E,2051,3,March,1.8892,8.5531,6.6653,1.8878
Scotland E,2051,4,April,1.1477,6.9473,5.8015,1.1458
Scotland E,2051,5,May,1.7413,3.9383,2.3222,1.6161
Scotland E,2051,6,June,2.8291,2.3551,0.3962,1.9589
Scotland E,2051,7,July,2.888,1.4731,0.0229,1.4502
Scotland E,2051,8,August,3.256,1.2515,0.0047,1.2467
Scotland E,2051,9,September,2.5152,3.0791,1.0651,2.014
Scotland E,2051,10,October,2.4535,5.258,2.9842,2.2738
Scotland E,2051,11,November,1.9133,9.0274,7.1624,1.865
Scotland E,2051,12,December,1.7355,9.0887,7.3671,1.7216
Scotland E,2052,1,January,1.9516,11.8971,9.9467,1.9504
Scotland E,2052,2,February,1.4473,9.8362,8.3901,1.4461
Scotland E,2052,3,March,1.7086,8.5531,6.8455,1.7076
Scotland E,2052,4,April,1.942,6.9473,5.0121,1.9353
Scotland E,2052,5,May,2.4711,3.9383,1.7286,2.2097
Scotland E,2052,6,June,2.7404,2.3551,0.4299,1.9252
Scotland E,2052,7,July,2.8263,1.4731,0.0268,1.4463
Scotland E,2052,8,August,3.4853,1.2515,0.0023,1.2492
Scotland E,2052,9,September,3.0273,3.0791,0.7826,2.2965
Scotland E,2052,10,October,3.2391,5.258,2.3449,2.9131
Scotland E,2052,11,November,2.7858,9.0274,6.3348,2.6926
Scotland E,2052,12,December,2.0926,9.0887,7.016,2.0727
Scotland E,2053,1,January,2.0191,11.8971,9.8792,2.0179
Scotland E,2053,2,February,1.3718,9.8362,8.4655,1.3708
Scotland E,2053,3,March,2.0705,8.5531,6.4843,2.0687
Scotland E,2053,4,April,2.2147,6.9473,4.7425,2.2049
Scotland E,2053,5,May,1.778,3.9383,2.2908,1.6476
Scotland E,2053,6,June,2.4332,2.3551,0.5617,1.7934
Scotland E,2053,7,July,2.9979,1.4731,0.0172,1.4559
Scotland E,2053,8,August,2.8917,1.2515,0.0134,1.2381
Scotland E,2053,9,September,3.1312,3.0791,0.7317,2.3474
Scotland E,2053,10,October,2.4986,5.258,2.9459,2.3121
Scotland E,2053,11,November,2.125,9.0274,6.9598,2.0676
Scotland E,2053,12,December,1.4326,9.0887,7.666,1.4227
Scotland E,2054,1,January,1.9669,11.8971,9.9314,1.9658
Scotland E,2054,2,February,0.6884,9.8362,9.1481,0.6881
Scotland E,2054,3,March,1.9404,8.5531,6.6141,1.939
Scotland E,2054,4,April,1.6544,6.9473,5.2972,1.6501
Scotland E,2054,5,May,2.4485,3.9383,1.7458,2.1925
Scotland E,2054,6,June,1.7744,2.3551,0.9249,1.4302
Scotland E,2054,7,July,2.6737,1.4731,0.0387,1.4344
Scotland E,2054,8,August,2.7736,1.2515,0.0183,1.2332
Scotland E,2054,9,September,2.6472,3.0791,0.9873,2.0919
Scotland E,2054,10,October,2.8327,5.258,2.6679,2.5901
Scotland E,2054,11,November,2.3733,9.0274,6.7236,2.3038
Scotland E,2054,12,December,2.0873,9.0887,7.0212,2.0675
Scotland E,2055,1,January,1.7073,11.8971,10.1907,1.7064
Scotland E,2055,2,February,2.157,9.8362,7.6821,2.1541
Scotland E,2055,3,March,1.8832,8.5531,6.6712,1.8819
Scotland E,2055,4,April,1.7954,6.9473,5.1574,1.79
Scotland E,2055,5,May,2.7667,3.9383,1.51,2.4283
Scotland E,2055,6,June,3.0247,2.3551,0.3286,2.0265
Scotland E,2055,7,July,2.8848,1.4731,0.0231,1.45
Scotland E,2055,8,August,2.7638,1.2515,0.0188,1.2327
Scotland E,2055,9,September,3.048,3.0791,0.7723,2.3068
Scotland E,2055,10,October,2.8673,5.258,2.6397,2.6183
Scotland E,2055,11,November,2.7284,9.0274,6.3887,2.6388
Scotland E,2055,12,December,2.6436,9.0887,6.4778,2.6108
Scotland E,2056,1,January,2.1397,11.8971,9.7589,2.1383
Scotland E,2056,2,February,1.7948,9.8362,8.0433,1.7929
Scotland E,2056,3,March,1.665,8.5531,6.889,1.6641
Scotland E,2056,4,April,1.925,6.9473,5.0288,1.9185
Scotland E,2056,5,May,2.0882,3.9383,2.0313,1.907
Scotland E,2056,6,June,2.3515,2.3551,0.6007,1.7544
Scotland E,2056,7,July,3.186,1.4731,0.0103,1.4628
Scotland E,2056,8,August,3.4117,1.2515,0.0029,1.2486
Scotland E,2056,9,September,3.4919,3.0791,0.5722,2.507
Scotland E,2056,10,October,3.2076,5.258,2.3693,2.8887
Scotland E,2056,11,November,2.7941,9.0274,6.3271,2.7003
Scotland E,2056,12,December,2.0652,9.0887,7.0429,2.0458
Scotland E,2057,1,January,1.496,11.8971,10.4018,1.4954
Scotland E,2057,2,February,2.2441,9.8362,7.5954,2.2408
Scotland E,2057,3,March,1.6371,8.5531,6.9168,1.6362
Scotland E,2057,4,April,1.6407,6.9473,5.3108,1.6365
Scotland E,2057,5,May,2.5034,3.9383,1.704,2.2343
Scotland E,2057,6,June,3.3048,2.3551,0.2469,2.1082
Scotland E,2057,7,July,3.1641,1.4731,0.0109,1.4622
Scotland E,2057,8,August,3.3616,1.2515,0.0034,1.2481
Scotland E,2057,9,September,3.606,3.0791,0.5271,2.552
Scotland E,2057,10,October,2.8129,5.258,2.684,2.5739
Scotland E,2057,11,November,2.9256,9.0274,6.2043,2.8232
Scotland E,2057,12,December,2.3803,9.0887,6.7343,2.3543
Scotland E,2058,1,January,2.2597,11.8971,9.6391,2.258
Scotland E,2058,2,February,1.9127,9.8362,7.9257,1.9105
Scotland E,2058,3,March,1.612,8.5531,6.9419,1.6111
Scotland E,2058,4,April,1.7642,6.9473,5.1883,1.7591
Scotland E,2058,5,May,2.4602,3.9383,1.7369,2.2014
Scotland E,2058,6,June,2.6599,2.3551,0.4622,1.8929
Scotland E,2058,7,July,2.9324,1.4731,0.0204,1.4527
Scotland E,2058,8,August,3.692,1.2515,0.0012,1.2503
Scotland E,2058,9,September,3.271,3.0791,0.6668,2.4123
Scotland E,2058,10,October,3.3045,5.258,2.2945,2.9634
Scotland E,2058,11,November,3.0015,9.0274,6.1336,2.8939
Scotland E,2058,12,December,2.526,9.0887,6.5923,2.4964
Scotland E,2059,1,January,1.4939,11.8971,10.4038,1.4933
Scotland E,2059,2,February,1.8121,9.8362,8.026,1.8102
Scotland E,2059,3,March,2.4426,8.5531,6.1135,2.4395
Scotland E,2059,4,April,1.9655,6.9473,4.9888,1.9586
Scotland E,2059,5,May,2.0523,3.9383,2.0607,1.8776
Scotland E,2059,6,June,2.4384,2.3551,0.5593,1.7958
Scotland E,2059,7,July,3.1428,1.4731,0.0116,1.4615
Scotland E,2059,8,August,3.3137,1.2515,0.004,1.2475
Scotland E,2059,9,September,3.4883,3.0791,0.5736,2.5055
Scotland E,2059,10,October,3.4395,5.258,2.1923,3.0657
Scotland E,2059,11,November,2.9172,9.0274,6.2121,2.8154
Scotland E,2059,12,December,2.6646,9.0887,6.4574,2.6313
Scotland E,2060,1,January,2.2918,11.8971,9.607,2.2901
Scotland E,2060,2,February,2.4307,9.8362,7.4095,2.4267
Scotland E,2060,3,March,1.9961,8.5531,6.5586,1.9945
Scotland E,2060,4,April,2.169,6.9473,4.7875,2.1598
Scotland E,2060,5,May,2.3693,3.9383,1.807,2.1313
Scotland E,2060,6,June,3.5445,2.3551,0.1901,2.165
Scotland E,2060,7,July,3.5809,1.4731,0.0031,1.47
Scotland E,2060,8,August,3.7021,1.2515,0.0011,1.2504
Scotland E,2060,9,September,3.3119,3.0791,0.6485,2.4306
Scotland E,2060,10,October,3.1622,5.258,2.4046,2.8534
Scotland E,2060,11,November,2.9041,9.0274,6.2243,2.8031
Scotland E,2060,12,December,2.0249,9.0887,7.0824,2.0063
Scotland E,2061,1,January,2.1733,11.8971,9.7253,2.1718
Scotland E,2061,2,February,1.732,9.8362,8.1059,1.7303
Scotland E,2061,3,March,1.6094,8.5531,6.9446,1.6085
Scotland E,2061,4,April,2.0189,6.9473,4.9359,2.0115
Scotland E,2061,5,May,2.7591,3.9383,1.5154,2.4229
Scotland E,2061,6,June,2.513,2.3551,0.5252,1.8299
Scotland E,2061,7,July,2.892,1.4731,0.0227,1.4504
Scotland E,2061,8,August,3.4406,1.2515,0.0027,1.2488
Scotland E,2061,9,September,3.4169,3.0791,0.6032,2.4759
Scotland E,2061,10,October,3.4392,5.258,2.1925,3.0655
Scotland E,2061,11,November,2.9105,9.0274,6.2184,2.8091
Scotland E,2061,12,December,3.049,9.0887,6.0855,3.0032
Scotland E,2062,1,January,2.4988,11.8971,9.4005,2.4966
Scotland E,2062,2,February,2.0016,9.8362,7.8371,1.9992
Scotland E,2062,3,March,2.1452,8.5531,6.4098,2.1432
Scotland E,2062,4,April,2.2448,6.9473,4.7127,2.2346
Scotland E,2062,5,May,2.0822,3.9383,2.0362,1.9021
Scotland E,2062,6,June,3.3305,2.3551,0.2403,2.1149
Scotland E,2062,7,July,3.3697,1.4731,0.006,1.4671
Scotland E,2062,8,August,3.8392,1.2515,0.0007,1.2508
Scotland E,2062,9,September,4.2534,3.0791,0.3177,2.7615
Scotland E,2062,10,October,3.197,5.258,2.3775,2.8805
Scotland E,2062,11,November,3.2353,9.0274,5.9171,3.1103
Scotland E,2062,12,December,2.422,9.0887,6.6937,2.395
Scotland E,2063,1,January,2.1671,11.8971,9.7316,2.1656
Scotland E,2063,2,February,1.7876,9.8362,8.0505,1.7857
Scotland E,2063,3,March,1.7072,8.5531,6.8469,1.7061
Scotland E,2063,4,April,2.2293,6.9473,4.7281,2.2193
Scotland E,2063,5,May,1.7941,3.9383,2.277,1.6613
Scotland E,2063,6,June,3.8753,2.3551,0.1289,2.2262
Scotland E,2063,7,July,3.1481,1.4731,0.0114,1.4617
Scotland E,2063,8,August,4.4306,1.2515,0.0001,1.2514
Scotland E,2063,9,September,3.6723,3.0791,0.502,2.5771
Scotland E,2063,10,October,4.0097,5.258,1.7853,3.4727
Scotland E,2063,11,November,2.5814,9.0274,6.5269,2.5005
Scotland E,2063,12,December,2.8078,9.0887,6.3185,2.7702
Scotland E,2064,1,January,2.9947,11.8971,8.906,2.9911
Scotland E,2064,2,February,2.2709,9.8362,7.5686,2.2676
Scotland E,2064,3,March,1.9706,8.5531,6.584,1.969
Scotland E,2064,4,April,1.5145,6.9473,5.4363,1.511
Scotland E,2064,5,May,2.4067,3.9383,1.778,2.1603
Scotland E,2064,6,June,3.2617,2.3551,0.2584,2.0967
Scotland E,2064,7,July,3.7991,1.4731,0.0015,1.4716
Scotland E,2064,8,August,4.2446,1.2515,0.0001,1.2513
Scotland E,2064,9,September,3.61,3.0791,0.5255,2.5536
Scotland E,2064,10,October,3.6426,5.258,2.0426,3.2154
Scotland E,2064,11,November,3.4836,9.0274,5.6895,3.3379
Scotland E,2064,12,December,3.0681,9.0887,6.0672,3.0215
Scotland E,2065,1,January,2.0619,11.8971,9.8366,2.0606
Scotland E,2065,2,February,1.5268,9.8362,8.3107,1.5255
Scotland E,2065,3,March,2.1929,8.5531,6.3623,2.1908
Scotland E,2065,4,April,1.4746,6.9473,5.476,1.4713
Scotland E,2065,5,May,2.4602,3.9383,1.7369,2.2014
Scotland E,2065,6,June,3.1687,2.3551,0.2844,2.0707
Scotland E,2065,7,July,4.2181,1.4731,0.0003,1.4728
Scotland E,2065,8,August,4.2563,1.2515,0.0001,1.2513
Scotland E,2065,9,September,4.1316,3.0791,0.3513,2.7278
Scotland E,2065,10,October,4.0905,5.258,1.731,3.527
Scotland E,2065,11,November,2.9318,9.0274,6.1985,2.829
Scotland E,2065,12,December,2.725,9.0887,6.3987,2.6899
Scotland E,2066,1,January,1.8109,11.8971,10.0872,1.8099
Scotland E,2066,2,February,2.1563,9.8362,7.6828,2.1534
Scotland E,2066,3,March,1.9553,8.5531,6.5992,1.9538
Scotland E,2066,4,April,2.0171,6.9473,4.9377,2.0097
Scotland E,2066,5,May,2.6613,3.9383,1.5863,2.352
Scotland E,2066,6,June,2.9977,2.3551,0.3374,2.0177
Scotland E,2066,7,July,3.898,1.4731,0.0011,1.472
Scotland E,2066,8,August,3.9793,1.2515,0.0004,1.2511
Scotland E,2066,9,September,3.6308,3.0791,0.5176,2.5615
Scotland E,2066,10,October,3.3857,5.258,2.2328,3.0252
Scotland E,2066,11,November,2.9427,9.0274,6.1883,2.8392
Scotland E,2066,12,December,2.7635,9.0887,6.3614,2.7272
Scotland E,2067,1,January,2.3676,11.8971,9.5314,2.3657
Scotland E,2067,2,February,2.3117,9.8362,7.5281,2.3081
Scotland E,2067,3,March,2.0363,8.5531,6.5184,2.0346
Scotland E,2067,4,April,2.0152,6.9473,4.9396,2.0078
Scotland E,2067,5,May,2.7587,3.9383,1.5157,2.4226
Scotland E,2067,6,June,3.4578,2.3551,0.2093,2.1458
Scotland E,2067,7,July,3.5034,1.4731,0.004,1.4691
Scotland E,2067,8,August,4.6207,1.2515,0.0,1.2514
Scotland E,2067,9,September,4.0088,3.0791,0.3878,2.6913
Scotland E,2067,10,October,3.3901,5.258,2.2295,3.0285
Scotland E,2067,11,November,2.9905,9.0274,6.1438,2.8836
Scotland E,2067,12,December,2.8902,9.0887,6.2388,2.8499
Scotland E,2068,1,January,3.0664,11.8971,8.8346,3.0626
Scotland E,2068,2,February,2.9031,9.8362,6.94,2.8962
Scotland E,2068,3,March,2.2196,8.5531,6.3357,2.2173
Scotland E,2068,4,April,2.1042,6.9473,4.8516,2.0957
Scotland E,2068,5,May,2.5453,3.9383,1.6724,2.2659
Scotland E,2068,6,June,3.351,2.3551,0.235,2.1201
Scotland E,2068,7,July,3.5829,1.4731,0.0031,1.47
Scotland E,2068,8,August,4.6841,1.2515,0.0,1.2515
Scotland E,2068,9,September,3.927,3.0791,0.4137,2.6654
Scotland E,2068,10,October,3.8149,5.258,1.9196,3.3384
Scotland E,2068,11,November,3.1392,9.0274,6.0059,3.0215
Scotland E,2068,12,December,2.9447,9.0887,6.1861,2.9025
Scotland E,2069,1,January,2.6712,11.8971,9.2285,2.6687
Scotland E,2069,2,February,1.634,9.8362,8.2037,1.6325
Scotland E,2069,3,March,1.4393,8.5531,7.1144,1.4386
Scotland E,2069,4,April,2.3353,6.9473,4.6236,2.3238
Scotland E,2069,5,May,2.9918,3.9383,1.3533,2.585
Scotland E,2069,6,June,2.8758,2.3551,0.3792,1.9759
Scotland E,2069,7,July,3.8473,1.4731,0.0013,1.4718
Scotland E,2069,8,August,4.167,1.2515,0.0002,1.2513
Scotland E,2069,9,September,3.9747,3.0791,0.3985,2.6807
Scotland E,2069,10,October,2.4425,5.258,2.9935,2.2645
Scotland E,2069,11,November,3.1509,9.0274,5.9951,3.0323
Scotland E,2069,12,December,2.8779,9.0887,6.2507,2.838
Scotland E,2070,1,January,2.9027,11.8971,8.9977,2.8995
Scotland E,2070,2,February,2.5602,9.8362,7.2807,2.5555
Scotland E,2070,3,March,2.0926,8.5531,6.4623,2.0908
Scotland E,2070,4,April,1.9361,6.9473,5.0178,1.9295
Scotland E,2070,5,May,2.2206,3.9383,1.9243,2.014
Scotland E,2070,6,June,2.8976,2.3551,0.3715,1.9836
Scotland E,2070,7,July,4.0446,1.4731,0.0006,1.4725
Scotland E,2070,8,August,4.483,1.2515,0.0001,1.2514
Scotland E,2070,9,September,4.2447,3.0791,0.32,2.7592
Scotland E,2070,10,October,3.9358,5.258,1.8357,3.4223
Scotland E,2070,11,November,3.8365,9.0274,5.3701,3.6573
Scotland E,2070,12,December,3.3942,9.0887,5.7545,3.3341
Scotland E,2071,1,January,3.0309,11.8971,8.87,3.0271
Scotland E,2071,2,February,2.1296,9.8362,7.7095,2.1267
Scotland E,2071,3,March,2.3539,8.5531,6.2019,2.3512
Scotland E,2071,4,April,2.6778,6.9473,4.2877,2.6597
Scotland E,2071,5,May,3.3485,3.9383,1.1236,2.8147
Scotland E,2071,6,June,4.6437,2.3551,0.0461,2.309
Scotland E,2071,7,July,3.6546,1.4731,0.0024,1.4707
Scotland E,2071,8,August,4.6687,1.2515,0.0,1.2514
Scotland E,2071,9,September,4.3165,3.0791,0.3012,2.7779
Scotland E,2071,10,October,4.0245,5.258,1.7753,3.4827
Scotland E,2071,11,November,3.9369,9.0274,5.2802,3.7473
Scotland E,2071,12,December,2.7422,9.0887,6.3821,2.7066
Scotland E,2072,1,January,2.6085,11.8971,9.291,2.6061
Scotland E,2072,2,February,2.9101,9.8362,6.9331,2.9031
Scotland E,2072,3,March,2.9102,8.5531,5.6487,2.9044
Scotland E,2072,4,April,2.003,6.9473,4.9516,1.9957
Scotland E,2072,5,May,2.0921,3.9383,2.0281,1.9102
Scotland E,2072,6,June,3.7818,2.3551,0.1443,2.2108
Scotland E,2072,7,July,4.5058,1.4731,0.0001,1.473
Scotland E,2072,8,August,5.1796,1.2515,0.0,1.2515
Scotland E,2072,9,September,4.4098,3.0791,0.2781,2.8011
Scotland E,2072,10,October,4.236,5.258,1.6356,3.6224
Scotland E,2072,11,November,3.3973,9.0274,5.7684,3.259
Scotland E,2072,12,December,3.2809,9.0887,5.8629,3.2258
Scotland E,2073,1,January,2.107,11.8971,9.7915,2.1057
Scotland E,2073,2,February,2.3226,9.8362,7.5172,2.319
Scotland E,2073,3,March,3.3082,8.5531,5.2546,3.2985
Scotland E,2073,4,April,2.4217,6.9473,4.5387,2.4087
Scotland E,2073,5,May,3.5876,3.9383,0.983,2.9553
Scotland E,2073,6,June,3.52,2.3551,0.1954,2.1597
Scotland E,2073,7,July,3.7424,1.4731,0.0018,1.4713
Scotland E,2073,8,August,4.588,1.2515,0.0,1.2514
Scotland E,2073,9,September,4.2816,3.0791,0.3102,2.7689
Scotland E,2073,10,October,4.4682,5.258,1.4894,3.7686
Scotland E,2073,11,November,3.488,9.0274,5.6855,3.3419
Scotland E,2073,12,December,2.9646,9.0887,6.1669,2.9218
Scotland E,2074,1,January,3.0191,11.8971,8.8817,3.0154
Scotland E,2074,2,February,2.8191,9.8362,7.0234,2.8128
Scotland E,2074,3,March,2.4656,8.5531,6.0906,2.4625
Scotland E,2074,4,April,2.6501,6.9473,4.3148,2.6326
Scotland E,2074,5,May,2.9078,3.9383,1.4108,2.5276
Scotland E,2074,6,June,3.1037,2.3551,0.3038,2.0513
Scotland E,2074,7,July,3.4948,1.4731,0.0041,1.469
Scotland E,2074,8,August,4.1004,1.2515,0.0003,1.2512
Scotland E,2074,9,September,3.8802,3.0791,0.429,2.6501
Scotland E,2074,10,October,4.0705,5.258,1.7444,3.5136
Scotland E,2074,11,November,3.7074,9.0274,5.4863,3.5411
Scotland E,2074,12,December,3.0912,9.0887,6.0449,3.0438
Scotland E,2075,1,January,2.6386,11.8971,9.2611,2.6361
Scotland E,2075,2,February,2.2484,9.8362,7.5911,2.2451
Scotland E,2075,3,March,2.944,8.5531,5.6151,2.938
Scotland E,2075,4,April,2.4086,6.9473,4.5515,2.3958
Scotland E,2075,5,May,2.8632,3.9383,1.4418,2.4966
Scotland E,2075,6,June,3.4384,2.3551,0.2138,2.1413
Scotland E,2075,7,July,4.7126,1.4731,0.0,1.4731
Scotland E,2075,8,August,5.3079,1.2515,0.0,1.2515
Scotland E,2075,9,September,4.7253,3.0791,0.2098,2.8693
Scotland E,2075,10,October,4.5323,5.258,1.4504,3.8075
Scotland E,2075,11,November,3.6677,9.0274,5.5222,3.5052
Scotland E,2075,12,December,3.5217,9.0887,5.6332,3.4555
Scotland E,2076,1,January,3.1682,11.8971,8.7333,3.1639
Scotland E,2076,2,February,2.2948,9.8362,7.5449,2.2913
Scotland E,2076,3,March,3.1367,8.5531,5.4241,3.1289
Scotland E,2076,4,April,2.871,6.9473,4.0994,2.8479
Scotland E,2076,5,May,3.3983,3.9383,1.0934,2.8449
Scotland E,2076,6,June,3.9267,2.3551,0.121,2.2341
Scotland E,2076,7,July,5.0594,1.4731,0.0,1.4731
Scotland E,2076,8,August,5.7295,1.2515,0.0,1.2515
Scotland E,2076,9,September,4.7729,3.0791,0.2007,2.8784
Scotland E,2076,10,October,3.989,5.258,1.7993,3.4586
Scotland E,2076,11,November,3.587,9.0274,5.5954,3.4321
Scotland E,2076,12,December,3.5977,9.0887,5.561,3.5277
Scotland E,2077,1,January,2.7039,11.8971,9.1959,2.7012
Scotland E,2077,2,February,2.7362,9.8362,7.1057,2.7305
Scotland E,2077,3,March,2.4877,8.5531,6.0686,2.4844
Scotland E,2077,4,April,2.4686,6.9473,4.4926,2.4548
Scotland E,2077,5,May,2.8533,3.9383,1.4487,2.4896
Scotland E,2077,6,June,3.196,2.3551,0.2766,2.0785
Scotland E,2077,7,July,4.3167,1.4731,0.0002,1.4729
Scotland E,2077,8,August,5.0093,1.2515,0.0,1.2515
Scotland E,2077,9,September,4.2994,3.0791,0.3056,2.7735
Scotland E,2077,10,October,4.2799,5.258,1.6074,3.6506
Scotland E,2077,11,November,3.6662,9.0274,5.5236,3.5038
Scotland E,2077,12,December,3.5496,9.0887,5.6067,3.482
Scotland E,2078,1,January,2.4035,11.8971,9.4956,2.4016
Scotland E,2078,2,February,2.4214,9.8362,7.4188,2.4174
Scotland E,2078,3,March,2.6536,8.5531,5.9036,2.6495
Scotland E,2078,4,April,2.762,6.9473,4.2055,2.7419
Scotland E,2078,5,May,3.0186,3.9383,1.3352,2.6031
Scotland E,2078,6,June,4.0523,2.3551,0.1033,2.2518
Scotland E,2078,7,July,4.7259,1.4731,0.0,1.4731
Scotland E,2078,8,August,5.4728,1.2515,0.0,1.2515
Scotland E,2078,9,September,4.7408,3.0791,0.2068,2.8723
Scotland E,2078,10,October,4.4859,5.258,1.4786,3.7794
Scotland E,2078,11,November,3.8032,9.0274,5.4,3.6274
Scotland E,2078,12,December,3.2143,9.0887,5.9266,3.162
Scotland E,2079,1,January,3.0357,11.8971,8.8652,3.032
Scotland E,2079,2,February,3.3626,9.8362,6.4849,3.3513
Scotland E,2079,3,March,2.9745,8.5531,5.5848,2.9682
Scotland E,2079,4,April,2.9129,6.9473,4.0588,2.8886
Scotland E,2079,5,May,3.7243,3.9383,0.9076,3.0307
Scotland E,2079,6,June,3.8779,2.3551,0.1285,2.2266
Scotland E,2079,7,July,4.6297,1.4731,0.0001,1.473
Scotland E,2079,8,August,5.7891,1.2515,0.0,1.2515
Scotland E,2079,9,September,4.7032,3.0791,0.2141,2.865
Scotland E,2079,10,October,4.4634,5.258,1.4924,3.7656
Scotland E,2079,11,November,4.2703,9.0274,4.985,4.0424
Scotland E,2079,12,December,3.2661,9.0887,5.8769,3.2117
Scotland E,2080,1,January,3.1491,11.8971,8.7523,3.1449
Scotland E,2080,2,February,2.7743,9.8362,7.0679,2.7683
Scotland E,2080,3,March,2.6032,8.5531,5.9537,2.5994
Scotland E,2080,4,April,2.8728,6.9473,4.0977,2.8496
Scotland E,2080,5,May,2.7938,3.9383,1.4907,2.4476
Scotland E,2080,6,June,4.0107,2.3551,0.1089,2.2462
Scotland E,2080,7,July,5.2064,1.4731,0.0,1.4731
Scotland E,2080,8,August,5.3231,1.2515,0.0,1.2515
Scotland E,2080,9,September,4.4839,3.0791,0.2607,2.8184
Scotland E,2080,10,October,5.0128,5.258,1.1773,4.0807
Scotland E,2080,11,November,4.5917,9.0274,4.7057,4.3218
Scotland N,2026,1,January,0.6029,12.6392,12.0365,0.6027
Scotland N,2026,2,February,0.711,11.1931,10.4823,0.7108
Scotland N,2026,3,March,0.8616,8.9231,8.0616,0.8615
Scotland N,2026,4,April,0.8044,7.3085,6.5067,0.8017
Scotland N,2026,5,May,1.1429,4.3839,3.2963,1.0877
Scotland N,2026,6,June,0.7563,2.7085,2.0288,0.6797
Scotland N,2026,7,July,0.8534,1.8207,1.0632,0.7576
Scotland N,2026,8,August,1.3155,1.7186,0.6082,1.1104
Scotland N,2026,9,September,1.6319,3.7303,2.2381,1.4922
Scotland N,2026,10,October,1.1662,6.0223,4.8941,1.1282
Scotland N,2026,11,November,0.9471,9.9362,8.9934,0.9429
Scotland N,2026,12,December,0.703,10.628,9.9267,0.7012
Scotland N,2027,1,January,0.91,12.6392,11.7297,0.9096
Scotland N,2027,2,February,0.6262,11.1931,10.5671,0.626
Scotland N,2027,3,March,0.9574,8.9231,7.9659,0.9571
Scotland N,2027,4,April,0.8498,7.3085,6.4616,0.8469
Scotland N,2027,5,May,0.7343,4.3839,3.6783,0.7056
Scotland N,2027,6,June,1.3569,2.7085,1.5393,1.1692
Scotland N,2027,7,July,0.6976,1.8207,1.1914,0.6293
Scotland N,2027,8,August,1.4554,1.7186,0.5201,1.1985
Scotland N,2027,9,September,1.3376,3.7303,2.491,1.2393
Scotland N,2027,10,October,0.9207,6.0223,5.1286,0.8937
Scotland N,2027,11,November,1.2173,9.9362,8.7251,1.2111
Scotland N,2027,12,December,1.6066,10.628,9.0276,1.6004
Scotland N,2028,1,January,0.7318,12.6392,11.9077,0.7315
Scotland N,2028,2,February,0.9007,11.1931,10.2926,0.9005
Scotland N,2028,3,March,0.7605,8.9231,8.1627,0.7604
Scotland N,2028,4,April,0.4146,7.3085,6.8949,0.4135
Scotland N,2028,5,May,1.0715,4.3839,3.3623,1.0216
Scotland N,2028,6,June,1.0834,2.7085,1.7555,0.9529
Scotland N,2028,7,July,1.3415,1.8207,0.7041,1.1166
Scotland N,2028,8,August,1.0275,1.7186,0.8126,0.906
Scotland N,2028,9,September,1.4404,3.7303,2.4016,1.3287
Scotland N,2028,10,October,1.7277,6.0223,4.366,1.6563
Scotland N,2028,11,November,1.8299,9.9362,8.1186,1.8176
Scotland N,2028,12,December,1.5736,10.628,9.0604,1.5676
Scotland N,2029,1,January,0.7605,12.6392,11.879,0.7602
Scotland N,2029,2,February,0.8654,11.1931,10.3279,0.8652
Scotland N,2029,3,March,1.0014,8.9231,7.9219,1.0012
Scotland N,2029,4,April,1.4122,7.3085,5.9035,1.405
Scotland N,2029,5,May,0.6343,4.3839,3.7731,0.6108
Scotland N,2029,6,June,1.3697,2.7085,1.5295,1.179
Scotland N,2029,7,July,1.365,1.8207,0.6886,1.1321
Scotland N,2029,8,August,1.608,1.7186,0.4329,1.2857
Scotland N,2029,9,September,1.1503,3.7303,2.6566,1.0736
Scotland N,2029,10,October,0.951,6.0223,5.0996,0.9227
Scotland N,2029,11,November,1.2191,9.9362,8.7233,1.2129
Scotland N,2029,12,December,1.2922,10.628,9.3401,1.2879
Scotland N,2030,1,January,1.0563,12.6392,11.5835,1.0558
Scotland N,2030,2,February,1.0815,11.1931,10.112,1.0811
Scotland N,2030,3,March,0.9095,8.9231,8.0137,0.9093
Scotland N,2030,4,April,0.5134,7.3085,6.7965,0.512
Scotland N,2030,5,May,1.1889,4.3839,3.2539,1.1301
Scotland N,2030,6,June,0.5937,2.7085,2.1699,0.5385
Scotland N,2030,7,July,1.5325,1.8207,0.5841,1.2366
Scotland N,2030,8,August,1.555,1.7186,0.4621,1.2565
Scotland N,2030,9,September,1.1653,3.7303,2.6432,1.0871
Scotland N,2030,10,October,0.989,6.0223,5.0631,0.9591
Scotland N,2030,11,November,1.0104,9.9362,8.9305,1.0057
Scotland N,2030,12,December,1.2655,10.628,9.3666,1.2613
Scotland N,2031,1,January,1.0606,12.6392,11.5791,1.0601
Scotland N,2031,2,February,0.82,11.1931,10.3734,0.8198
Scotland N,2031,3,March,1.26,8.9231,7.6634,1.2596
Scotland N,2031,4,April,0.8124,7.3085,6.4987,0.8097
Scotland N,2031,5,May,1.1623,4.3839,3.2784,1.1056
Scotland N,2031,6,June,0.5537,2.7085,2.2051,0.5033
Scotland N,2031,7,July,0.9548,1.8207,0.983,0.8378
Scotland N,2031,8,August,1.4707,1.7186,0.5109,1.2077
Scotland N,2031,9,September,2.0185,3.7303,1.9215,1.8088
Scotland N,2031,10,October,1.5653,6.0223,4.5174,1.5049
Scotland N,2031,11,November,1.169,9.9362,8.773,1.1632
Scotland N,2031,12,December,1.8983,10.628,8.7382,1.8898
Scotland N,2032,1,January,1.0709,12.6392,11.5688,1.0704
Scotland N,2032,2,February,0.2085,11.1931,10.9847,0.2084
Scotland N,2032,3,March,0.3007,8.9231,8.6224,0.3007
Scotland N,2032,4,April,0.6001,7.3085,6.7101,0.5983
Scotland N,2032,5,May,1.0632,4.3839,3.37,1.0139
Scotland N,2032,6,June,1.0258,2.7085,1.8026,0.9059
Scotland N,2032,7,July,1.8868,1.8207,0.3958,1.4249
Scotland N,2032,8,August,1.4167,1.7186,0.5437,1.1749
Scotland N,2032,9,September,1.6388,3.7303,2.2323,1.498
Scotland N,2032,10,October,1.0186,6.0223,5.0348,0.9875
Scotland N,2032,11,November,0.5087,9.9362,9.4294,0.5068
Scotland N,2032,12,December,0.7965,10.628,9.8336,0.7944
Scotland N,2033,1,January,1.2009,12.6392,11.4389,1.2003
Scotland N,2033,2,February,0.7704,11.1931,10.4229,0.7702
Scotland N,2033,3,March,0.954,8.9231,7.9692,0.9538
Scotland N,2033,4,April,1.2766,7.3085,6.0378,1.2707
Scotland N,2033,5,May,0.969,4.3839,3.4577,0.9262
Scotland N,2033,6,June,2.4047,2.7085,0.8409,1.8676
Scotland N,2033,7,July,1.414,1.8207,0.6571,1.1636
Scotland N,2033,8,August,2.2067,1.7186,0.183,1.5356
Scotland N,2033,9,September,1.4343,3.7303,2.4069,1.3234
Scotland N,2033,10,October,1.4433,6.0223,4.6318,1.3904
Scotland N,2033,11,November,1.6184,9.9362,8.3277,1.6085
Scotland N,2033,12,December,0.9442,10.628,9.6864,0.9416
Scotland N,2034,1,January,-0.0153,12.6392,12.6545,-0.0153
Scotland N,2034,2,February,0.6146,11.1931,10.5786,0.6145
Scotland N,2034,3,March,1.1577,8.9231,7.7657,1.1574
Scotland N,2034,4,April,1.073,7.3085,6.2398,1.0687
Scotland N,2034,5,May,1.5104,4.3839,2.9617,1.4222
Scotland N,2034,6,June,1.4687,2.7085,1.4546,1.2539
Scotland N,2034,7,July,1.3933,1.8207,0.6703,1.1505
Scotland N,2034,8,August,1.7319,1.7186,0.3692,1.3494
Scotland N,2034,9,September,1.5876,3.7303,2.2756,1.4547
Scotland N,2034,10,October,1.5956,6.0223,4.489,1.5332
Scotland N,2034,11,November,1.4912,9.9362,8.4536,1.4827
Scotland N,2034,12,December,1.1899,10.628,9.4418,1.1861
Scotland N,2035,1,January,1.3579,12.6392,11.2821,1.3571
Scotland N,2035,2,February,1.0907,11.1931,10.1028,1.0904
Scotland N,2035,3,March,1.4557,8.9231,7.4679,1.4552
Scotland N,2035,4,April,0.9716,7.3085,6.3405,0.9679
Scotland N,2035,5,May,1.3531,4.3839,3.1037,1.2802
Scotland N,2035,6,June,1.2306,2.7085,1.6376,1.0709
Scotland N,2035,7,July,1.4891,1.8207,0.6102,1.2105
Scotland N,2035,8,August,1.7923,1.7186,0.3405,1.3781
Scotland N,2035,9,September,1.249,3.7303,2.5689,1.1614
Scotland N,2035,10,October,1.3991,6.0223,4.6734,1.3488
Scotland N,2035,11,November,1.0754,9.9362,8.8659,1.0703
Scotland N,2035,12,December,1.1934,10.628,9.4384,1.1896
Scotland N,2036,1,January,1.397,12.6392,11.243,1.3962
Scotland N,2036,2,February,1.6459,11.1931,9.548,1.6451
Scotland N,2036,3,March,1.0561,8.9231,7.8672,1.0558
Scotland N,2036,4,April,1.0101,7.3085,6.3022,1.0063
Scotland N,2036,5,May,0.931,4.3839,3.4932,0.8907
Scotland N,2036,6,June,2.122,2.7085,1.0069,1.7015
Scotland N,2036,7,July,0.9514,1.8207,0.9856,0.8351
Scotland N,2036,8,August,1.8653,1.7186,0.3077,1.4108
Scotland N,2036,9,September,2.157,3.7303,1.8129,1.9173
Scotland N,2036,10,October,1.4143,6.0223,4.6591,1.3631
Scotland N,2036,11,November,1.8277,9.9362,8.1208,1.8154
Scotland N,2036,12,December,0.455,10.628,10.174,0.454
Scotland N,2037,1,January,0.5334,12.6392,12.106,0.5332
Scotland N,2037,2,February,1.025,11.1931,10.1684,1.0247
Scotland N,2037,3,March,1.1355,8.9231,7.7879,1.1352
Scotland N,2037,4,April,1.7293,7.3085,5.5901,1.7183
Scotland N,2037,5,May,0.8169,4.3839,3.6004,0.7835
Scotland N,2037,6,June,1.2079,2.7085,1.6556,1.0529
Scotland N,2037,7,July,1.5063,1.8207,0.5998,1.2209
Scotland N,2037,8,August,1.733,1.7186,0.3686,1.35
Scotland N,2037,9,September,1.8123,3.7303,2.088,1.6423
Scotland N,2037,10,October,1.6441,6.0223,4.4438,1.5785
Scotland N,2037,11,November,1.6758,9.9362,8.2709,1.6654
Scotland N,2037,12,December,1.3987,10.628,9.2342,1.3937
Scotland N,2038,1,January,1.3472,12.6392,11.2928,1.3465
Scotland N,2038,2,February,0.8982,11.1931,10.2952,0.898
Scotland N,2038,3,March,0.9164,8.9231,8.0068,0.9162
Scotland N,2038,4,April,1.5267,7.3085,5.7901,1.5183
Scotland N,2038,5,May,1.453,4.3839,3.0133,1.3706
Scotland N,2038,6,June,1.4019,2.7085,1.5049,1.2036
Scotland N,2038,7,July,1.9393,1.8207,0.3718,1.449
Scotland N,2038,8,August,1.8253,1.7186,0.3254,1.3932
Scotland N,2038,9,September,1.9243,3.7303,1.9968,1.7334
Scotland N,2038,10,October,2.4586,6.0223,3.7014,2.3208
Scotland N,2038,11,November,1.381,9.9362,8.5627,1.3735
Scotland N,2038,12,December,1.9189,10.628,8.7177,1.9102
Scotland N,2039,1,January,0.8791,12.6392,11.7605,0.8787
Scotland N,2039,2,February,0.2602,11.1931,10.933,0.2601
Scotland N,2039,3,March,1.0626,8.9231,7.8607,1.0623
Scotland N,2039,4,April,1.4921,7.3085,5.8244,1.4841
Scotland N,2039,5,May,1.2867,4.3839,3.1642,1.2197
Scotland N,2039,6,June,1.2536,2.7085,1.6195,1.0889
Scotland N,2039,7,July,1.6187,1.8207,0.5341,1.2866
Scotland N,2039,8,August,2.3158,1.7186,0.1523,1.5663
Scotland N,2039,9,September,1.8687,3.7303,2.0419,1.6884
Scotland N,2039,10,October,1.6262,6.0223,4.4605,1.5618
Scotland N,2039,11,November,1.5665,9.9362,8.379,1.5572
Scotland N,2039,12,December,0.8546,10.628,9.7757,0.8523
Scotland N,2040,1,January,1.3433,12.6392,11.2967,1.3425
Scotland N,2040,2,February,1.2269,11.1931,9.9666,1.2265
Scotland N,2040,3,March,1.4718,8.9231,7.4518,1.4713
Scotland N,2040,4,April,0.9511,7.3085,6.3608,0.9476
Scotland N,2040,5,May,1.778,4.3839,2.7247,1.6592
Scotland N,2040,6,June,1.742,2.7085,1.257,1.4515
Scotland N,2040,7,July,1.7437,1.8207,0.4664,1.3543
Scotland N,2040,8,August,2.172,1.7186,0.1936,1.525
Scotland N,2040,9,September,1.9869,3.7303,1.9467,1.7836
Scotland N,2040,10,October,1.9715,6.0223,4.141,1.8812
Scotland N,2040,11,November,1.7826,9.9362,8.1654,1.7709
Scotland N,2040,12,December,1.6676,10.628,8.9671,1.6609
Scotland N,2041,1,January,0.8889,12.6392,11.7507,0.8885
Scotland N,2041,2,February,1.8568,11.1931,9.3373,1.8558
Scotland N,2041,3,March,0.7938,8.9231,8.1294,0.7937
Scotland N,2041,4,April,0.6415,7.3085,6.6689,0.6396
Scotland N,2041,5,May,1.349,4.3839,3.1075,1.2765
Scotland N,2041,6,June,2.1203,2.7085,1.008,1.7005
Scotland N,2041,7,July,1.4051,1.8207,0.6627,1.158
Scotland N,2041,8,August,2.056,1.7186,0.2324,1.4862
Scotland N,2041,9,September,2.553,3.7303,1.5185,2.2117
Scotland N,2041,10,October,2.3258,6.0223,3.8199,2.2024
Scotland N,2041,11,November,2.0293,9.9362,7.9218,2.0144
Scotland N,2041,12,December,1.6777,10.628,8.957,1.6709
Scotland N,2042,1,January,2.0788,12.6392,10.5621,2.0771
Scotland N,2042,2,February,1.9162,11.1931,9.278,1.9151
Scotland N,2042,3,March,1.4388,8.9231,7.4848,1.4383
Scotland N,2042,4,April,1.1993,7.3085,6.1144,1.1941
Scotland N,2042,5,May,0.8361,4.3839,3.5822,0.8017
Scotland N,2042,6,June,1.6989,2.7085,1.2872,1.4213
Scotland N,2042,7,July,1.8061,1.8207,0.4347,1.386
Scotland N,2042,8,August,1.8798,1.7186,0.3015,1.4171
Scotland N,2042,9,September,2.4816,3.7303,1.5697,2.1605
Scotland N,2042,10,October,1.6363,6.0223,4.4511,1.5712
Scotland N,2042,11,November,1.6986,9.9362,8.2483,1.6879
Scotland N,2042,12,December,1.7018,10.628,8.9331,1.6949
Scotland N,2043,1,January,1.5361,12.6392,11.1041,1.5352
Scotland N,2043,2,February,0.9984,11.1931,10.195,0.9981
Scotland N,2043,3,March,1.3145,8.9231,7.6089,1.3141
Scotland N,2043,4,April,1.5216,7.3085,5.7952,1.5133
Scotland N,2043,5,May,1.3017,4.3839,3.1505,1.2334
Scotland N,2043,6,June,1.9264,2.7085,1.1319,1.5765
Scotland N,2043,7,July,1.4857,1.8207,0.6123,1.2084
Scotland N,2043,8,August,2.1722,1.7186,0.1935,1.5251
Scotland N,2043,9,September,2.2942,3.7303,1.7082,2.0221
Scotland N,2043,10,October,1.765,6.0223,4.3314,1.6908
Scotland N,2043,11,November,1.4396,9.9362,8.5047,1.4316
Scotland N,2043,12,December,1.9171,10.628,8.7195,1.9085
Scotland N,2044,1,January,1.4079,12.6392,11.2321,1.4071
Scotland N,2044,2,February,1.4166,11.1931,9.777,1.4161
Scotland N,2044,3,March,1.5007,8.9231,7.4229,1.5002
Scotland N,2044,4,April,1.6406,7.3085,5.6776,1.6309
Scotland N,2044,5,May,1.5287,4.3839,2.9453,1.4386
Scotland N,2044,6,June,1.4818,2.7085,1.4447,1.2637
Scotland N,2044,7,July,2.0958,1.8207,0.3059,1.5148
Scotland N,2044,8,August,2.0426,1.7186,0.2373,1.4813
Scotland N,2044,9,September,2.1654,3.7303,1.8065,1.9238
Scotland N,2044,10,October,2.4315,6.0223,3.7256,2.2967
Scotland N,2044,11,November,1.8594,9.9362,8.0895,1.8468
Scotland N,2044,12,December,1.8737,10.628,8.7625,1.8654
Scotland N,2045,1,January,1.5995,12.6392,11.0408,1.5984
Scotland N,2045,2,February,1.3041,11.1931,9.8895,1.3037
Scotland N,2045,3,March,1.0279,8.9231,7.8954,1.0276
Scotland N,2045,4,April,1.5656,7.3085,5.7517,1.5568
Scotland N,2045,5,May,1.5604,4.3839,2.9169,1.467
Scotland N,2045,6,June,1.6109,2.7085,1.35,1.3585
Scotland N,2045,7,July,2.3271,1.8207,0.2241,1.5966
Scotland N,2045,8,August,2.0161,1.7186,0.247,1.4716
Scotland N,2045,9,September,2.2249,3.7303,1.7607,1.9696
Scotland N,2045,10,October,2.2157,6.0223,3.9189,2.1033
Scotland N,2045,11,November,1.6114,9.9362,8.3346,1.6016
Scotland N,2045,12,December,1.2634,10.628,9.3687,1.2593
Scotland N,2046,1,January,1.6137,12.6392,11.0265,1.6127
Scotland N,2046,2,February,1.3269,11.1931,9.8667,1.3264
Scotland N,2046,3,March,1.3327,8.9231,7.5908,1.3323
Scotland N,2046,4,April,1.4176,7.3085,5.898,1.4104
Scotland N,2046,5,May,1.6906,4.3839,2.8014,1.5825
Scotland N,2046,6,June,1.4587,2.7085,1.462,1.2465
Scotland N,2046,7,July,1.7438,1.8207,0.4664,1.3543
Scotland N,2046,8,August,2.4099,1.7186,0.1291,1.5894
Scotland N,2046,9,September,2.3224,3.7303,1.687,2.0433
Scotland N,2046,10,October,2.5301,6.0223,3.6382,2.3841
Scotland N,2046,11,November,2.0831,9.9362,7.8688,2.0674
Scotland N,2046,12,December,1.4635,10.628,9.1698,1.4582
Scotland N,2047,1,January,1.2836,12.6392,11.3563,1.283
Scotland N,2047,2,February,1.4934,11.1931,9.7003,1.4928
Scotland N,2047,3,March,2.1302,8.9231,6.7943,2.1287
Scotland N,2047,4,April,1.7814,7.3085,5.5387,1.7698
Scotland N,2047,5,May,1.956,4.3839,2.5707,1.8132
Scotland N,2047,6,June,1.5251,2.7085,1.4126,1.2959
Scotland N,2047,7,July,1.3135,1.8207,0.7227,1.098
Scotland N,2047,8,August,2.2322,1.7186,0.1754,1.5431
Scotland N,2047,9,September,2.3379,3.7303,1.6754,2.0549
Scotland N,2047,10,October,2.1067,6.0223,4.0176,2.0046
Scotland N,2047,11,November,2.0225,9.9362,7.9286,2.0076
Scotland N,2047,12,December,1.4585,10.628,9.1748,1.4532
Scotland N,2048,1,January,1.7301,12.6392,10.9103,1.7289
Scotland N,2048,2,February,1.4792,11.1931,9.7145,1.4786
Scotland N,2048,3,March,1.9537,8.9231,6.9706,1.9525
Scotland N,2048,4,April,1.5701,7.3085,5.7473,1.5612
Scotland N,2048,5,May,1.5139,4.3839,2.9585,1.4254
Scotland N,2048,6,June,2.0351,2.7085,1.0615,1.647
Scotland N,2048,7,July,1.5647,1.8207,0.5651,1.2556
Scotland N,2048,8,August,2.3218,1.7186,0.1508,1.5678
Scotland N,2048,9,September,2.471,3.7303,1.5775,2.1528
Scotland N,2048,10,October,2.7643,6.0223,3.4333,2.5889
Scotland N,2048,11,November,2.2323,9.9362,7.722,2.2142
Scotland N,2048,12,December,1.4335,10.628,9.1996,1.4284
Scotland N,2049,1,January,2.3022,12.6392,10.3392,2.3
Scotland N,2049,2,February,2.0607,11.1931,9.1337,2.0594
Scotland N,2049,3,March,2.0478,8.9231,6.8766,2.0465
Scotland N,2049,4,April,1.6089,7.3085,5.7089,1.5995
Scotland N,2049,5,May,2.1854,4.3839,2.3769,2.007
Scotland N,2049,6,June,2.5212,2.7085,0.7775,1.9309
Scotland N,2049,7,July,2.5029,1.8207,0.1736,1.6471
Scotland N,2049,8,August,2.5287,1.7186,0.1039,1.6147
Scotland N,2049,9,September,2.4022,3.7303,1.6277,2.1026
Scotland N,2049,10,October,2.1731,6.0223,3.9574,2.0648
Scotland N,2049,11,November,2.4098,9.9362,7.5476,2.3887
Scotland N,2049,12,December,1.7166,10.628,8.9183,1.7096
Scotland N,2050,1,January,1.9951,12.6392,10.6457,1.9935
Scotland N,2050,2,February,0.96,11.1931,10.2334,0.9597
Scotland N,2050,3,March,0.8213,8.9231,8.1019,0.8211
Scotland N,2050,4,April,1.707,7.3085,5.6121,1.6963
Scotland N,2050,5,May,1.5375,4.3839,2.9374,1.4465
Scotland N,2050,6,June,1.9704,2.7085,1.1031,1.6054
Scotland N,2050,7,July,1.81,1.8207,0.4327,1.388
Scotland N,2050,8,August,2.5076,1.7186,0.108,1.6105
Scotland N,2050,9,September,3.2567,3.7303,1.061,2.6692
Scotland N,2050,10,October,3.0916,6.0223,3.1538,2.8684
Scotland N,2050,11,November,2.0954,9.9362,7.8567,2.0795
Scotland N,2050,12,December,2.222,10.628,8.4176,2.2104
Scotland N,2051,1,January,2.0533,12.6392,10.5876,2.0517
Scotland N,2051,2,February,1.6623,11.1931,9.5316,1.6615
Scotland N,2051,3,March,1.799,8.9231,7.1249,1.7981
Scotland N,2051,4,April,0.9599,7.3085,6.3521,0.9563
Scotland N,2051,5,May,1.461,4.3839,3.0061,1.3778
Scotland N,2051,6,June,2.5377,2.7085,0.7688,1.9396
Scotland N,2051,7,July,2.5097,1.8207,0.1718,1.6489
Scotland N,2051,8,August,2.955,1.7186,0.0434,1.6752
Scotland N,2051,9,September,2.3756,3.7303,1.6474,2.0829
Scotland N,2051,10,October,2.3661,6.0223,3.7838,2.2384
Scotland N,2051,11,November,1.8728,9.9362,8.0762,1.86
Scotland N,2051,12,December,1.6769,10.628,8.9578,1.6702
Scotland N,2052,1,January,1.9311,12.6392,10.7096,1.9296
Scotland N,2052,2,February,1.3987,11.1931,9.7949,1.3982
Scotland N,2052,3,March,1.6624,8.9231,7.2614,1.6617
Scotland N,2052,4,April,1.8599,7.3085,5.4614,1.8471
Scotland N,2052,5,May,2.3294,4.3839,2.2582,2.1257
Scotland N,2052,6,June,2.2719,2.7085,0.9167,1.7918
Scotland N,2052,7,July,2.376,1.8207,0.2091,1.6116
Scotland N,2052,8,August,3.1325,1.7186,0.0289,1.6897
Scotland N,2052,9,September,2.9497,3.7303,1.2496,2.4806
Scotland N,2052,10,October,3.1461,6.0223,3.1082,2.914
Scotland N,2052,11,November,2.6763,9.9362,7.2865,2.6498
Scotland N,2052,12,December,2.1006,10.628,8.5377,2.0903
Scotland N,2053,1,January,1.9833,12.6392,10.6575,1.9817
Scotland N,2053,2,February,1.2999,11.1931,9.8937,1.2994
Scotland N,2053,3,March,1.9914,8.9231,6.9329,1.9902
Scotland N,2053,4,April,2.0058,7.3085,5.318,1.9905
Scotland N,2053,5,May,1.5928,4.3839,2.8881,1.4958
Scotland N,2053,6,June,2.1169,2.7085,1.0101,1.6984
Scotland N,2053,7,July,2.4888,1.8207,0.1773,1.6434
Scotland N,2053,8,August,2.7481,1.7186,0.0675,1.6511
Scotland N,2053,9,September,2.9256,3.7303,1.2652,2.465
Scotland N,2053,10,October,2.3816,6.0223,3.77,2.2522
Scotland N,2053,11,November,2.1071,9.9362,7.8452,2.091
Scotland N,2053,12,December,1.5049,10.628,9.1286,1.4994
Scotland N,2054,1,January,1.9587,12.6392,10.6821,1.9572
Scotland N,2054,2,February,0.8088,11.1931,10.3846,0.8085
Scotland N,2054,3,March,1.8312,8.9231,7.0928,1.8302
Scotland N,2054,4,April,1.7879,7.3085,5.5324,1.7761
Scotland N,2054,5,May,2.2163,4.3839,2.3512,2.0327
Scotland N,2054,6,June,1.4212,2.7085,1.4903,1.2181
Scotland N,2054,7,July,2.2584,1.8207,0.2465,1.5742
Scotland N,2054,8,August,2.432,1.7186,0.1241,1.5945
Scotland N,2054,9,September,2.4561,3.7303,1.5883,2.142
Scotland N,2054,10,October,2.7266,6.0223,3.466,2.5562
Scotland N,2054,11,November,2.3103,9.9362,7.6453,2.291
Scotland N,2054,12,December,1.7939,10.628,8.8417,1.7863
Scotland N,2055,1,January,1.5222,12.6392,11.118,1.5212
Scotland N,2055,2,February,1.9869,11.1931,9.2074,1.9857
Scotland N,2055,3,March,1.8331,8.9231,7.0909,1.8321
Scotland N,2055,4,April,1.5982,7.3085,5.7195,1.589
Scotland N,2055,5,May,2.4345,4.3839,2.1731,2.2108
Scotland N,2055,6,June,2.7448,2.7085,0.6646,2.0439
Scotland N,2055,7,July,2.4725,1.8207,0.1817,1.639
Scotland N,2055,8,August,2.4192,1.7186,0.127,1.5916
Scotland N,2055,9,September,2.8489,3.7303,1.3154,2.4149
Scotland N,2055,10,October,2.7338,6.0223,3.4597,2.5625
Scotland N,2055,11,November,2.6072,9.9362,7.354,2.5822
Scotland N,2055,12,December,2.5483,10.628,8.0952,2.5327
Scotland N,2056,1,January,1.9827,12.6392,10.6581,1.9811
Scotland N,2056,2,February,1.7902,11.1931,9.4039,1.7893
Scotland N,2056,3,March,1.6193,8.9231,7.3044,1.6186
Scotland N,2056,4,April,1.7076,7.3085,5.6114,1.697
Scotland N,2056,5,May,1.8107,4.3839,2.6963,1.6877
Scotland N,2056,6,June,1.9911,2.7085,1.0897,1.6188
Scotland N,2056,7,July,2.5301,1.8207,0.1666,1.6541
Scotland N,2056,8,August,3.0998,1.7186,0.0312,1.6874
Scotland N,2056,9,September,3.3113,3.7303,1.0294,2.7009
Scotland N,2056,10,October,3.1066,6.0223,3.1413,2.881
Scotland N,2056,11,November,2.702,9.9362,7.2614,2.6748
Scotland N,2056,12,December,2.0054,10.628,8.632,1.996
Scotland N,2057,1,January,1.4742,12.6392,11.1659,1.4734
Scotland N,2057,2,February,2.1259,11.1931,9.0687,2.1244
Scotland N,2057,3,March,1.4907,8.9231,7.4329,1.4902
Scotland N,2057,4,April,1.4298,7.3085,5.886,1.4225
Scotland N,2057,5,May,2.2956,4.3839,2.2859,2.098
Scotland N,2057,6,June,2.9044,2.7085,0.5908,2.1176
Scotland N,2057,7,July,2.8064,1.8207,0.1072,1.7135
Scotland N,2057,8,August,2.9746,1.7186,0.0416,1.677
Scotland N,2057,9,September,3.3284,3.7303,1.0196,2.7107
Scotland N,2057,10,October,2.7716,6.0223,3.427,2.5953
Scotland N,2057,11,November,2.7429,9.9362,7.2213,2.7149
Scotland N,2057,12,December,2.1476,10.628,8.4912,2.1367
Scotland N,2058,1,January,2.2105,12.6392,10.4308,2.2085
Scotland N,2058,2,February,1.8381,11.1931,9.3561,1.8371
Scotland N,2058,3,March,1.5736,8.9231,7.3501,1.573
Scotland N,2058,4,April,1.7158,7.3085,5.6034,1.7051
Scotland N,2058,5,May,2.1763,4.3839,2.3845,1.9994
Scotland N,2058,6,June,2.1311,2.7085,1.0013,1.7071
Scotland N,2058,7,July,2.3212,1.8207,0.226,1.5947
Scotland N,2058,8,August,3.2112,1.7186,0.0239,1.6946
Scotland N,2058,9,September,3.0227,3.7303,1.2032,2.527
Scotland N,2058,10,October,3.1712,6.0223,3.0873,2.935
Scotland N,2058,11,November,2.7764,9.9362,7.1887,2.7475
Scotland N,2058,12,December,2.4454,10.628,8.1968,2.4312
Scotland N,2059,1,January,1.4705,12.6392,11.1696,1.4697
Scotland N,2059,2,February,1.7122,11.1931,9.4818,1.7113
Scotland N,2059,3,March,2.2953,8.9231,6.6296,2.2934
Scotland N,2059,4,April,1.8219,7.3085,5.4988,1.8096
Scotland N,2059,5,May,1.7662,4.3839,2.735,1.6489
Scotland N,2059,6,June,2.2,2.7085,0.9593,1.7491
Scotland N,2059,7,July,2.597,1.8207,0.1503,1.6704
Scotland N,2059,8,August,3.0916,1.7186,0.0318,1.6868
Scotland N,2059,9,September,3.0999,3.7303,1.1552,2.5751
Scotland N,2059,10,October,3.2909,6.0223,2.988,3.0342
Scotland N,2059,11,November,2.9489,9.9362,7.0205,2.9158
Scotland N,2059,12,December,2.727,10.628,7.9191,2.7089
Scotland N,2060,1,January,2.3323,12.6392,10.3092,2.3301
Scotland N,2060,2,February,2.3477,11.1931,8.8473,2.3458
Scotland N,2060,3,March,1.8931,8.9231,7.031,1.892
Scotland N,2060,4,April,1.9494,7.3085,5.3734,1.935
Scotland N,2060,5,May,2.0756,4.3839,2.469,1.915
Scotland N,2060,6,June,3.2903,2.7085,0.4357,2.2728
Scotland N,2060,7,July,3.1696,1.8207,0.0561,1.7646
Scotland N,2060,8,August,3.4062,1.7186,0.0147,1.7039
Scotland N,2060,9,September,3.1617,3.7303,1.1175,2.6127
Scotland N,2060,10,October,3.1864,6.0223,3.0746,2.9477
Scotland N,2060,11,November,2.9685,9.9362,7.0014,2.9348
Scotland N,2060,12,December,1.8233,10.628,8.8125,1.8154
Scotland N,2061,1,January,1.8188,12.6392,10.8217,1.8175
Scotland N,2061,2,February,1.6125,11.1931,9.5814,1.6117
Scotland N,2061,3,March,1.4538,8.9231,7.4698,1.4533
Scotland N,2061,4,April,1.8369,7.3085,5.4841,1.8244
Scotland N,2061,5,May,2.4259,4.3839,2.18,2.2039
Scotland N,2061,6,June,2.067,2.7085,1.0413,1.6672
Scotland N,2061,7,July,2.3825,1.8207,0.2072,1.6135
Scotland N,2061,8,August,3.0334,1.7186,0.0364,1.6822
Scotland N,2061,9,September,3.0964,3.7303,1.1574,2.5729
Scotland N,2061,10,October,3.1706,6.0223,3.0877,2.9346
Scotland N,2061,11,November,2.7202,9.9362,7.2435,2.6927
Scotland N,2061,12,December,2.9867,10.628,7.6638,2.9642
Scotland N,2062,1,January,2.3417,12.6392,10.2998,2.3394
Scotland N,2062,2,February,1.9372,11.1931,9.2571,1.936
Scotland N,2062,3,March,2.1763,8.9231,6.7483,2.1747
Scotland N,2062,4,April,2.0706,7.3085,5.2545,2.054
Scotland N,2062,5,May,1.8357,4.3839,2.6745,1.7095
Scotland N,2062,6,June,2.9058,2.7085,0.5902,2.1182
Scotland N,2062,7,July,2.9539,1.8207,0.0832,1.7375
Scotland N,2062,8,August,3.4801,1.7186,0.0121,1.7065
Scotland N,2062,9,September,3.971,3.7303,0.6919,3.0384
Scotland N,2062,10,October,3.0906,6.0223,3.1547,2.8675
Scotland N,2062,11,November,3.1592,9.9362,6.8161,3.1201
Scotland N,2062,12,December,2.3274,10.628,8.3133,2.3147
Scotland N,2063,1,January,2.2575,12.6392,10.3839,2.2554
Scotland N,2063,2,February,1.6863,11.1931,9.5076,1.6855
Scotland N,2063,3,March,1.5272,8.9231,7.3964,1.5266
Scotland N,2063,4,April,2.1503,7.3085,5.1763,2.1322
Scotland N,2063,5,May,1.5448,4.3839,2.9309,1.453
Scotland N,2063,6,June,3.5906,2.7085,0.3368,2.3717
Scotland N,2063,7,July,2.5386,1.8207,0.1645,1.6562
Scotland N,2063,8,August,3.868,1.7186,0.004,1.7146
Scotland N,2063,9,September,3.38,3.7303,0.9903,2.7399
Scotland N,2063,10,October,3.836,6.0223,2.5531,3.4692
Scotland N,2063,11,November,2.6453,9.9362,7.3168,2.6195
Scotland N,2063,12,December,2.7714,10.628,7.8755,2.7525
Scotland N,2064,1,January,2.7733,12.6392,9.8695,2.7698
Scotland N,2064,2,February,2.0706,11.1931,9.1239,2.0693
Scotland N,2064,3,March,1.8523,8.9231,7.0717,1.8514
Scotland N,2064,4,April,1.4026,7.3085,5.9129,1.3956
Scotland N,2064,5,May,2.2528,4.3839,2.321,2.0629
Scotland N,2064,6,June,2.9302,2.7085,0.5795,2.129
Scotland N,2064,7,July,3.0853,1.8207,0.0656,1.7551
Scotland N,2064,8,August,3.6003,1.7186,0.0087,1.7099
Scotland N,2064,9,September,3.4131,3.7303,0.9718,2.7584
Scotland N,2064,10,October,3.5507,6.0223,2.7772,3.2451
Scotland N,2064,11,November,3.3442,9.9362,6.6371,3.2991
Scotland N,2064,12,December,2.8259,10.628,7.8218,2.8061
Scotland N,2065,1,January,2.0774,12.6392,10.5635,2.0757
Scotland N,2065,2,February,1.363,11.1931,9.8307,1.3624
Scotland N,2065,3,March,2.1036,8.9231,6.8209,2.1021
Scotland N,2065,4,April,1.3087,7.3085,6.006,1.3025
Scotland N,2065,5,May,2.1299,4.3839,2.4233,1.9607
Scotland N,2065,6,June,2.7274,2.7085,0.673,2.0354
Scotland N,2065,7,July,3.5755,1.8207,0.0247,1.796
Scotland N,2065,8,August,3.7728,1.7186,0.0053,1.7133
Scotland N,2065,9,September,3.9617,3.7303,0.6961,3.0342
Scotland N,2065,10,October,3.8352,6.0223,2.5538,3.4685
Scotland N,2065,11,November,2.9583,9.9362,7.0114,2.9248
Scotland N,2065,12,December,2.5898,10.628,8.0543,2.5737
Scotland N,2066,1,January,1.8145,12.6392,10.826,1.8132
Scotland N,2066,2,February,2.0966,11.1931,9.0979,2.0952
Scotland N,2066,3,March,1.8036,8.9231,7.1203,1.8027
Scotland N,2066,4,April,1.8525,7.3085,5.4687,1.8398
Scotland N,2066,5,May,2.3685,4.3839,2.2264,2.1575
Scotland N,2066,6,June,2.6523,2.7085,0.71,1.9985
Scotland N,2066,7,July,3.6428,1.8207,0.0213,1.7994
Scotland N,2066,8,August,3.5959,1.7186,0.0088,1.7098
Scotland N,2066,9,September,3.3218,3.7303,1.0233,2.7069
Scotland N,2066,10,October,3.1615,6.0223,3.0953,2.9269
Scotland N,2066,11,November,2.7816,9.9362,7.1836,2.7526
Scotland N,2066,12,December,2.7751,10.628,7.8718,2.7562
Scotland N,2067,1,January,2.4366,12.6392,10.2052,2.4341
Scotland N,2067,2,February,2.2587,11.1931,8.9361,2.257
Scotland N,2067,3,March,1.8335,8.9231,7.0905,1.8325
Scotland N,2067,4,April,1.7493,7.3085,5.5704,1.7381
Scotland N,2067,5,May,2.5118,4.3839,2.1114,2.2726
Scotland N,2067,6,June,3.0677,2.7085,0.5212,2.1872
Scotland N,2067,7,July,2.9812,1.8207,0.0793,1.7414
Scotland N,2067,8,August,4.1001,1.7186,0.0019,1.7166
Scotland N,2067,9,September,3.657,3.7303,0.842,2.8882
Scotland N,2067,10,October,3.3515,6.0223,2.9383,3.084
Scotland N,2067,11,November,2.9644,9.9362,7.0054,2.9308
Scotland N,2067,12,December,2.9872,10.628,7.6633,2.9646
Scotland N,2068,1,January,2.974,12.6392,9.6695,2.9697
Scotland N,2068,2,February,2.7433,11.1931,8.4527,2.7404
Scotland N,2068,3,March,2.1197,8.9231,6.8048,2.1182
Scotland N,2068,4,April,2.0247,7.3085,5.2994,2.0091
Scotland N,2068,5,May,2.2751,4.3839,2.3027,2.0813
Scotland N,2068,6,June,3.0339,2.7085,0.5351,2.1733
Scotland N,2068,7,July,3.1596,1.8207,0.0572,1.7636
Scotland N,2068,8,August,4.2105,1.7186,0.0014,1.7172
Scotland N,2068,9,September,3.6082,3.7303,0.867,2.8632
Scotland N,2068,10,October,3.6943,6.0223,2.6634,3.3589
Scotland N,2068,11,November,3.1657,9.9362,6.8098,3.1264
Scotland N,2068,12,December,2.8069,10.628,7.8405,2.7874
Scotland N,2069,1,January,2.6132,12.6392,10.0291,2.6102
Scotland N,2069,2,February,1.7153,11.1931,9.4787,1.7144
Scotland N,2069,3,March,1.4039,8.9231,7.5197,1.4034
Scotland N,2069,4,April,2.1643,7.3085,5.1626,2.1459
Scotland N,2069,5,May,2.6651,4.3839,1.9912,2.3927
Scotland N,2069,6,June,2.3507,2.7085,0.8712,1.8373
Scotland N,2069,7,July,3.3433,1.8207,0.04,1.7807
Scotland N,2069,8,August,3.7244,1.7186,0.0061,1.7125
Scotland N,2069,9,September,3.7585,3.7303,0.7914,2.9389
Scotland N,2069,10,October,2.3754,6.0223,3.7755,2.2467
Scotland N,2069,11,November,3.0823,9.9362,6.8908,3.0455
Scotland N,2069,12,December,2.833,10.628,7.8148,2.8131
Scotland N,2070,1,January,2.8117,12.6392,9.8312,2.808
Scotland N,2070,2,February,2.5552,11.1931,8.6403,2.5529
Scotland N,2070,3,March,2.0095,8.9231,6.9148,2.0082
Scotland N,2070,4,April,1.8379,7.3085,5.4831,1.8254
Scotland N,2070,5,May,2.127,4.3839,2.4257,1.9582
Scotland N,2070,6,June,2.6331,2.7085,0.7196,1.9888
Scotland N,2070,7,July,3.4997,1.8207,0.029,1.7917
Scotland N,2070,8,August,3.9535,1.7186,0.0031,1.7155
Scotland N,2070,9,September,4.0572,3.7303,0.654,3.0763
Scotland N,2070,10,October,3.9253,6.0223,2.4847,3.5376
Scotland N,2070,11,November,3.6731,9.9362,6.3206,3.6156
Scotland N,2070,12,December,3.3384,10.628,7.3194,3.3085
Scotland N,2071,1,January,2.9189,12.6392,9.7244,2.9149
Scotland N,2071,2,February,2.105,11.1931,9.0896,2.1035
Scotland N,2071,3,March,2.2297,8.9231,6.6951,2.2279
Scotland N,2071,4,April,2.4547,7.3085,4.8794,2.4291
Scotland N,2071,5,May,3.2321,4.3839,1.5752,2.8088
Scotland N,2071,6,June,4.2588,2.7085,0.1773,2.5312
Scotland N,2071,7,July,3.1885,1.8207,0.0541,1.7666
Scotland N,2071,8,August,4.0555,1.7186,0.0022,1.7163
Scotland N,2071,9,September,4.0408,3.7303,0.6611,3.0691
Scotland N,2071,10,October,3.9286,6.0223,2.4821,3.5401
Scotland N,2071,11,November,3.8597,9.9362,6.1422,3.7941
Scotland N,2071,12,December,2.6682,10.628,7.977,2.6509
Scotland N,2072,1,January,2.5834,12.6392,10.0587,2.5805
Scotland N,2072,2,February,2.8371,11.1931,8.3593,2.8338
Scotland N,2072,3,March,2.7438,8.9231,6.1828,2.7402
Scotland N,2072,4,April,1.8256,7.3085,5.4951,1.8133
Scotland N,2072,5,May,1.8961,4.3839,2.6222,1.7618
Scotland N,2072,6,June,3.2146,2.7085,0.4636,2.2449
Scotland N,2072,7,July,4.031,1.8207,0.0086,1.8121
Scotland N,2072,8,August,4.6301,1.7186,0.0003,1.7183
Scotland N,2072,9,September,4.0333,3.7303,0.6644,3.0659
Scotland N,2072,10,October,3.9359,6.0223,2.4766,3.5457
Scotland N,2072,11,November,3.3544,9.9362,6.6273,3.3089
Scotland N,2072,12,December,3.226,10.628,7.4293,3.1986
Scotland N,2073,1,January,1.9802,12.6392,10.6606,1.9787
Scotland N,2073,2,February,2.2203,11.1931,8.9744,2.2187
Scotland N,2073,3,March,3.1841,8.9231,5.7454,3.1777
Scotland N,2073,4,April,2.2791,7.3085,5.0504,2.2581
Scotland N,2073,5,May,3.2407,4.3839,1.5693,2.8147
Scotland N,2073,6,June,3.1892,2.7085,0.4732,2.2352
Scotland N,2073,7,July,3.1865,1.8207,0.0543,1.7664
Scotland N,2073,8,August,4.1923,1.7186,0.0014,1.7171
Scotland N,2073,9,September,3.9544,3.7303,0.6993,3.0309
Scotland N,2073,10,October,4.3038,6.0223,2.2043,3.818
Scotland N,2073,11,November,3.5979,9.9362,6.3927,3.5435
Scotland N,2073,12,December,2.788,10.628,7.8591,2.7689
Scotland N,2074,1,January,2.9685,12.6392,9.6749,2.9643
Scotland N,2074,2,February,2.6154,11.1931,8.5802,2.6129
Scotland N,2074,3,March,2.2988,8.9231,6.6262,2.2969
Scotland N,2074,4,April,2.4654,7.3085,4.8689,2.4395
Scotland N,2074,5,May,2.585,4.3839,2.0536,2.3303
Scotland N,2074,6,June,2.4953,2.7085,0.7914,1.9171
Scotland N,2074,7,July,2.8017,1.8207,0.1081,1.7127
Scotland N,2074,8,August,3.5166,1.7186,0.0109,1.7076
Scotland N,2074,9,September,3.6896,3.7303,0.8256,2.9047
Scotland N,2074,10,October,3.9458,6.0223,2.4691,3.5532
Scotland N,2074,11,November,3.5522,9.9362,6.4367,3.4996
Scotland N,2074,12,December,3.0741,10.628,7.5781,3.0498
Scotland N,2075,1,January,2.6291,12.6392,10.0132,2.6261
Scotland N,2075,2,February,2.2386,11.1931,8.9561,2.237
Scotland N,2075,3,March,2.804,8.9231,6.1229,2.8001
Scotland N,2075,4,April,2.4144,7.3085,4.9185,2.39
Scotland N,2075,5,May,2.5131,4.3839,2.1104,2.2736
Scotland N,2075,6,June,2.8642,2.7085,0.6089,2.0996
Scotland N,2075,7,July,3.9902,1.8207,0.0096,1.8112
Scotland N,2075,8,August,4.7176,1.7186,0.0002,1.7184
Scotland N,2075,9,September,4.4119,3.7303,0.5129,3.2173
Scotland N,2075,10,October,4.3242,6.0223,2.1896,3.8327
Scotland N,2075,11,November,3.5518,9.9362,6.437,3.4993
Scotland N,2075,12,December,3.5702,10.628,7.0934,3.5346
Scotland N,2076,1,January,3.1036,12.6392,9.5405,3.0988
Scotland N,2076,2,February,2.1701,11.1931,9.0245,2.1686
Scotland N,2076,3,March,2.9769,8.9231,5.951,2.972
Scotland N,2076,4,April,2.5601,7.3085,4.777,2.5314
Scotland N,2076,5,May,3.0316,4.3839,1.7169,2.667
Scotland N,2076,6,June,3.4715,2.7085,0.3738,2.3346
Scotland N,2076,7,July,4.3684,1.8207,0.0036,1.8171
Scotland N,2076,8,August,5.2425,1.7186,0.0,1.7186
Scotland N,2076,9,September,4.4133,3.7303,0.5124,3.2178
Scotland N,2076,10,October,3.785,6.0223,2.5926,3.4297
Scotland N,2076,11,November,3.4724,9.9362,6.5134,3.4228
Scotland N,2076,12,December,3.5745,10.628,7.0893,3.5387
Scotland N,2077,1,January,2.7619,12.6392,9.8808,2.7584
Scotland N,2077,2,February,2.7129,11.1931,8.483,2.7101
Scotland N,2077,3,March,2.2856,8.9231,6.6394,2.2837
Scotland N,2077,4,April,2.2856,7.3085,5.044,2.2644
Scotland N,2077,5,May,2.684,4.3839,1.9766,2.4073
Scotland N,2077,6,June,2.5085,2.7085,0.7843,1.9242
Scotland N,2077,7,July,3.6318,1.8207,0.0218,1.7989
Scotland N,2077,8,August,4.5577,1.7186,0.0004,1.7182
Scotland N,2077,9,September,4.0435,3.7303,0.6599,3.0703
Scotland N,2077,10,October,4.061,6.0223,2.3823,3.64
Scotland N,2077,11,November,3.6258,9.9362,6.3659,3.5703
Scotland N,2077,12,December,3.409,10.628,7.2505,3.3774
Scotland N,2078,1,January,2.31,12.6392,10.3315,2.3077
Scotland N,2078,2,February,2.3222,11.1931,8.8727,2.3204
Scotland N,2078,3,March,2.5406,8.9231,6.3852,2.5379
Scotland N,2078,4,April,2.581,7.3085,4.7567,2.5517
Scotland N,2078,5,May,2.7424,4.3839,1.9318,2.4521
Scotland N,2078,6,June,3.5555,2.7085,0.3474,2.361
Scotland N,2078,7,July,3.9688,1.8207,0.0101,1.8107
Scotland N,2078,8,August,4.9029,1.7186,0.0001,1.7185
Scotland N,2078,9,September,4.3798,3.7303,0.5247,3.2055
Scotland N,2078,10,October,4.3878,6.0223,2.1442,3.8781
Scotland N,2078,11,November,3.6983,9.9362,6.2964,3.6398
Scotland N,2078,12,December,3.1477,10.628,7.5059,3.122
Scotland N,2079,1,January,3.0254,12.6392,9.6183,3.021
Scotland N,2079,2,February,3.2488,11.1931,7.9494,3.2437
Scotland N,2079,3,March,2.8126,8.9231,6.1144,2.8086
Scotland N,2079,4,April,2.6742,7.3085,4.6665,2.6419
Scotland N,2079,5,May,3.2908,4.3839,1.5349,2.849
Scotland N,2079,6,June,3.1521,2.7085,0.4875,2.2209
Scotland N,2079,7,July,4.1123,1.8207,0.0071,1.8136
Scotland N,2079,8,August,5.3606,1.7186,0.0,1.7186
Scotland N,2079,9,September,4.406,3.7303,0.5151,3.2152
Scotland N,2079,10,October,4.1632,6.0223,2.3065,3.7157
Scotland N,2079,11,November,4.0415,9.9362,5.9691,3.9671
Scotland N,2079,12,December,3.1886,10.628,7.4659,3.1621
Scotland N,2080,1,January,3.0326,12.6392,9.6111,3.0281
Scotland N,2080,2,February,2.642,11.1931,8.5537,2.6394
Scotland N,2080,3,March,2.4286,8.9231,6.4967,2.4263
Scotland N,2080,4,April,2.6742,7.3085,4.6665,2.6419
Scotland N,2080,5,May,2.306,4.3839,2.2773,2.1066
Scotland N,2080,6,June,3.3287,2.7085,0.422,2.2864
Scotland N,2080,7,July,4.5258,1.8207,0.0024,1.8184
Scotland N,2080,8,August,4.7439,1.7186,0.0002,1.7184
Scotland N,2080,9,September,4.1295,3.7303,0.6233,3.1069
Scotland N,2080,10,October,4.8124,6.0223,1.8537,4.1686
Scotland N,2080,11,November,4.5877,9.9362,5.4557,4.4805
Scotland W,2026,1,January,-0.0152,10.9183,10.9335,-0.0152
Scotland W,2026,2,February,0.6067,9.3721,8.7656,0.6065
Scotland W,2026,3,March,0.9548,8.0241,7.0695,0.9546
Scotland W,2026,4,April,0.7093,6.2902,5.5814,0.7087
Scotland W,2026,5,May,1.2198,3.3636,2.2454,1.1182
Scotland W,2026,6,June,1.0391,2.2406,1.3436,0.8971
Scotland W,2026,7,July,1.0037,1.1929,0.4464,0.7465
Scotland W,2026,8,August,1.3278,0.9891,0.1564,0.8327
Scotland W,2026,9,September,1.6706,2.8184,1.4136,1.4048
Scotland W,2026,10,October,1.3766,4.5528,3.254,1.2988
Scotland W,2026,11,November,1.0299,8.4042,7.405,0.9992
Scotland W,2026,12,December,0.5641,8.668,8.1073,0.5607
Scotland W,2027,1,January,0.7452,10.9183,10.1736,0.7447
Scotland W,2027,2,February,0.576,9.3721,8.7963,0.5759
Scotland W,2027,3,March,0.916,8.0241,7.1083,0.9158
Scotland W,2027,4,April,0.8823,6.2902,5.4088,0.8814
Scotland W,2027,5,May,0.8541,3.3636,2.5679,0.7957
Scotland W,2027,6,June,1.5697,2.2406,0.9603,1.2804
Scotland W,2027,7,July,0.6939,1.1929,0.6394,0.5535
Scotland W,2027,8,August,1.5561,0.9891,0.0964,0.8927
Scotland W,2027,9,September,1.3263,2.8184,1.6719,1.1465
Scotland W,2027,10,October,0.9459,4.5528,3.6504,0.9024
Scotland W,2027,11,November,1.2883,8.4042,7.1573,1.2469
Scotland W,2027,12,December,1.7721,8.668,6.9148,1.7532
Scotland W,2028,1,January,0.4882,10.9183,10.4304,0.4879
Scotland W,2028,2,February,0.9655,9.3721,8.4071,0.965
Scotland W,2028,3,March,0.6479,8.0241,7.3763,0.6477
Scotland W,2028,4,April,0.4232,6.2902,5.8673,0.4229
Scotland W,2028,5,May,1.2165,3.3636,2.2484,1.1153
Scotland W,2028,6,June,1.2419,2.2406,1.1897,1.0509
Scotland W,2028,7,July,1.3688,1.1929,0.2705,0.9224
Scotland W,2028,8,August,1.1457,0.9891,0.2211,0.768
Scotland W,2028,9,September,1.3094,2.8184,1.6851,1.1333
Scotland W,2028,10,October,1.7022,4.5528,2.9629,1.5899
Scotland W,2028,11,November,1.6564,8.4042,6.8072,1.597
Scotland W,2028,12,December,1.4817,8.668,7.2002,1.4678
Scotland W,2029,1,January,0.6208,10.9183,10.2979,0.6204
Scotland W,2029,2,February,0.5634,9.3721,8.8089,0.5632
Scotland W,2029,3,March,0.8605,8.0241,7.1638,0.8603
Scotland W,2029,4,April,1.2317,6.2902,5.0603,1.2299
Scotland W,2029,5,May,0.7585,3.3636,2.6543,0.7093
Scotland W,2029,6,June,1.636,2.2406,0.917,1.3237
Scotland W,2029,7,July,1.4847,1.1929,0.2264,0.9665
Scotland W,2029,8,August,1.5609,0.9891,0.0953,0.8938
Scotland W,2029,9,September,1.1354,2.8184,1.8234,0.995
Scotland W,2029,10,October,1.0075,4.5528,3.593,0.9598
Scotland W,2029,11,November,1.0565,8.4042,7.3795,1.0247
Scotland W,2029,12,December,1.2557,8.668,7.4228,1.2452
Scotland W,2030,1,January,1.0784,10.9183,9.8408,1.0776
Scotland W,2030,2,February,0.977,9.3721,8.3956,0.9765
Scotland W,2030,3,March,0.9332,8.0241,7.0911,0.933
Scotland W,2030,4,April,0.6329,6.2902,5.6578,0.6324
Scotland W,2030,5,May,1.1618,3.3636,2.2956,1.068
Scotland W,2030,6,June,0.7938,2.2406,1.5405,0.7001
Scotland W,2030,7,July,1.5496,1.1929,0.2041,0.9888
Scotland W,2030,8,August,1.6147,0.9891,0.0843,0.9048
Scotland W,2030,9,September,1.1997,2.8184,1.7717,1.0467
Scotland W,2030,10,October,1.079,4.5528,3.5267,1.0261
Scotland W,2030,11,November,0.9766,8.4042,7.4563,0.9479
Scotland W,2030,12,December,1.2205,8.668,7.4576,1.2104
Scotland W,2031,1,January,1.0955,10.9183,9.8237,1.0946
Scotland W,2031,2,February,0.6552,9.3721,8.7171,0.655
Scotland W,2031,3,March,1.1544,8.0241,6.8701,1.154
Scotland W,2031,4,April,0.6834,6.2902,5.6073,0.6829
Scotland W,2031,5,May,1.2766,3.3636,2.1967,1.1669
Scotland W,2031,6,June,0.5991,2.2406,1.7042,0.5364
Scotland W,2031,7,July,1.0538,1.1929,0.4189,0.774
Scotland W,2031,8,August,1.4656,0.9891,0.1176,0.8716
Scotland W,2031,9,September,1.9529,2.8184,1.2175,1.6009
Scotland W,2031,10,October,1.5178,4.5528,3.1267,1.4261
Scotland W,2031,11,November,1.0662,8.4042,7.3701,1.0341
Scotland W,2031,12,December,1.9495,8.668,6.7412,1.9268
Scotland W,2032,1,January,0.9354,10.9183,9.9836,0.9347
Scotland W,2032,2,February,0.2825,9.3721,9.0897,0.2824
Scotland W,2032,3,March,0.3835,8.0241,7.6406,0.3834
Scotland W,2032,4,April,0.6335,6.2902,5.6571,0.6331
Scotland W,2032,5,May,1.1744,3.3636,2.2847,1.0789
Scotland W,2032,6,June,1.1019,2.2406,1.2951,0.9456
Scotland W,2032,7,July,2.0115,1.1929,0.0888,1.1041
Scotland W,2032,8,August,1.3992,0.9891,0.1353,0.8538
Scotland W,2032,9,September,1.7207,2.8184,1.3777,1.4407
Scotland W,2032,10,October,1.2705,4.5528,3.3505,1.2023
Scotland W,2032,11,November,0.4568,8.4042,7.9589,0.4453
Scotland W,2032,12,December,0.643,8.668,8.0291,0.6389
Scotland W,2033,1,January,1.1889,10.9183,9.7304,1.188
Scotland W,2033,2,February,0.6624,9.3721,8.71,0.6621
Scotland W,2033,3,March,0.7992,8.0241,7.2251,0.799
Scotland W,2033,4,April,1.1824,6.2902,5.1094,1.1808
Scotland W,2033,5,May,1.054,3.3636,2.39,0.9736
Scotland W,2033,6,June,2.5118,2.2406,0.4517,1.7889
Scotland W,2033,7,July,1.6092,1.1929,0.185,1.0079
Scotland W,2033,8,August,2.2241,0.9891,0.0164,0.9727
Scotland W,2033,9,September,1.4876,2.8184,1.5484,1.27
Scotland W,2033,10,October,1.5123,4.5528,3.1317,1.4211
Scotland W,2033,11,November,1.3665,8.4042,7.0827,1.3215
Scotland W,2033,12,December,0.9563,8.668,7.7187,0.9493
Scotland W,2034,1,January,-0.1814,10.9183,11.0997,-0.1813
Scotland W,2034,2,February,0.4519,9.3721,8.9204,0.4517
Scotland W,2034,3,March,0.971,8.0241,7.0533,0.9707
Scotland W,2034,4,April,1.0162,6.2902,5.2751,1.015
Scotland W,2034,5,May,1.6553,3.3636,1.8816,1.482
Scotland W,2034,6,June,1.3765,2.2406,1.0925,1.1482
Scotland W,2034,7,July,1.3921,1.1929,0.2612,0.9316
Scotland W,2034,8,August,1.8673,0.9891,0.0452,0.9439
Scotland W,2034,9,September,1.5856,2.8184,1.4754,1.343
Scotland W,2034,10,October,1.6738,4.5528,2.9879,1.5649
Scotland W,2034,11,November,1.2767,8.4042,7.1685,1.2357
Scotland W,2034,12,December,1.0674,8.668,7.6088,1.0592
Scotland W,2035,1,January,1.2447,10.9183,9.6746,1.2437
Scotland W,2035,2,February,1.0471,9.3721,8.3255,1.0467
Scotland W,2035,3,March,1.3302,8.0241,6.6945,1.3296
Scotland W,2035,4,April,0.8991,6.2902,5.392,0.8982
Scotland W,2035,5,May,1.3002,3.3636,2.1765,1.1871
Scotland W,2035,6,June,1.1601,2.2406,1.2508,0.9899
Scotland W,2035,7,July,1.4514,1.1929,0.2385,0.9544
Scotland W,2035,8,August,1.7525,0.9891,0.0606,0.9286
Scotland W,2035,9,September,1.2551,2.8184,1.7278,1.0907
Scotland W,2035,10,October,1.3318,4.5528,3.2947,1.2581
Scotland W,2035,11,November,1.1716,8.4042,7.269,1.1352
Scotland W,2035,12,December,1.1233,8.668,7.5536,1.1144
Scotland W,2036,1,January,1.1497,10.9183,9.7695,1.1488
Scotland W,2036,2,February,1.5576,9.3721,7.8157,1.5565
Scotland W,2036,3,March,1.0356,8.0241,6.9888,1.0353
Scotland W,2036,4,April,1.0602,6.2902,5.2313,1.0589
Scotland W,2036,5,May,1.0648,3.3636,2.3805,0.9831
Scotland W,2036,6,June,2.1113,2.2406,0.6393,1.6013
Scotland W,2036,7,July,0.9596,1.1929,0.4715,0.7214
Scotland W,2036,8,August,1.8537,0.9891,0.0468,0.9423
Scotland W,2036,9,September,2.1817,2.8184,1.07,1.7484
Scotland W,2036,10,October,1.5179,4.5528,3.1267,1.4261
Scotland W,2036,11,November,1.8914,8.4042,6.5854,1.8188
Scotland W,2036,12,December,0.3153,8.668,8.3544,0.3136
Scotland W,2037,1,January,0.3233,10.9183,10.5952,0.3231
Scotland W,2037,2,February,0.8427,9.3721,8.5298,0.8424
Scotland W,2037,3,March,1.0821,8.0241,6.9424,1.0817
Scotland W,2037,4,April,1.5685,6.2902,4.725,1.5652
Scotland W,2037,5,May,0.8702,3.3636,2.5534,0.8102
Scotland W,2037,6,June,1.2345,2.2406,1.1952,1.0455
Scotland W,2037,7,July,1.6662,1.1929,0.168,1.0249
Scotland W,2037,8,August,1.8572,0.9891,0.0464,0.9427
Scotland W,2037,9,September,1.7436,2.8184,1.3614,1.457
Scotland W,2037,10,October,1.735,4.5528,2.934,1.6188
Scotland W,2037,11,November,1.6713,8.4042,6.7931,1.6111
Scotland W,2037,12,December,1.4888,8.668,7.1932,1.4748
Scotland W,2038,1,January,1.3384,10.9183,9.5811,1.3372
Scotland W,2038,2,February,0.9179,9.3721,8.4547,0.9175
Scotland W,2038,3,March,0.8295,8.0241,7.1948,0.8293
Scotland W,2038,4,April,1.458,6.2902,4.8349,1.4553
Scotland W,2038,5,May,1.5853,3.3636,1.9385,1.4252
Scotland W,2038,6,June,1.6274,2.2406,0.9225,1.3181
Scotland W,2038,7,July,1.9485,1.1929,0.1004,1.0924
Scotland W,2038,8,August,1.8312,0.9891,0.0496,0.9395
Scotland W,2038,9,September,1.9637,2.8184,1.2104,1.608
Scotland W,2038,10,October,2.5396,4.5528,2.258,2.2948
Scotland W,2038,11,November,1.4445,8.4042,7.0083,1.3959
Scotland W,2038,12,December,1.8399,8.668,6.8484,1.8196
Scotland W,2039,1,January,0.8155,10.9183,10.1033,0.815
Scotland W,2039,2,February,0.167,9.3721,9.2051,0.167
Scotland W,2039,3,March,0.9436,8.0241,7.0807,0.9433
Scotland W,2039,4,April,1.3699,6.2902,4.9226,1.3676
Scotland W,2039,5,May,1.2898,3.3636,2.1854,1.1783
Scotland W,2039,6,June,1.2623,2.2406,1.1747,1.0659
Scotland W,2039,7,July,1.6106,1.1929,0.1846,1.0083
Scotland W,2039,8,August,2.4122,0.9891,0.009,0.9801
Scotland W,2039,9,September,1.8532,2.8184,1.2851,1.5333
Scotland W,2039,10,October,1.5708,4.5528,3.0794,1.4734
Scotland W,2039,11,November,1.4949,8.4042,6.9604,1.4438
Scotland W,2039,12,December,0.7071,8.668,7.9656,0.7025
Scotland W,2040,1,January,1.0802,10.9183,9.8389,1.0794
Scotland W,2040,2,February,1.3294,9.3721,8.0435,1.3286
Scotland W,2040,3,March,1.4326,8.0241,6.5922,1.4319
Scotland W,2040,4,April,1.0351,6.2902,5.2563,1.0339
Scotland W,2040,5,May,1.7809,3.3636,1.7815,1.5821
Scotland W,2040,6,June,1.7623,2.2406,0.8375,1.4032
Scotland W,2040,7,July,1.8112,1.1929,0.13,1.0629
Scotland W,2040,8,August,2.0977,0.9891,0.0239,0.9652
Scotland W,2040,9,September,1.836,2.8184,1.2969,1.5215
Scotland W,2040,10,October,2.0226,4.5528,2.685,1.8678
Scotland W,2040,11,November,1.8394,8.4042,6.6344,1.7698
Scotland W,2040,12,December,1.5218,8.668,7.1606,1.5074
Scotland W,2041,1,January,1.0076,10.9183,9.9114,1.0069
Scotland W,2041,2,February,1.6516,9.3721,7.7219,1.6503
Scotland W,2041,3,March,0.8168,8.0241,7.2074,0.8166
Scotland W,2041,4,April,0.6383,6.2902,5.6524,0.6378
Scotland W,2041,5,May,1.3927,3.3636,2.0981,1.2655
Scotland W,2041,6,June,2.2697,2.2406,0.5601,1.6806
Scotland W,2041,7,July,1.4818,1.1929,0.2275,0.9654
Scotland W,2041,8,August,2.0699,0.9891,0.0259,0.9632
Scotland W,2041,9,September,2.6382,2.8184,0.8079,2.0106
Scotland W,2041,10,October,2.2766,4.5528,2.4716,2.0812
Scotland W,2041,11,November,1.9199,8.4042,6.5586,1.8456
Scotland W,2041,12,December,1.6013,8.668,7.0826,1.5855
Scotland W,2042,1,January,1.9846,10.9183,8.9363,1.982
Scotland W,2042,2,February,1.7401,9.3721,7.6335,1.7386
Scotland W,2042,3,March,1.3981,8.0241,6.6266,1.3975
Scotland W,2042,4,April,1.256,6.2902,5.036,1.2542
Scotland W,2042,5,May,0.9829,3.3636,2.4528,0.9109
Scotland W,2042,6,June,1.8745,2.2406,0.7703,1.4703
Scotland W,2042,7,July,2.0183,1.1929,0.0876,1.1053
Scotland W,2042,8,August,2.027,0.9891,0.0293,0.9598
Scotland W,2042,9,September,2.4359,2.8184,0.9186,1.8998
Scotland W,2042,10,October,1.7787,4.5528,2.8957,1.6571
Scotland W,2042,11,November,1.5826,8.4042,6.8771,1.5271
Scotland W,2042,12,December,1.8429,8.668,6.8455,1.8225
Scotland W,2043,1,January,1.4218,10.9183,9.4979,1.4205
Scotland W,2043,2,February,0.9555,9.3721,8.417,0.9551
Scotland W,2043,3,March,0.9774,8.0241,7.0469,0.9771
Scotland W,2043,4,April,1.3439,6.2902,4.9485,1.3417
Scotland W,2043,5,May,1.4066,3.3636,2.0865,1.2771
Scotland W,2043,6,June,2.1174,2.2406,0.6362,1.6044
Scotland W,2043,7,July,1.4348,1.1929,0.2448,0.9481
Scotland W,2043,8,August,2.183,0.9891,0.0186,0.9706
Scotland W,2043,9,September,2.2991,2.8184,0.9984,1.82
Scotland W,2043,10,October,1.7546,4.5528,2.9168,1.636
Scotland W,2043,11,November,1.4047,8.4042,7.0463,1.3579
Scotland W,2043,12,December,1.9034,8.668,6.7862,1.8818
Scotland W,2044,1,January,1.333,10.9183,9.5865,1.3319
Scotland W,2044,2,February,1.2196,9.3721,8.1532,1.2189
Scotland W,2044,3,March,1.4949,8.0241,6.53,1.4941
Scotland W,2044,4,April,1.4539,6.2902,4.839,1.4512
Scotland W,2044,5,May,1.5456,3.3636,1.9709,1.3927
Scotland W,2044,6,June,1.5435,2.2406,0.9777,1.2629
Scotland W,2044,7,July,2.2561,1.1929,0.0533,1.1396
Scotland W,2044,8,August,2.1268,0.9891,0.022,0.9672
Scotland W,2044,9,September,2.2356,2.8184,1.0369,1.7816
Scotland W,2044,10,October,2.5271,4.5528,2.2679,2.2849
Scotland W,2044,11,November,1.7426,8.4042,6.7257,1.6785
Scotland W,2044,12,December,1.7351,8.668,6.9511,1.7169
Scotland W,2045,1,January,1.6715,10.9183,9.2487,1.6697
Scotland W,2045,2,February,1.3353,9.3721,8.0377,1.3345
Scotland W,2045,3,March,0.9852,8.0241,7.0391,0.9849
Scotland W,2045,4,April,1.5457,6.2902,4.7476,1.5426
Scotland W,2045,5,May,1.7893,3.3636,1.7749,1.5888
Scotland W,2045,6,June,1.8982,2.2406,0.7565,1.4841
Scotland W,2045,7,July,2.4833,1.1929,0.0317,1.1612
Scotland W,2045,8,August,2.3555,0.9891,0.0108,0.9783
Scotland W,2045,9,September,2.2468,2.8184,1.03,1.7884
Scotland W,2045,10,October,2.3763,4.5528,2.3897,2.163
Scotland W,2045,11,November,1.4747,8.4042,6.9796,1.4246
Scotland W,2045,12,December,1.2424,8.668,7.436,1.232
Scotland W,2046,1,January,1.619,10.9183,9.301,1.6173
Scotland W,2046,2,February,1.3902,9.3721,7.9828,1.3893
Scotland W,2046,3,March,1.156,8.0241,6.8685,1.1556
Scotland W,2046,4,April,1.3498,6.2902,4.9427,1.3475
Scotland W,2046,5,May,1.7181,3.3636,1.8313,1.5323
Scotland W,2046,6,June,1.6179,2.2406,0.9287,1.312
Scotland W,2046,7,July,1.7315,1.1929,0.15,1.0429
Scotland W,2046,8,August,2.4439,0.9891,0.0081,0.9811
Scotland W,2046,9,September,2.2656,2.8184,1.0186,1.7998
Scotland W,2046,10,October,2.6217,4.5528,2.1929,2.3599
Scotland W,2046,11,November,2.0561,8.4042,6.4309,1.9733
Scotland W,2046,12,December,1.3888,8.668,7.2916,1.3764
Scotland W,2047,1,January,1.0435,10.9183,9.8756,1.0428
Scotland W,2047,2,February,1.3879,9.3721,7.9851,1.387
Scotland W,2047,3,March,1.8095,8.0241,6.2159,1.8082
Scotland W,2047,4,April,1.7588,6.2902,4.536,1.7542
Scotland W,2047,5,May,2.0541,3.3636,1.5719,1.7917
Scotland W,2047,6,June,1.6217,2.2406,0.9262,1.3144
Scotland W,2047,7,July,1.3236,1.1929,0.2893,0.9036
Scotland W,2047,8,August,2.2843,0.9891,0.0136,0.9755
Scotland W,2047,9,September,2.4008,2.8184,0.9388,1.8796
Scotland W,2047,10,October,2.3018,4.5528,2.4508,2.102
Scotland W,2047,11,November,2.1804,8.4042,6.3149,2.0893
Scotland W,2047,12,December,1.2811,8.668,7.3978,1.2702
Scotland W,2048,1,January,1.6761,10.9183,9.244,1.6743
Scotland W,2048,2,February,1.2143,9.3721,8.1585,1.2136
Scotland W,2048,3,March,1.6951,8.0241,6.3301,1.694
Scotland W,2048,4,April,1.4755,6.2902,4.8175,1.4727
Scotland W,2048,5,May,1.6812,3.3636,1.8608,1.5028
Scotland W,2048,6,June,2.0223,2.2406,0.6868,1.5538
Scotland W,2048,7,July,1.6834,1.1929,0.1631,1.0298
Scotland W,2048,8,August,2.3391,0.9891,0.0114,0.9777
Scotland W,2048,9,September,2.4991,2.8184,0.8831,1.9353
Scotland W,2048,10,October,2.8193,4.5528,2.0398,2.513
Scotland W,2048,11,November,2.0137,8.4042,6.4706,1.9336
Scotland W,2048,12,December,1.1781,8.668,7.4995,1.1685
Scotland W,2049,1,January,2.2006,10.9183,8.7211,2.1972
Scotland W,2049,2,February,1.7566,9.3721,7.6171,1.7551
Scotland W,2049,3,March,1.8989,8.0241,6.1267,1.8974
Scotland W,2049,4,April,1.5273,6.2902,4.766,1.5242
Scotland W,2049,5,May,2.2485,3.3636,1.4302,1.9334
Scotland W,2049,6,June,2.769,2.2406,0.3532,1.8874
Scotland W,2049,7,July,2.6757,1.1929,0.0197,1.1732
Scotland W,2049,8,August,2.6262,0.9891,0.0043,0.9849
Scotland W,2049,9,September,2.5764,2.8184,0.8408,1.9776
Scotland W,2049,10,October,2.2601,4.5528,2.4852,2.0675
Scotland W,2049,11,November,2.4022,8.4042,6.1091,2.2951
Scotland W,2049,12,December,1.7545,8.668,6.9321,1.7359
Scotland W,2050,1,January,2.1371,10.9183,8.7843,2.134
Scotland W,2050,2,February,0.8739,9.3721,8.4986,0.8735
Scotland W,2050,3,March,0.639,8.0241,7.3852,0.6389
Scotland W,2050,4,April,1.7106,6.2902,4.5838,1.7064
Scotland W,2050,5,May,1.6894,3.3636,1.8542,1.5094
Scotland W,2050,6,June,2.0747,2.2406,0.6586,1.582
Scotland W,2050,7,July,1.9376,1.1929,0.1026,1.0903
Scotland W,2050,8,August,2.5686,0.9891,0.0053,0.9839
Scotland W,2050,9,September,3.1847,2.8184,0.5521,2.2663
Scotland W,2050,10,October,3.1559,4.5528,1.7907,2.7621
Scotland W,2050,11,November,2.2398,8.4042,6.2596,2.1446
Scotland W,2050,12,December,2.206,8.668,6.4909,2.1771
Scotland W,2051,1,January,1.9554,10.9183,8.9654,1.9529
Scotland W,2051,2,February,1.7312,9.3721,7.6424,1.7298
Scotland W,2051,3,March,1.6749,8.0241,6.3502,1.6739
Scotland W,2051,4,April,1.0451,6.2902,5.2463,1.0439
Scotland W,2051,5,May,1.5586,3.3636,1.9603,1.4033
Scotland W,2051,6,June,2.7553,2.2406,0.3581,1.8825
Scotland W,2051,7,July,2.863,1.1929,0.012,1.1809
Scotland W,2051,8,August,3.1468,0.9891,0.0005,0.9886
Scotland W,2051,9,September,2.4517,2.8184,0.9097,1.9087
Scotland W,2051,10,October,2.4105,4.5528,2.3618,2.1909
Scotland W,2051,11,November,1.8396,8.4042,6.6342,1.77
Scotland W,2051,12,December,1.6184,8.668,7.0657,1.6023
Scotland W,2052,1,January,1.804,10.9183,9.1164,1.8019
Scotland W,2052,2,February,1.2999,9.3721,8.073,1.2991
Scotland W,2052,3,March,1.468,8.0241,6.5568,1.4673
Scotland W,2052,4,April,1.7981,6.2902,4.497,1.7932
Scotland W,2052,5,May,2.3967,3.3636,1.3267,2.0369
Scotland W,2052,6,June,2.4711,2.2406,0.4688,1.7718
Scotland W,2052,7,July,2.6789,1.1929,0.0195,1.1734
Scotland W,2052,8,August,3.2465,0.9891,0.0003,0.9888
Scotland W,2052,9,September,2.9371,2.8184,0.6601,2.1583
Scotland W,2052,10,October,3.0755,4.5528,1.8488,2.704
Scotland W,2052,11,November,2.6773,8.4042,5.8561,2.5481
Scotland W,2052,12,December,2.0292,8.668,6.6632,2.0048
Scotland W,2053,1,January,1.9166,10.9183,9.0041,1.9142
Scotland W,2053,2,February,1.2322,9.3721,8.1407,1.2315
Scotland W,2053,3,March,1.8218,8.0241,6.2037,1.8204
Scotland W,2053,4,April,1.992,6.2902,4.305,1.9852
Scotland W,2053,5,May,1.6265,3.3636,1.9049,1.4587
Scotland W,2053,6,June,2.2277,2.2406,0.5804,1.6602
Scotland W,2053,7,July,2.6316,1.1929,0.022,1.1709
Scotland W,2053,8,August,2.7455,0.9891,0.0028,0.9864
Scotland W,2053,9,September,2.962,2.8184,0.6486,2.1698
Scotland W,2053,10,October,2.46,4.5528,2.3218,2.231
Scotland W,2053,11,November,2.0943,8.4042,6.3952,2.009
Scotland W,2053,12,December,1.3732,8.668,7.307,1.361
Scotland W,2054,1,January,1.8721,10.9183,9.0485,1.8698
Scotland W,2054,2,February,0.4413,9.3721,8.9309,0.4412
Scotland W,2054,3,March,1.7291,8.0241,6.2962,1.7279
Scotland W,2054,4,April,1.6034,6.2902,4.6903,1.5999
Scotland W,2054,5,May,2.3483,3.3636,1.3601,2.0035
Scotland W,2054,6,June,1.6107,2.2406,0.9334,1.3073
Scotland W,2054,7,July,2.2627,1.1929,0.0525,1.1404
Scotland W,2054,8,August,2.5602,0.9891,0.0054,0.9837
Scotland W,2054,9,September,2.4961,2.8184,0.8848,1.9336
Scotland W,2054,10,October,2.7458,4.5528,2.0962,2.4566
Scotland W,2054,11,November,2.1925,8.4042,6.3037,2.1005
Scotland W,2054,12,December,1.9343,8.668,6.756,1.912
Scotland W,2055,1,January,1.5527,10.9183,9.3672,1.5512
Scotland W,2055,2,February,1.9459,9.3721,7.4281,1.944
Scotland W,2055,3,March,1.6374,8.0241,6.3876,1.6364
Scotland W,2055,4,April,1.5817,6.2902,4.7119,1.5783
Scotland W,2055,5,May,2.5732,3.3636,1.2086,2.155
Scotland W,2055,6,June,2.7897,2.2406,0.3461,1.8946
Scotland W,2055,7,July,2.6895,1.1929,0.019,1.1739
Scotland W,2055,8,August,2.5591,0.9891,0.0054,0.9837
Scotland W,2055,9,September,2.8127,2.8184,0.7193,2.0991
Scotland W,2055,10,October,2.7682,4.5528,2.079,2.4738
Scotland W,2055,11,November,2.7232,8.4042,5.8142,2.59
Scotland W,2055,12,December,2.6821,8.668,6.0298,2.6382
Scotland W,2056,1,January,2.0326,10.9183,8.8884,2.0299
Scotland W,2056,2,February,1.6165,9.3721,7.7569,1.6152
Scotland W,2056,3,March,1.5174,8.0241,6.5075,1.5165
Scotland W,2056,4,April,1.7144,6.2902,4.58,1.7102
Scotland W,2056,5,May,1.8141,3.3636,1.7554,1.6082
Scotland W,2056,6,June,2.1601,2.2406,0.6142,1.6264
Scotland W,2056,7,July,2.79,1.1929,0.0146,1.1783
Scotland W,2056,8,August,3.2442,0.9891,0.0004,0.9888
Scotland W,2056,9,September,3.3709,2.8184,0.4793,2.3391
Scotland W,2056,10,October,3.1427,4.5528,1.8002,2.7526
Scotland W,2056,11,November,2.8446,8.4042,5.7037,2.7005
Scotland W,2056,12,December,1.9038,8.668,6.7859,1.8821
Scotland W,2057,1,January,1.4427,10.9183,9.477,1.4413
Scotland W,2057,2,February,2.0406,9.3721,7.3338,2.0384
Scotland W,2057,3,March,1.5114,8.0241,6.5135,1.5105
Scotland W,2057,4,April,1.4906,6.2902,4.8025,1.4877
Scotland W,2057,5,May,2.3944,3.3636,1.3283,2.0353
Scotland W,2057,6,June,3.0386,2.2406,0.2676,1.9731
Scotland W,2057,7,July,2.8623,1.1929,0.012,1.1809
Scotland W,2057,8,August,2.9352,0.9891,0.0013,0.9878
Scotland W,2057,9,September,3.4243,2.8184,0.4597,2.3587
Scotland W,2057,10,October,2.7946,4.5528,2.0586,2.4941
Scotland W,2057,11,November,2.9989,8.4042,5.5641,2.8401
Scotland W,2057,12,December,2.3962,8.668,6.3062,2.3618
Scotland W,2058,1,January,2.1906,10.9183,8.731,2.1873
Scotland W,2058,2,February,1.7876,9.3721,7.5861,1.786
Scotland W,2058,3,March,1.4253,8.0241,6.5995,1.4246
Scotland W,2058,4,April,1.6598,6.2902,4.6343,1.6559
Scotland W,2058,5,May,2.311,3.3636,1.3861,1.9776
Scotland W,2058,6,June,2.4978,2.2406,0.4576,1.7831
Scotland W,2058,7,July,2.7386,1.1929,0.0167,1.1762
Scotland W,2058,8,August,3.3738,0.9891,0.0002,0.9889
Scotland W,2058,9,September,3.0866,2.8184,0.5933,2.2251
Scotland W,2058,10,October,3.2544,4.5528,1.7208,2.832
Scotland W,2058,11,November,2.9134,8.4042,5.6413,2.7629
Scotland W,2058,12,December,2.4944,8.668,6.211,2.457
Scotland W,2059,1,January,1.4396,10.9183,9.4801,1.4382
Scotland W,2059,2,February,1.6315,9.3721,7.7419,1.6302
Scotland W,2059,3,March,2.2542,8.0241,5.7725,2.2515
Scotland W,2059,4,April,1.8384,6.2902,4.4571,1.8331
Scotland W,2059,5,May,1.9375,3.3636,1.6599,1.7037
Scotland W,2059,6,June,2.387,2.2406,0.5056,1.735
Scotland W,2059,7,July,2.7974,1.1929,0.0143,1.1786
Scotland W,2059,8,August,3.2461,0.9891,0.0003,0.9888
Scotland W,2059,9,September,3.3452,2.8184,0.4889,2.3295
Scotland W,2059,10,October,3.4456,4.5528,1.5891,2.9637
Scotland W,2059,11,November,2.9082,8.4042,5.646,2.7582
Scotland W,2059,12,December,2.5997,8.668,6.1093,2.5587
Scotland W,2060,1,January,2.2827,10.9183,8.6392,2.2791
Scotland W,2060,2,February,2.3692,9.3721,7.0063,2.3658
Scotland W,2060,3,March,1.7682,8.0241,6.2571,1.767
Scotland W,2060,4,April,1.8883,6.2902,4.4076,1.8826
Scotland W,2060,5,May,2.1527,3.3636,1.4992,1.8644
Scotland W,2060,6,June,3.4418,2.2406,0.1696,2.071
Scotland W,2060,7,July,3.3817,1.1929,0.0026,1.1903
Scotland W,2060,8,August,3.4791,0.9891,0.0001,0.989
Scotland W,2060,9,September,3.1339,2.8184,0.5732,2.2452
Scotland W,2060,10,October,3.0961,4.5528,1.8338,2.719
Scotland W,2060,11,November,2.7729,8.4042,5.7689,2.6353
Scotland W,2060,12,December,1.9249,8.668,6.7652,1.9028
Scotland W,2061,1,January,2.0744,10.9183,8.8468,2.0716
Scotland W,2061,2,February,1.5434,9.3721,7.8298,1.5423
Scotland W,2061,3,March,1.4464,8.0241,6.5784,1.4457
Scotland W,2061,4,April,1.8406,6.2902,4.4548,1.8353
Scotland W,2061,5,May,2.5594,3.3636,1.2177,2.146
Scotland W,2061,6,June,2.3347,2.2406,0.5295,1.7112
Scotland W,2061,7,July,2.5724,1.1929,0.0255,1.1674
Scotland W,2061,8,August,3.1296,0.9891,0.0006,0.9885
Scotland W,2061,9,September,3.198,2.8184,0.5466,2.2718
Scotland W,2061,10,October,3.3444,4.5528,1.6581,2.8947
Scotland W,2061,11,November,2.8882,8.4042,5.6641,2.7401
Scotland W,2061,12,December,2.9772,8.668,5.7467,2.9213
Scotland W,2062,1,January,2.3703,10.9183,8.552,2.3663
Scotland W,2062,2,February,1.8905,9.3721,7.4835,1.8887
Scotland W,2062,3,March,1.9639,8.0241,6.0619,1.9622
Scotland W,2062,4,April,2.1329,6.2902,4.1658,2.1244
Scotland W,2062,5,May,1.9953,3.3636,1.616,1.7477
Scotland W,2062,6,June,3.2144,2.2406,0.2207,2.0199
Scotland W,2062,7,July,3.1399,1.1929,0.0054,1.1875
Scotland W,2062,8,August,3.559,0.9891,0.0001,0.989
Scotland W,2062,9,September,4.0262,2.8184,0.277,2.5414
Scotland W,2062,10,October,3.1155,4.5528,1.8197,2.733
Scotland W,2062,11,November,3.2275,8.4042,5.3591,3.0451
Scotland W,2062,12,December,2.2971,8.668,6.4023,2.2657
Scotland W,2063,1,January,2.082,10.9183,8.8392,2.0791
Scotland W,2063,2,February,1.6383,9.3721,7.7351,1.637
Scotland W,2063,3,March,1.5196,8.0241,6.5053,1.5187
Scotland W,2063,4,April,1.9413,6.2902,4.3551,1.9351
Scotland W,2063,5,May,1.7515,3.3636,1.8047,1.5589
Scotland W,2063,6,June,3.9202,2.2406,0.0925,2.1482
Scotland W,2063,7,July,2.7729,1.1929,0.0153,1.1776
Scotland W,2063,8,August,4.2399,0.9891,0.0,0.9891
Scotland W,2063,9,September,3.508,2.8184,0.4302,2.3882
Scotland W,2063,10,October,3.9428,4.5528,1.2729,3.2799
Scotland W,2063,11,November,2.5224,8.4042,5.9982,2.406
Scotland W,2063,12,December,2.8834,8.668,5.8364,2.8316
Scotland W,2064,1,January,2.9412,10.9183,7.9843,2.9341
Scotland W,2064,2,February,2.1587,9.3721,7.216,2.1561
Scotland W,2064,3,March,1.8268,8.0241,6.1986,1.8254
Scotland W,2064,4,April,1.3985,6.2902,4.8942,1.396
Scotland W,2064,5,May,2.3289,3.3636,1.3736,1.99
Scotland W,2064,6,June,3.0405,2.2406,0.267,1.9736
Scotland W,2064,7,July,3.2797,1.1929,0.0035,1.1894
Scotland W,2064,8,August,3.9615,0.9891,0.0,0.9891
Scotland W,2064,9,September,3.4215,2.8184,0.4607,2.3577
Scotland W,2064,10,October,3.5638,4.5528,1.5104,3.0423
Scotland W,2064,11,November,3.3997,8.4042,5.2062,3.198
Scotland W,2064,12,December,3.0634,8.668,5.6644,3.0036
Scotland W,2065,1,January,1.918,10.9183,9.0027,1.9156
Scotland W,2065,2,February,1.2861,9.3721,8.0868,1.2854
Scotland W,2065,3,March,1.9609,8.0241,6.0649,1.9592
Scotland W,2065,4,April,1.3361,6.2902,4.9563,1.3339
Scotland W,2065,5,May,2.2076,3.3636,1.4595,1.9041
Scotland W,2065,6,June,3.0363,2.2406,0.2682,1.9724
Scotland W,2065,7,July,3.927,1.1929,0.0004,1.1925
Scotland W,2065,8,August,4.0342,0.9891,0.0,0.9891
Scotland W,2065,9,September,4.0409,2.8184,0.2734,2.545
Scotland W,2065,10,October,4.0107,4.5528,1.2328,3.32
Scotland W,2065,11,November,2.8841,8.4042,5.6678,2.7364
Scotland W,2065,12,December,2.5961,8.668,6.1127,2.5553
Scotland W,2066,1,January,1.6062,10.9183,9.3138,1.6045
Scotland W,2066,2,February,1.9675,9.3721,7.4066,1.9655
Scotland W,2066,3,March,1.7453,8.0241,6.2799,1.7441
Scotland W,2066,4,April,1.8292,6.2902,4.4662,1.824
Scotland W,2066,5,May,2.4061,3.3636,1.3203,2.0434
Scotland W,2066,6,June,2.7519,2.2406,0.3593,1.8814
Scotland W,2066,7,July,3.7582,1.1929,0.0007,1.1922
Scotland W,2066,8,August,3.7621,0.9891,0.0,0.9891
Scotland W,2066,9,September,3.528,2.8184,0.4233,2.3951
Scotland W,2066,10,October,3.3314,4.5528,1.6671,2.8856
Scotland W,2066,11,November,2.9281,8.4042,5.628,2.7762
Scotland W,2066,12,December,2.6602,8.668,6.0509,2.6171
Scotland W,2067,1,January,2.3256,10.9183,8.5965,2.3218
Scotland W,2067,2,February,2.1589,9.3721,7.2158,2.1563
Scotland W,2067,3,March,1.8214,8.0241,6.204,1.82
Scotland W,2067,4,April,1.7247,6.2902,4.5698,1.7204
Scotland W,2067,5,May,2.6809,3.3636,1.1395,2.2241
Scotland W,2067,6,June,3.2347,2.2406,0.2157,2.0249
Scotland W,2067,7,July,3.2823,1.1929,0.0035,1.1894
Scotland W,2067,8,August,4.3419,0.9891,0.0,0.9891
Scotland W,2067,9,September,3.8036,2.8184,0.3367,2.4817
Scotland W,2067,10,October,3.3413,4.5528,1.6602,2.8926
Scotland W,2067,11,November,2.9263,8.4042,5.6297,2.7745
Scotland W,2067,12,December,2.8196,8.668,5.8975,2.7705
Scotland W,2068,1,January,2.9963,10.9183,7.9295,2.9888
Scotland W,2068,2,February,2.6691,9.3721,6.7079,2.6642
Scotland W,2068,3,March,2.0228,8.0241,6.0032,2.0209
Scotland W,2068,4,April,1.992,6.2902,4.3049,1.9853
Scotland W,2068,5,May,2.3582,3.3636,1.3532,2.0104
Scotland W,2068,6,June,3.3717,2.2406,0.1843,2.0564
Scotland W,2068,7,July,3.3439,1.1929,0.0029,1.19
Scotland W,2068,8,August,4.4707,0.9891,0.0,0.9891
Scotland W,2068,9,September,3.7553,2.8184,0.3509,2.4675
Scotland W,2068,10,October,3.8221,4.5528,1.3461,3.2067
Scotland W,2068,11,November,3.0665,8.4042,5.5032,2.901
Scotland W,2068,12,December,2.8528,8.668,5.8658,2.8022
Scotland W,2069,1,January,2.5827,10.9183,8.3406,2.5777
Scotland W,2069,2,February,1.4629,9.3721,7.9102,1.4619
Scotland W,2069,3,March,1.198,8.0241,6.8265,1.1975
Scotland W,2069,4,April,2.1518,6.2902,4.1471,2.1431
Scotland W,2069,5,May,3.0772,3.3636,0.9049,2.4587
Scotland W,2069,6,June,2.5325,2.2406,0.4431,1.7975
Scotland W,2069,7,July,3.4723,1.1929,0.0019,1.191
Scotland W,2069,8,August,3.9036,0.9891,0.0,0.9891
Scotland W,2069,9,September,3.7198,2.8184,0.3616,2.4569
Scotland W,2069,10,October,2.4195,4.5528,2.3545,2.1983
Scotland W,2069,11,November,3.1157,8.4042,5.459,2.9452
Scotland W,2069,12,December,2.8942,8.668,5.826,2.842
Scotland W,2070,1,January,2.8454,10.9183,8.0795,2.8389
Scotland W,2070,2,February,2.429,9.3721,6.9467,2.4254
Scotland W,2070,3,March,1.9146,8.0241,6.111,1.913
Scotland W,2070,4,April,1.8187,6.2902,4.4765,1.8136
Scotland W,2070,5,May,2.132,3.3636,1.5144,1.8492
Scotland W,2070,6,June,2.7912,2.2406,0.3455,1.8951
Scotland W,2070,7,July,3.5919,1.1929,0.0013,1.1916
Scotland W,2070,8,August,4.1824,0.9891,0.0,0.9891
Scotland W,2070,9,September,4.0158,2.8184,0.2796,2.5388
Scotland W,2070,10,October,3.9014,4.5528,1.2978,3.255
Scotland W,2070,11,November,3.7181,8.4042,4.9272,3.477
Scotland W,2070,12,December,3.2978,8.668,5.4418,3.2262
Scotland W,2071,1,January,2.9713,10.9183,7.9544,2.9639
Scotland W,2071,2,February,1.9479,9.3721,7.4262,1.946
Scotland W,2071,3,March,2.1162,8.0241,5.91,2.114
Scotland W,2071,4,April,2.5361,6.2902,3.7696,2.5206
Scotland W,2071,5,May,3.3262,3.3636,0.7739,2.5898
Scotland W,2071,6,June,4.5949,2.2406,0.0345,2.2061
Scotland W,2071,7,July,3.2529,1.1929,0.0039,1.189
Scotland W,2071,8,August,4.2801,0.9891,0.0,0.9891
Scotland W,2071,9,September,4.1599,2.8184,0.2452,2.5732
Scotland W,2071,10,October,3.9023,4.5528,1.2972,3.2556
Scotland W,2071,11,November,3.8997,8.4042,4.7704,3.6338
Scotland W,2071,12,December,2.6426,8.668,6.0679,2.6001
Scotland W,2072,1,January,2.4739,10.9183,8.4489,2.4695
Scotland W,2072,2,February,2.706,9.3721,6.6713,2.7009
Scotland W,2072,3,March,2.6631,8.0241,5.3658,2.6583
Scotland W,2072,4,April,1.7539,6.2902,4.5409,1.7493
Scotland W,2072,5,May,1.8781,3.3636,1.7056,1.6581
Scotland W,2072,6,June,3.3994,2.2406,0.1784,2.0623
Scotland W,2072,7,July,4.3137,1.1929,0.0001,1.1928
Scotland W,2072,8,August,4.8739,0.9891,0.0,0.9891
Scotland W,2072,9,September,4.2496,2.8184,0.2255,2.5929
Scotland W,2072,10,October,4.2472,4.5528,1.0989,3.4539
Scotland W,2072,11,November,3.4003,8.4042,5.2057,3.1985
Scotland W,2072,12,December,3.2572,8.668,5.4802,3.1878
Scotland W,2073,1,January,1.9397,10.9183,8.9811,1.9372
Scotland W,2073,2,February,2.0386,9.3721,7.3357,2.0364
Scotland W,2073,3,March,2.9767,8.0241,5.0549,2.9692
Scotland W,2073,4,April,2.1611,6.2902,4.1379,2.1523
Scotland W,2073,5,May,3.4603,3.3636,0.7086,2.6551
Scotland W,2073,6,June,3.7166,2.2406,0.1208,2.1198
Scotland W,2073,7,July,3.4437,1.1929,0.0021,1.1908
Scotland W,2073,8,August,4.4051,0.9891,0.0,0.9891
Scotland W,2073,9,September,4.1108,2.8184,0.2565,2.5619
Scotland W,2073,10,October,4.4327,4.5528,1.0005,3.5523
Scotland W,2073,11,November,3.5544,8.4042,5.07,3.3342
Scotland W,2073,12,December,2.8794,8.668,5.8402,2.8278
Scotland W,2074,1,January,2.8362,10.9183,8.0885,2.8298
Scotland W,2074,2,February,2.6924,9.3721,6.6848,2.6873
Scotland W,2074,3,March,2.1994,8.0241,5.8271,2.197
Scotland W,2074,4,April,2.3367,6.2902,3.965,2.3251
Scotland W,2074,5,May,2.7698,3.3636,1.0842,2.2795
Scotland W,2074,6,June,2.8062,2.2406,0.3404,1.9002
Scotland W,2074,7,July,2.9459,1.1929,0.0095,1.1834
Scotland W,2074,8,August,3.879,0.9891,0.0,0.9891
Scotland W,2074,9,September,3.6296,2.8184,0.3897,2.4287
Scotland W,2074,10,October,3.9877,4.5528,1.2463,3.3065
Scotland W,2074,11,November,3.674,8.4042,4.9656,3.4386
Scotland W,2074,12,December,3.1241,8.668,5.6066,3.0614
Scotland W,2075,1,January,2.5863,10.9183,8.337,2.5813
Scotland W,2075,2,February,2.0808,9.3721,7.2937,2.0785
Scotland W,2075,3,March,2.7093,8.0241,5.3199,2.7041
Scotland W,2075,4,April,2.362,6.2902,3.9402,2.35
Scotland W,2075,5,May,2.6735,3.3636,1.1442,2.2194
Scotland W,2075,6,June,3.14,2.2406,0.2397,2.0009
Scotland W,2075,7,July,4.2308,1.1929,0.0001,1.1928
Scotland W,2075,8,August,4.9946,0.9891,0.0,0.9891
Scotland W,2075,9,September,4.4823,2.8184,0.1801,2.6383
Scotland W,2075,10,October,4.4486,4.5528,0.9923,3.5605
Scotland W,2075,11,November,3.6903,8.4042,4.9513,3.4529
Scotland W,2075,12,December,3.4747,8.668,5.275,3.393
Scotland W,2076,1,January,3.0156,10.9183,7.9104,3.0079
Scotland W,2076,2,February,2.1809,9.3721,7.1939,2.1783
Scotland W,2076,3,March,2.8687,8.0241,5.1619,2.8622
Scotland W,2076,4,April,2.6563,6.2902,3.6523,2.6379
Scotland W,2076,5,May,3.3232,3.3636,0.7753,2.5883
Scotland W,2076,6,June,3.8764,2.2406,0.098,2.1426
Scotland W,2076,7,July,4.9387,1.1929,0.0,1.1929
Scotland W,2076,8,August,5.6504,0.9891,0.0,0.9891
Scotland W,2076,9,September,4.6839,2.8184,0.1469,2.6715
Scotland W,2076,10,October,4.0377,4.5528,1.2171,3.3357
Scotland W,2076,11,November,3.571,8.4042,5.0555,3.3487
Scotland W,2076,12,December,3.6075,8.668,5.1505,3.5175
Scotland W,2077,1,January,2.4402,10.9183,8.4824,2.4359
Scotland W,2077,2,February,2.5742,9.3721,6.8023,2.5699
Scotland W,2077,3,March,2.2734,8.0241,5.7534,2.2706
Scotland W,2077,4,April,2.297,6.2902,4.0041,2.2861
Scotland W,2077,5,May,2.8485,3.3636,1.0365,2.3271
Scotland W,2077,6,June,2.715,2.2406,0.3725,1.8681
Scotland W,2077,7,July,3.794,1.1929,0.0006,1.1923
Scotland W,2077,8,August,4.8205,0.9891,0.0,0.9891
Scotland W,2077,9,September,4.1104,2.8184,0.2566,2.5618
Scotland W,2077,10,October,4.2194,4.5528,1.1142,3.4386
Scotland W,2077,11,November,3.5628,8.4042,5.0627,3.3415
Scotland W,2077,12,December,3.4517,8.668,5.2966,3.3714
Scotland W,2078,1,January,2.2537,10.9183,8.6681,2.2502
Scotland W,2078,2,February,2.2062,9.3721,7.1687,2.2035
Scotland W,2078,3,March,2.3657,8.0241,5.6616,2.3625
Scotland W,2078,4,April,2.5758,6.2902,3.7308,2.5594
Scotland W,2078,5,May,2.873,3.3636,1.0219,2.3417
Scotland W,2078,6,June,3.9431,2.2406,0.0897,2.151
Scotland W,2078,7,July,4.1879,1.1929,0.0001,1.1928
Scotland W,2078,8,August,5.0874,0.9891,0.0,0.9891
Scotland W,2078,9,September,4.5564,2.8184,0.1672,2.6512
Scotland W,2078,10,October,4.4783,4.5528,0.9771,3.5757
Scotland W,2078,11,November,3.771,8.4042,4.8813,3.5229
Scotland W,2078,12,December,3.24,8.668,5.4965,3.1715
Scotland W,2079,1,January,2.9413,10.9183,7.9842,2.9341
Scotland W,2079,2,February,3.1509,9.3721,6.2298,3.1424
Scotland W,2079,3,March,2.7366,8.0241,5.2929,2.7312
Scotland W,2079,4,April,2.7091,6.2902,3.601,2.6892
Scotland W,2079,5,May,3.5657,3.3636,0.6598,2.7038
Scotland W,2079,6,June,3.4688,2.2406,0.1642,2.0764
Scotland W,2079,7,July,4.3179,1.1929,0.0001,1.1928
Scotland W,2079,8,August,5.5959,0.9891,0.0,0.9891
Scotland W,2079,9,September,4.5836,2.8184,0.1627,2.6557
Scotland W,2079,10,October,4.3928,4.5528,1.0212,3.5316
Scotland W,2079,11,November,4.1739,8.4042,4.537,3.8672
Scotland W,2079,12,December,3.0933,8.668,5.6358,3.0322
Scotland W,2080,1,January,2.9871,10.9183,7.9387,2.9796
Scotland W,2080,2,February,2.5294,9.3721,6.8468,2.5253
Scotland W,2080,3,March,2.3096,8.0241,5.7174,2.3067
Scotland W,2080,4,April,2.7098,6.2902,3.6002,2.69
Scotland W,2080,5,May,2.5532,3.3636,1.2217,2.1419
Scotland W,2080,6,June,3.6713,2.2406,0.128,2.1127
Scotland W,2080,7,July,4.77,1.1929,0.0,1.1929
Scotland W,2080,8,August,5.2352,0.9891,0.0,0.9891
Scotland W,2080,9,September,4.278,2.8184,0.2195,2.5989
Scotland W,2080,10,October,4.9252,4.5528,0.7668,3.786
Scotland W,2080,11,November,4.4898,8.4042,4.2735,4.1307
